Row ID,452,453,454,455,456,457,458,459,460,461,462,463,464,465,466,467,468,469,470,471
75,0,947.38214,260.41028,509.60336,0,891.06494,412.00256,140.65735,303.0203,537.78534,414.12366,273.9359,0,435.8124,0,188.83978,265.86844,445.374,192.54622,346.76196
116,0,344.41394,287.08356,145.40215,0,0,178.19345,119.22057,311.0915,0,511.63626,0,275.6298,481.28345,296.8987,350.37827,255.74007,441.93924,382.0845,0
167,0,854.1256,0,912.5204,0,530.4078,0,664.0939,0,266.8613,0,711.3747,791.51556,0,0,771.9741,0,0,1428.2428,848.18933
168,391.25754,0,541.02527,0,145.04259,0,566.47864,0,495.99542,0,803.4931,0,0,1336.5049,748.89246,0,580.0357,703.0562,0,0
169,490.32733,1020.9947,600.8494,983.035,259.33395,678.74664,637.0452,630.86035,562.7646,368.48984,1003.2288,834.2819,861.181,1527.3798,905.9853,825.91284,742.3028,860.1015,1660.4207,923.77075
171,0,577.14886,487.73166,350.27188,0,823.75073,350.27686,244.8513,1023.9373,769.0651,1060.577,983.2652,2130.108,2533.8525,1624.7441,2630.164,1985.4243,1584.4355,3270.7656,1738.8989
207,0,0,168.14873,180.85046,0,143.88782,171.18558,167.44254,244.10208,200.76083,486.7008,234.36166,229.17657,190.5108,164.53287,303.0812,157.8223,177.075,242.5543,172.3787
209,0,288.58707,208.13385,163.54028,176.41345,274.2541,112.743095,150.55957,126.37524,237.05786,236.34875,166.16298,166.26717,146.64622,132.61148,242.85019,169.22949,216.14487,203.96068,139.64143
215,93.53013,601.31793,577.0198,788.10846,0,0,748.2186,0,399.07465,1872.8392,612.2423,0,0,230.81314,0,0,0,274.5893,0,0
232,158.52719,506.8852,174.01285,332.75253,113.22831,610.4531,197.1369,399.07257,259.53543,248.26968,164.12071,330.80975,321.54477,309.48947,278.234,261.73373,150.11148,349.21603,284.4385,383.4693
263,296.4124,750.5586,226.0777,314.76862,287.77557,471.40414,436.41022,294.5794,223.65753,185.42723,494.26282,0,307.01892,354.612,318.8176,474.59177,317.72168,398.9814,412.14633,483.3816
265,0,498.23254,183.99226,326.27338,0,468.95276,389.3276,201.89914,394.50552,492.4609,363.5788,773.17566,298.26068,251.21089,434.1341,202.64261,506.63016,681.5551,781.9664,711.4332
273,0,647.18207,291.79007,346.1118,0,354.76202,0,0,128.67685,267.8192,232.61061,172.63205,165.48042,302.14258,0,229.88411,175.03725,177.7674,224.43298,242.58804
281,0,553.36835,325.2242,572.0304,0,0,290.3624,344.60535,0,0,0,0,0,0,0,129.60179,0,0,218.23358,200.91464
282,130.54646,372.20316,323.212,433.56088,0,102.01112,307.31982,174.54613,0,0,0,0,0,0,0,0,0,0,101.55215,0
287,496.5876,1684.2498,794.6511,918.7747,315.03372,1010.50476,667.53656,498.42194,830.4893,755.84937,1750.3701,1057.333,827.466,1238.9183,736.6331,1091.1257,898.8713,1167.8502,1083.2635,753.2206
289,798.82336,3015.901,950.55566,1846.614,424.29883,1443.0873,1085.6675,1112.5043,1018.18353,823.2493,1551.5093,1562.0045,1467.5698,2542.3245,1523.4893,1414.3196,1211.4003,1652.8495,2801.1514,1665.5765
301,0,0,0,0,0,0,0,0,0,0,0,0,0,295.95013,0,0,97.0447,234.38734,205.63687,109.60402
332,0,889.2331,270.8131,348.0957,0,562.2998,100.632225,0,329.4673,350.97803,467.19092,477.45038,677.33026,528.08093,384.68158,575.0512,264.13354,372.6155,737.2109,451.04684
336,216.72687,5307.6636,0,0,289.8077,1836.5059,153.95822,269.78677,193.53653,421.79364,495.1979,725.06165,1720.0228,1072.8354,923.3536,1701.0437,652.96265,1442.1876,2341.1494,2019.218
352,231.59286,109.174286,232.04475,187.1632,82.31266,352.11047,106.574745,173.45169,0,0,0,0,0,0,0,0,0,0,0,0
357,0,530.98267,4434.827,927.4563,0,0,447.7502,167.31586,0,0,0,0,0,388.98734,0,0,0,0,1003.433,0
359,517.06195,2480.2617,2008.1932,1429.3955,0,2439.2793,1996.5585,715.76294,1278.6279,1773.102,1986.6099,1165.7731,642.54956,2419.497,1388.9307,1245.1726,2285.1228,2770.3396,3047.4988,1820.9138
375,0,438.84366,220.66393,0,0,0,0,0,0,0,176.24101,0,0,184.17255,746.14026,276.019,0,0,259.37094,0
385,128.96252,1970.6593,622.5167,786.4282,157.01541,1300.5255,585.63776,315.0681,269.68448,683.58075,721.6301,802.6529,0,1238.9686,173.4015,883.8208,858.3715,1430.735,1778.6201,1620.2223
387,0,0,0,0,0,0,0,0,0,0,265.4515,0,0,0,0,0,0,223.89053,368.33328,241.90698
388,0,0,0,0,0,265.73962,512.5254,176.49364,0,0,0,0,0,0,0,0,0,0,0,0
392,138.11046,0,0,0,0,0,0,0,0,0,0,0,119.48781,0,296.10913,319.1078,0,0,0,0
398,344.9475,1349.7283,634.24554,1188.6013,204.93199,941.5715,622.554,763.5557,319.72638,660.47894,639.79944,875.7498,812.9472,707.7797,515.8879,665.3023,505.489,678.19354,1244.2833,985.26965
399,0,451.704,177.64703,303.11777,0,297.1405,112.73949,125.39309,0,0,261.31247,224.69734,287.7751,0,312.96173,320.3115,182.45268,154.0036,264.58804,210.88545
401,410.7727,2921.883,848.8207,2210.728,452.38715,2083.8826,1028.2482,1050.773,1359.319,1820.5262,2923.827,1251.6656,453.70065,1001.9688,525.6721,398.68893,392.51297,646.19586,907.6924,654.6221
407,1471.8765,748.09906,725.6136,1382.333,812.0014,484.74014,631.0928,1201.012,0,0,0,0,0,0,0,0,0,0,0,183.38467
411,141.23068,604.07587,222.70781,793.1081,0,299.0787,174.1346,557.69507,119.27393,0,241.73904,173.20125,0,0,113.714386,286.49445,0,166.6805,591.59607,587.48126
425,0,348.9652,503.27917,254.14363,0,251.41031,0,0,150.14546,184.15137,189.75925,0,91.85724,329.2407,0,104.642235,0,173.65071,291.18842,152.91553
429,0,0,280.38303,0,0,0,201.2567,0,0,0,0,0,0,0,0,0,225.96991,974.4085,82.958176,0
442,2882.1118,29600.076,12129.488,17273.414,3066.363,18357.236,11248.109,8429.507,11281.27,16180.644,9281.787,11740.521,5586.2324,7445.5205,6090.46,7493.4526,14627.518,23364.156,13695.095,13771.487
454,764.2806,4363.3345,2258.458,3318.396,242.66052,2038.6134,908.3536,1155.3221,1434.524,1333.1686,1858.0079,1976.7786,2569.7012,1862.9059,1427.22,2438.8147,974.92584,1297.2916,2717.861,1412.2965
455,633.21924,3802.144,1879.2489,2329.2217,187.337,1733.1259,647.45715,959.2035,1075.4241,926.1123,1434.6658,1488.3124,1861.9814,1701.5377,1372.571,1834.2126,778.0158,1093.2406,2324.1729,1307.6558
456,0,789.8759,447.42114,646.0835,0,752.40686,351.6626,371.00433,0,0,0,0,0,0,0,0,0,0,0,0
483,0,0,0,0,0,0,0,169.79044,0,0,0,0,119.671165,0,0,0,141.97687,0,254.95772,397.67444
495,0,209.15942,90.24497,147.9256,0,247.78098,0,0,0,0,0,0,0,0,0,0,223.23703,391.4205,192.82576,125.35704
498,0,413.82513,160.14804,348.5337,0,191.59283,159.72774,145.89223,0,116.419716,121.19329,114.93185,0,104.294785,0,113.96269,176.49583,152.56609,134.54741,143.30373
505,16544.646,33744.598,22478.879,31676.377,0,27703.838,18344.428,23071.898,15233.405,0,0,22715.896,23785.025,22586.047,9576.242,21893.566,16200.051,15702.392,26168.713,19604.182
506,680.55096,1015.0838,267.14035,610.5179,655.2719,493.5036,0,2021.4971,343.72842,146.64256,79.76381,423.48572,1957.4854,293.21628,281.86267,1406.7435,233.5286,234.6228,621.3644,440.29547
507,2510.8318,1321.2665,1795.4366,2502.3457,3761.2595,510.88797,0,3165.4834,1418.2181,0,0,1701.4048,2814.7217,1653.1526,1347.2637,2263.968,967.13086,950.6601,1435.5725,1140.0587
514,0,0,246.33202,472.8865,0,380.6028,760.41425,360.8588,0,0,451.27374,0,0,0,0,0,0,0,0,0
515,145.88882,1474.2266,2342.8933,1728.8193,236.2745,1907.5945,1525.9746,1004.6505,0,796.4886,0,0,0,0,0,0,0,0,2752.4167,1452.1606
516,0,1305.9207,8197.896,1804.3451,215.68373,1030.4572,975.0677,525.51337,365.01093,0,0,0,752.7395,1145.7377,0,0,0,0,2946.5823,1356.3246
520,813.01373,1317.4971,963.9695,2083.5051,269.27985,0,672.0739,905.6623,0,0,0,0,0,0,0,0,0,0,0,0
525,250.84964,0,774.9965,313.40472,0,0,278.52792,333.16797,177.13335,598.7774,479.18478,785.2008,212.08562,0,546.09155,233.976,280.8236,0,0,0
526,527.8055,251.6715,331.70862,460.56232,762.64886,0,0,635.44434,193.94307,0,0,210.79655,527.7864,301.16934,0,323.02814,0,0,267.58136,168.17416
532,0,654.8623,107.83904,198.31676,0,937.1531,600.38257,295.7974,0,0,0,0,0,0,0,0,0,0,0,0
535,3488.7644,1221.0974,1508.5648,3304.3843,4152.6157,0,2046.6478,3662.7751,0,0,0,0,315.18237,0,0,0,637.3415,0,0,403.8761
537,169.6348,446.47134,2237.3247,0,0,243.1262,0,0,785.5091,748.1916,766.1837,963.32135,1638.1466,552.3384,647.2542,949.52386,675.3488,172.37845,706.99603,0
538,0,486.67972,309.79446,70.90203,0,110.94701,137.44037,0,0,0,0,0,0,97.75594,0,0,559.6321,1469.2551,289.57114,134.82
540,94.77178,185.90366,162.61629,140.55753,0,0,0,0,0,0,116.3914,87.049095,0,181.4867,163.52661,134.0935,171.36005,133.51387,240.9141,168.21117
549,0,411.75763,394.68735,217.66965,0,477.07416,279.12128,0,677.1958,548.95715,766.6688,654.1549,1137.3357,1479.2188,1229.2362,1490.0219,1568.2521,1051.7925,2201.6584,1054.2672
569,540.74866,511.37323,653.76666,559.9125,577.22437,694.3936,539.89417,557.1839,569.6356,791.8504,618.1754,779.1587,719.7242,510.13242,591.88165,749.1086,580.13885,722.74396,516.00726,862.36334
575,454.30872,271.4111,401.95078,475.9187,0,523.00793,327.24683,587.8456,0,0,0,0,216.46307,0,0,0,2086.863,0,0,0
588,0,485.1287,125.20001,0,0,316.1514,108.174385,0,194.04308,182.24283,387.04257,217.15027,234.37549,864.9539,289.19812,210.57733,369.4388,421.46545,876.3208,270.64792
589,0,530.3245,0,0,0,395.76572,0,0,330.2877,528.7286,504.37646,208.03777,202.77573,0,0,0,0,208.14313,0,167.68904
591,0,0,225.90152,358.24042,0,430.9379,263.4565,285.0076,0,0,0,0,0,0,0,0,0,0,0,0
614,0,0,0,0,0,0,0,0,175.0072,273.52313,206.6135,157.47827,0,203.99878,141.33386,211.52498,98.59216,163.5084,222.83075,0
627,0,630.17566,4081.4988,946.2281,122.10126,638.1136,430.88687,449.03177,0,237.42314,0,0,134.1439,321.4444,0,0,0,0,1190.9729,465.47214
628,0,1227.3297,777.9309,640.737,0,449.03378,431.35986,0,0,0,499.5742,0,0,677.5217,390.9112,734.3908,466.30524,584.4396,854.85974,737.12085
632,1971.9893,3380.8232,2021.011,1620.5037,1631.534,1531.3912,2530.9407,1745.1486,2096.604,1259.013,3597.169,925.125,2455.9224,3445.1917,4419.4727,3300.5562,2595.2913,3354.544,3486.8289,3290.8364
633,330.86246,0,216.53131,258.95618,0,0,158.38991,238.14207,0,0,0,0,611.59546,0,796.928,1083.7909,280.79797,0,248.54172,397.86893
634,991.96783,2242.8606,1010.41473,1066.103,942.71545,1427.5688,1313.6047,1199.232,734.9051,721.9025,1511.7765,595.7828,1127.0713,1243.6866,1011.0276,1437.3643,958.12646,1445.5966,1453.773,1720.933
636,89.473236,206.57217,0,284.66223,0,0,93.54259,125.19341,0,0,0,0,0,0,0,0,0,0,0,0
637,0,328.51566,135.49774,0,0,241.87314,138.36597,0,0,0,94.62374,0,0,119.44708,0,0,117.077225,135.5599,142.44768,197.45508
646,0,0,0,205.24585,0,279.5242,149.92838,0,0,0,275.2997,82.953354,0,201.6833,0,0,121.30545,215.52036,346.98108,0
647,0,389.5347,0,250.32251,0,273.84583,137.62914,111.64561,0,0,135.21709,0,0,0,0,0,0,130.787,126.44653,137.7829
649,0,647.3725,0,537.353,0,839.1651,2554.781,536.9854,210.22095,0,4056.4824,439.4184,0,0,0,0,775.11035,233.98033,797.98065,957.46783
652,291.6361,1029.771,1210.9751,895.43536,235.04736,1863.132,612.1228,675.9884,806.86444,628.6503,0,1099.529,788.35126,1074.3768,1176.0688,866.9057,2129.803,1349.1241,1306.9114,1326.4174
657,0,155.01808,278.1998,166.07152,0,69.66211,0,0,0,0,0,0,0,0,0,0,0,0,0,0
658,0,368.60028,204.18588,0,0,0,0,0,0,138.90063,0,0,0,124.679955,0,160.68178,311.18573,441.98587,282.26013,0
666,176.075,780.2934,574.0531,515.1334,176.31006,400.49304,483.15826,632.76996,0,0,0,0,0,0,0,0,125.97719,0,254.65736,0
668,500.5045,2162.462,868.16345,1847.1993,367.36514,1302.3843,846.69495,1231.9009,382.4173,536.957,564.1278,609.7653,523.929,622.6502,421.29907,551.99396,400.83548,539.1952,1052.9255,824.28613
670,164.9811,868.5488,330.32968,562.44855,0,424.29282,281.45667,358.59412,126.91149,356.45572,235.04152,195.49785,117.31111,183.15329,92.42887,215.8911,164.3021,179.35522,315.70883,222.26675
671,183.34265,1414.0483,607.04407,793.43164,189.60371,503.8421,316.128,549.10175,182.78401,248.08092,308.1763,337.31302,233.58829,316.34293,0,283.20642,261.39548,273.66458,355.17557,399.32544
686,232.96817,0,2823.3564,0,0,0,28425.348,614.0767,2065.0574,1163.3506,1241.7875,2385.9683,2815.5476,1820.9626,5278.0825,6569.6006,47926.29,4992.145,15464.524,5994.343
699,675.6127,400.1568,125.07271,604.2124,931.82635,375.64117,1232.8883,1166.8491,168.9306,0,778.46313,311.23575,639.76184,1032.7758,357.37656,448.89395,330.97034,378.71277,915.7977,733.281
702,11579.914,50499.816,20101.75,42410.484,6619.985,33198.254,16497.504,17638.99,13939.088,16262.429,25577.508,17999.074,10002.61,20503.605,11281.99,10724.818,10393.357,15774.386,21554.762,16832.809
704,374.609,0,539.65784,1528.3989,224.94864,880.22266,461.33618,0,464.62848,644.10645,710.2533,978.69135,744.09143,556.9353,574.09705,620.71735,468.35617,485.1204,1080.8965,808.5128
705,261.9661,653.4784,346.4254,602.5376,131.26302,469.32364,390.6175,376.90604,358.00858,282.36252,553.9676,520.8165,521.59875,955.6322,461.4462,425.6676,477.93155,540.2983,944.718,577.7014
706,588.36896,0,1128.6901,0,364.21564,0,487.9486,0,531.75867,0,1157.196,0,709.9677,577.3028,586.7885,0,511.07397,704.94354,0,0
733,225.55725,1307.4847,604.51666,430.6123,140.26414,1726.9475,415.71255,646.01483,308.5328,0,425.2321,0,412.46164,367.67596,214.44905,302.42877,781.91925,589.09106,986.46857,934.57513
752,0,340.55966,248.94534,168.42917,0,123.269135,0,0,0,0,0,0,0,114.54543,0,0,427.34787,880.1323,269.06525,132.2357
757,99.67702,319.74652,0,182.12637,0,193.94646,150.61853,0,0,0,141.82243,0,0,0,0,0,150.51454,0,0,126.15883
759,60687.617,46589.195,54802.41,50695.97,40507.434,50331.9,56096.902,57865.496,62180.164,68879.9,64795.75,53396.07,55348.004,56219.2,67525.69,56974.746,63150.76,61935.58,50525.645,57558.355
761,2430.7227,0,2234.564,1499.3894,5960.6616,0,1174.4833,0,2184.727,0,1269.0607,1371.135,1989.3372,1641.0563,2499.5022,0,1365.1765,1716.386,1069.0273,1392.7539
763,2366.8733,0,0,0,7559.8027,0,2006.5845,0,3013.4185,0,3500.9783,0,17461.537,0,3208.8171,16155.413,1292.5493,0,4455.695,5271.4224
768,299.97333,748.5043,1064.0862,485.34836,246.62546,1323.6497,930.3679,693.1294,0,0,0,0,0,0,0,0,0,0,0,0
772,0,0,0,0,0,0,0,83.54462,216.05377,0,0,208.9808,396.2182,229.32988,0,644.68933,0,0,0,0
788,1845.812,32225.277,1732.0149,0,1543.8391,11336.552,2246.5903,3203.3508,1936.7247,2643.6128,3753.2825,3915.142,12974.02,8102.813,5522.8623,13886.099,4679.6313,7236.5923,16706.484,12400.512
799,0,0,0,204.76045,0,0,0,316.10117,0,0,445.2079,0,1050.6558,1167.3575,0,1061.0569,780.89856,0,1340.4534,0
805,0,0,0,0,0,596.37445,782.0935,353.67926,0,0,0,0,0,0,0,0,0,0,0,0
808,652.5744,486.5347,1014.00476,0,268.2844,0,706.12415,580.04877,664.9261,947.01447,0,587.35925,0,0,347.8895,496.94052,970.08417,598.13116,0,836.0211
809,953.289,2821.533,2684.1777,2653.5269,848.8143,1870.2816,1091.3365,2016.7739,768.5356,1413.3539,3244.9744,2232.9504,2214.4824,860.5415,3181.8486,1550.4893,1868.2305,1570.7267,1731.0355,1987.4518
814,0,272.12314,0,0,0,307.44937,326.66287,132.43446,143.236,298.2415,259.07953,175.60745,296.71957,315.54132,157.8104,244.50423,237.77751,279.88382,410.29657,241.92413
815,226.64946,485.21008,348.25443,595.47266,0,308.33365,192.36177,149.31706,202.87099,0,258.85217,171.96245,0,117.776024,139.84848,0,167.88452,212.37906,195.68323,155.9054
821,129.85054,1048.649,1105.0901,574.9006,80.63845,622.39453,317.95026,0,0,0,301.01117,0,0,281.49612,0,264.14523,285.57504,0,552.5761,467.5089
822,0,263.63815,229.20265,270.41858,0,658.49554,201.22641,123.518524,103.76394,217.81485,0,123.84363,0,159.18208,0,142.92734,145.52951,177.1161,159.83417,0
823,840.2424,4852.7266,3114.7922,3960.036,401.00067,2813.3374,1740.1349,2208.1697,1224.8948,1593.7573,2027.2892,1821.3213,2286.1226,1932.5743,1347.3906,2369.544,1340.3488,1881.6254,3329.6013,1719.9689
827,0,491.70355,406.6676,298.14374,0,0,0,0,0,0,0,0,0,0,0,0,0,0,143.56456,0
828,0,258.91104,183.29597,186.82152,116.456894,1361.8828,689.3472,387.43124,0,0,0,0,0,0,0,0,0,0,0,0
829,157.28258,785.98724,423.2277,387.40198,105.82211,838.3894,458.92767,335.4432,946.8445,732.19666,1011.49854,1165.1848,1190.6555,1672.1746,970.8225,1243.6631,910.2443,1497.5748,2141.0867,1300.6396
838,255.4351,551.97455,256.9501,456.29675,0,150.55156,88.24984,0,268.5323,0,469.78644,0,0,0,583.8869,185.70064,398.52466,344.0353,312.80554,310.74396
839,158.12878,588.57983,459.8469,710.3758,177.42207,0,333.70914,420.28604,0,0,0,0,0,0,0,0,0,0,0,0
842,903.23395,2274.3809,1715.2966,2380.6897,649.378,1731.784,1723.841,2017.2534,1336.888,761.8688,1283.9459,1558.8192,1614.3762,2203.5376,2085.2395,1533.8567,1668.2163,1851.1729,2963.645,1962.1807
846,0,409.0761,0,0,0,221.83765,127.0278,148.4699,0,194.65729,0,168.93265,0,159.13292,113.43349,271.43185,259.21188,219.7809,555.03986,245.88521
860,651.3769,2899.7124,1171.3796,2526.3242,417.53308,1873.575,967.15515,1064.1155,936.3422,1037.0348,1692.302,1061.3198,600.62897,1277.7882,652.7436,580.84845,614.5348,912.07874,1240.1864,1004.5352
861,0,743.3167,321.1731,453.79105,0,392.202,201.16261,260.60388,144.10402,197.34152,315.93915,0,137.97473,224.96649,132.6018,178.34068,205.96854,219.87952,362.113,347.51562
865,0,415.71866,190.41348,312.81683,0,262.26187,129.44592,0,0,238.4695,196.0831,203.90712,0,236.83426,0,0,118.83443,149.76523,227.95192,274.44022
884,190.92755,1109.973,442.48526,477.20068,0,515.65765,306.1695,183.85762,179.528,498.8447,367.39047,258.00024,208.54546,426.2948,171.2726,368.6132,350.777,306.05743,409.99673,347.89832
896,158.01068,985.5423,332.31158,401.47238,161.23967,648.8253,256.4779,322.79395,0,342.74432,235.649,310.75256,311.14667,243.31966,168.59024,368.2548,206.8315,346.76495,290.66473,316.6367
901,0,0,0,0,0,0,140.00429,152.02153,0,262.28036,0,223.92679,0,0,0,614.60266,0,0,263.49252,228.27464
902,830.2991,8309.936,5764.529,3811.0762,697.7534,4683.951,11563.169,3032.8108,6270.1646,23464.094,11998.55,20715.05,11704.659,4649.372,21351.309,17313.436,10789.248,13972.479,28793.543,11506.227
903,3513.4873,18386.287,11094.464,8186.7065,732.559,4298.5864,2409.7778,3783.1965,1550.0162,1554.141,6087.9927,2567.9841,7973.8047,2382.8997,4237.8477,9275.903,2830.0264,2958.369,3539.3538,4042.4954
926,130.7171,8221.68,2307.7551,0,1180.0095,0,0,0,0,0,0,0,0,0,0,0,0,0,0,0
927,0,433.1009,181.42105,204.42758,0,192.66707,0,0,163.64752,112.106575,398.36356,212.1494,307.13516,265.2514,117.18026,402.0033,153.09955,199.54184,332.95236,282.84427
928,0,1138.7753,430.27005,545.9365,0,504.25363,0,207.00093,186.48419,196.27538,284.12378,310.09106,448.88934,347.44388,217.03003,435.6456,149.95003,229.2546,619.3976,325.3141
929,0,1325.3203,457.23074,694.5796,0,619.12994,125.26032,210.26436,178.90096,273.5244,399.4988,388.74097,481.56458,353.98965,274.1673,578.875,189.0572,278.7669,766.868,320.55988
935,8383.721,10695.32,8039.752,14348.916,5005.23,2301.5437,8589.736,14571.245,0,0,0,0,0,0,0,0,0,0,0,0
939,236.87215,1148.5355,474.02133,813.40515,101.1149,812.5121,341.34293,543.1366,0,274.73184,186.9406,209.77827,350.7959,219.29399,143.11577,324.17734,306.70312,170.1011,402.42465,384.87735
940,230.95323,859.56195,506.52634,567.5757,0,484.70728,353.4701,378.53415,0,165.47485,0,0,165.55913,0,0,121.399574,120.98724,0,0,253.90361
942,158.815,518.9482,301.44894,346.80176,0,717.7159,197.5625,257.66107,0,0,0,0,0,0,0,107.53764,151.62538,0,0,206.90671
943,162.64767,1326.3927,1277.3562,458.78143,178.44225,1649.3439,1040.5001,389.91797,616.4201,1322.6368,1435.9465,931.064,1694.3031,1754,1206.8064,2082.5142,1178.0931,1775.9008,2209.901,1966.06
948,166.87659,1416.8907,753.26544,352.5625,0,3597.1409,389.97107,138.3955,1428.4365,1296.8993,4055.4812,2255.3308,1898.909,1718.422,1099.4434,2288.6301,912.81305,1451.9246,3055.9043,2896.8362
950,0,0,0,0,0,0,0,0,127.279236,410.03528,1088.4747,478.3598,0,0,125.02082,107.91542,0,0,193.5446,0
952,0,0,0,0,0,0,0,0,0,0,0,0,127.17888,0,0,99.62022,102.13887,86.218445,213.17758,118.81192
953,0,0,0,0,0,0,152.15005,0,104.4863,0,212.50851,144.59953,273.69916,170.66452,137.64413,279.20825,230.11334,153.69131,393.8271,234.23456
957,0,0,0,0,0,0,0,0,0,0,283.60406,0,199.93507,250.92126,361.93488,241.15714,147.73158,198.18405,290.0958,291.03824
971,0,0,167.26216,0,0,0,0,0,127.397606,395.5246,222.82724,289.33026,226.12616,158.7971,156.79454,255.93959,0,164.97777,295.03702,0
972,0,709.6313,0,376.579,0,167.7448,92.1386,0,0,0,0,0,0,0,0,0,0,0,105.61393,0
983,0,315.11328,0,0,0,344.869,0,0,224.90736,401.0524,393.15985,160.83119,163.50182,0,0,126.708954,0,0,0,150.88734
984,738.0153,1109.7207,455.4213,590.59357,173.85226,507.89276,322.04495,487.3726,371.70474,506.15198,617.146,448.56604,1441.3802,397.44495,1858.8602,2482.2363,639.99457,376.97568,571.5635,947.82117
986,0,0,0,0,0,172.3562,81.464554,0,0,0,303.28012,0,0,181.4784,0,0,124.54288,168.61226,259.79642,0
991,285.15485,975.15814,421.89304,756.0965,181.08963,719.06775,307.5618,508.8708,118.94335,191.56532,0,177.46707,186.09853,205.67784,130.93118,167.935,0,0,346.89642,303.9577
1000,0,0,119.33208,0,0,0,0,0,178.52228,176.56021,162.05876,345.62137,222.90034,148.36745,0,198.20615,107.580894,0,0,0
1005,125.901215,155.94702,180.07758,0,165.9753,138.4691,0,170.03078,0,130.3,162.16699,106.56407,0,111.99502,155.26367,141.55806,0,135.8528,0,0
1008,0,480.2772,153.04782,203.5154,0,0,117.2536,78.46369,0,170.6731,0,116.91847,166.34647,192.34798,201.15048,366.76987,101.845345,218.51314,0,150.94382
1013,1957.5468,3653.744,14005.05,2435.2612,821.4651,3107.308,2837.5513,1958.2172,5129.613,5728.2344,5386.39,6615.348,9970.697,3868.0054,4603.524,6058.397,5110.3022,2231.774,4877.965,1690.6333
1018,0,370.8391,844.71533,114.23151,0,0,0,0,0,0,103.96453,0,0,0,0,0,0,0,165.5706,0
1022,1408.2655,1185.1794,1029.4977,1038.0548,2126.6614,1431.8699,912.26465,2436.8535,800.3981,1845.9681,1096.7833,1676.2653,1745.1665,793.48035,967.7605,2143.223,745.2246,692.8238,1358.9261,887.12305
1029,0,702.2935,290.5501,216.07043,0,1065.0906,422.49652,0,154.43755,0,434.9451,0,282.48898,507.48077,277.90506,395.82587,283.76785,555.1523,217.35527,443.30685
1038,0,424.80374,0,258.98358,0,288.0068,229.64667,0,140.24385,242.00125,0,0,0,208.52626,141.84724,0,281.4275,319.43384,461.30475,255.33073
1046,0,0,0,0,0,0,0,0,964.9736,3203.8184,921.4656,0,0,533.56934,0,0,0,414.15564,0,0
1074,0,0,0,0,0,98.34902,0,122.336655,0,316.04446,0,242.55771,0,0,0,133.79451,0,0,128.45796,0
1085,0,0,0,0,0,0,0,0,0,0,0,0,111.90607,0,242.5884,234.41585,97.292786,0,0,0
1086,0,0,0,0,0,0,0,0,157.11887,0,0,0,479.60077,0,769.8967,629.57886,0,0,0,0
1087,467.8007,82628.89,9765.999,365.79266,4642.404,183.0576,164.91483,425.2336,0,0,0,0,0,0,0,0,0,0,0,0
1094,0,0,0,0,0,217.19597,0,114.18574,0,266.06085,349.54697,252.52771,381.65466,371.57404,275.42932,555.5581,321.78464,366.0477,557.9434,354.79578
1097,0,0,0,0,0,257.96664,319.44888,190.7632,0,0,0,0,0,0,0,0,0,0,0,0
1105,0,0,338.2505,247.85817,0,486.40225,248.53697,336.542,0,0,0,0,0,0,0,0,0,0,0,0
1120,137.67946,289.51047,776.62164,624.9146,0,0,473.2082,336.07193,112.28122,340.51782,847.5345,339.6605,0,0,0,195.62683,0,0,0,0
1123,0,0,0,0,0,198.49435,0,0,235.74373,354.72522,172.76224,249.56631,432.66364,193.26527,289.8837,383.99646,0,0,220.84358,247.10284
1124,0,0,0,0,0,330.21912,0,0,293.23193,534.7478,897.3065,525.79095,448.84064,291.98413,575.7335,831.31635,649.5194,490.8486,940.7707,682.0534
1139,275.35782,5900.5176,1176.8904,2071.6099,299.76318,7029.209,2018.0588,1456.2443,1381.642,2109.4504,2785.0747,1862.9785,2824.1152,3687.869,2185.8704,4623.1816,2396.4932,3265.1975,4276.5156,5119.7017
1140,96.23683,691.9462,188.65614,375.3506,0,339.10355,164.36954,0,0,249.53006,201.77385,236.59384,215.43709,251.68202,0,266.981,228.22356,178.6986,233.44858,192.1773
1143,328.20084,1129.2142,292.74075,905.43915,0,361.69705,361.29535,289.5561,306.997,676.3833,625.85785,271.62665,497.30435,321.31805,257.08246,571.80084,170.13275,376.01984,690.3533,270.68246
1153,0,281.87613,179.32822,306.3583,0,159.38179,119.09596,0,0,0,0,0,0,0,0,0,0,0,0,0
1170,0,301.0925,260.4262,169.24927,0,0,0,0,138.9778,122.193665,392.53928,139.03288,138.12778,312.71313,0,174.01375,224.83514,223.96935,247.5617,0
1172,314.17093,1032.9958,521.4603,815.8688,0,634.50586,542.22095,330.7726,393.847,258.3195,731.13495,628.537,400.8601,1230.378,484.13498,490.64297,715.5342,669.4601,1293.0992,674.0334
1178,194.88507,561.6778,0,235.22809,0,370.48712,154.36508,0,427.10782,638.5268,693.4716,782.8324,570.4075,577.52435,476.06168,732.0637,465.92902,506.37997,1097.8894,871.6333
1179,0,510.16238,3174.863,0,0,0,0,0,594.52954,865.7406,718.3954,534.07806,844.8204,741.90063,921.1182,825.20154,468.66437,659.4443,710.04694,557.92944
1182,98.55993,1017.9712,484.55124,242.59476,0,763.9627,420.98898,215.33049,425.52847,670.9137,856.7758,522.4049,754.2268,1024.3501,534.9924,974.2744,507.38806,1047.1788,1803.3713,1029.1456
1199,0,824.23737,321.58374,620.8304,0,273.17114,0,373.9781,0,0,0,113.261314,126.93298,143.80385,0,124.90994,0,0,200.5727,170.74036
1201,97.586395,0,297.9731,0,0,394.78998,302.44824,165.15305,0,170.91095,320.12378,0,0,323.5151,154.71935,0,302.0662,295.24295,456.26883,0
1203,0,0,2838.1118,425.37817,279.9122,473.59058,0,372.13132,377.4426,0,454.38965,272.5083,358.54593,416.59964,673.7707,272.8811,665.97833,453.57907,323.16388,311.67392
1209,142.61363,1086.8679,9595.292,692.25214,0,1005.1559,697.76495,372.46487,344.36136,623.89984,675.0663,568.9885,925.15027,749.7514,494.3745,1019.46356,623.8373,748.5522,1298.2985,977.22064
1231,640.89136,1465.0383,1169.0643,1799.8395,0,788.99286,592.919,499.26593,598.46985,405.5745,773.43524,565.72015,353.47678,418.9837,515.0964,213.83044,507.17743,578.8035,697.7765,448.35022
1236,0,658.935,233.73022,126.87012,0,697.5103,187.47563,0,177.45735,350.59464,279.07605,206.64227,174.49644,507.07065,111.43773,521.3246,392.39142,339.6447,517.45325,575.20544
1242,0,0,0,0,0,366.23685,522.6515,190.869,0,0,0,0,0,0,0,0,0,0,0,0
1245,0,0,0,0,0,202.15884,208.64108,0,79.37972,0,119.26055,0,0,0,0,162.65715,330.6974,144.98367,220.84592,0
1254,0,677.669,392.23636,183.64247,0,0,0,0,0,0,0,0,0,139.13931,0,0,527.5478,1277.8406,615.4545,257.62485
1258,0,0,0,0,0,143.97385,0,0,0,411.5869,653.5214,442.068,214.75555,0,0,236.23328,0,0,154.45013,112.33654
1266,0,1235.1603,286.16953,481.08978,0,901.0469,245.6733,324.84247,582.7972,284.8579,1022.7516,390.4946,1583.7428,906.0301,821.7839,1789.5658,499.35583,899.2038,1347.2836,1771.7297
1267,0,1234.9612,649.91455,829.5666,0,765.7042,285.51013,428.55563,0,317.50842,396.1721,419.25757,490.3023,312.49182,231.8499,563.49396,220.43933,397.4306,893.13007,405.072
1270,252.71457,648.6739,360.9185,878.59174,0,0,285.87863,436.02478,0,0,0,0,0,0,0,0,0,0,0,0
1271,0,600.0562,247.89789,500.0803,0,0,205.69902,303.72668,0,0,0,0,162.71805,177.27937,96.6258,206.74251,141.95088,240.81888,375.96524,270.00754
1278,0,0,142.54732,0,0,0,0,0,207.1252,0,644.83685,237.18964,0,0,0,199.09216,143.8685,212.6835,0,500.6186
1282,0,925.69617,206.1764,318.02698,0,159.88655,0,0,0,0,0,0,0,0,0,0,0,0,0,0
1296,227.94728,903.53577,477.52356,988.75964,137.79846,626.7,375.48636,458.09402,255.79803,343.33658,379.24503,463.9041,384.37762,372.9878,365.42227,453.92422,346.88547,395.02292,755.31274,611.6
1299,143.28479,1348.562,476.449,534.5703,0,418.85406,123.48943,0,0,0,0,0,124.29147,0,105.10235,0,126.17259,211.01003,0,0
1308,0,0,373.8642,0,0,0,0,0,0,0,0,0,1702.1321,1154.6846,1540.557,2638.1406,440.03833,952.3536,1218.199,615.5835
1314,2472.4236,2270.7996,250.34358,1429.1722,443.83157,2235.066,2269.4285,752.7641,0,0,0,0,0,0,0,0,0,0,0,0
1318,0,387.86673,0,0,0,316.01807,0,0,0,186.7948,203.78468,138.63423,205.78062,279.51227,167.49149,170.61945,159.30374,284.85205,573.2602,193.01851
1341,187.07599,1236.8387,0,1202.1439,0,404.90747,0,419.02383,380.3708,0,316.0645,475.57916,310.38492,680.06146,0,0,0,0,911.45953,592.9832
1342,0,287.03232,0,127.3343,0,205.95094,0,0,0,268.76694,346.3618,124.66056,0,0,0,0,0,0,0,93.07034
1343,0,311.85272,0,0,0,325.15704,125.02074,0,187.0219,390.20685,714.108,312.77765,276.20544,399.3809,275.88864,565.66614,543.46234,425.24258,908.2614,688.92145
1344,0,0,0,222.61864,0,592.59875,132.56895,0,385.72104,643.04987,338.2742,448.35907,726.3006,704.4958,367.9681,656.65186,271.9608,528.4072,736.6596,696.4927
1349,0,220.39957,0,0,0,0,0,0,0,347.23276,218.97939,269.69485,0,229.25323,0,0,0,172.91975,234.7079,0
1352,0,0,2609.2966,0,0,1102.3995,321.6516,0,96.517204,156.00214,215.9346,0,258.3433,300.9517,0,650.94086,314.03928,683.50934,755.42303,0
1357,0,714.3984,4185.2754,1003.9216,0,887.73254,478.1214,476.25418,0,274.4498,0,0,0,364.39313,0,0,0,0,1100.9917,514.312
1360,207.65298,950.87897,672.3974,816.1743,0,596.9345,324.1897,246.9874,288.87885,252.143,333.79883,274.59216,271.88528,396.0141,314.94608,261.92087,217.77881,402.44977,536.302,0
1362,0,5119.3223,1385.0413,2888.9956,0,2519.5225,826.9738,766.7716,1040.0216,0,2717.0574,702.8898,562.61584,617.66425,0,530.588,1132.0585,1260.2771,1997.8284,1091.1471
1365,0,725.3674,608.5065,882.7961,177.61804,0,254.52844,569.53375,0,0,0,0,0,0,0,0,0,0,0,0
1366,0,0,0,0,0,236.27492,0,0,402.53278,542.8323,423.34363,402.6789,0,0,154.42021,0,0,0,0,0
1370,581.1326,462.1463,445.27316,446.78937,753.0293,659.0587,400.40118,1010.96686,439.56366,831.0373,594.3542,679.4301,793.9027,313.16904,422.65512,805.3243,329.9253,298.73737,583.3455,410.90802
1386,127.83515,784.7163,580.295,674.00903,143.29913,1831.4094,2072.2659,1233.0516,377.848,336.9654,479.714,293.1236,296.32077,474.1,509.6197,239.59773,507.40228,517.5854,389.9005,464.3016
1387,0,645.5447,422.06512,456.17084,0,0,517.1511,0,418.24033,459.78833,592.2391,575.7976,390.02734,772.67896,290.07303,644.16534,664.5562,810.27783,1034.036,622.78217
1388,0,254.98604,0,248.13443,0,324.81094,222.66753,0,0,208.78629,263.4599,220.25313,238.8759,213.60039,112.143585,342.9232,402.19186,304.78006,481.9884,631.7733
1403,1254.3348,1870.465,764.1551,0,0,687.2479,515.4991,750.10846,559.7341,0,1062.2595,0,2488.3389,665.9874,3164.569,4445.3438,1117.3495,735.5093,0,1543.4677
1406,0,0,216.85112,0,0,0,0,0,312.89325,360.38983,420.4788,0,191.01848,414.96133,231.47658,0,0,385.01385,392.73898,0
1410,580.34686,1540.5035,754.60297,1072.2319,633.7807,2980.776,1462.301,1292.6526,3805.7102,2021.4465,3475.4175,4075.2915,3879.892,5641.912,3124.7368,4609.823,3680.727,4442.5347,5534.9277,3808.4504
1411,0,252.84949,0,0,0,180.08406,0,0,2063.099,1777.9128,1295.5499,1403.8441,861.81964,2607.7854,923.2938,757.43005,1198.5144,2227.2559,3179.4238,1131.7401
1433,0,542.63025,198.24438,412.08224,0,747.8173,145.09752,0,271.00015,365.7474,288.97787,359.48917,550.4254,0,698.01807,752.2011,232.2489,362.0017,393.30106,361.78397
1434,0,453.45016,0,0,0,896.5979,0,0,118.801865,259.62802,468.66812,307.54227,234.66238,188.613,567.2375,713.0084,396.3172,269.06897,453.54037,465.75674
1458,98.33243,427.4029,227.99274,322.0195,0,556.3233,180.68294,0,0,262.80087,154.83418,0,156.47311,0,0,220.19434,219.01228,291.68356,237.48253,314.17535
1459,188.65804,568.96625,0,550.8826,0,631.7364,386.37793,374.69302,596.8875,440.51224,645.5251,736.2417,546.036,512.47595,798.56885,665.792,765.6645,841.5521,676.6415,718.94324
1460,0,858.9918,405.25555,465.07056,0,268.88516,0,287.6006,0,0,0,136.85829,0,0,0,0,0,0,0,138.40771
1463,0,0,0,0,0,520.64166,0,0,0,0,235.0906,0,241.0874,249.12288,106.24507,373.3602,878.45105,312.83368,522.9987,448.45993
1464,0,1404.2566,0,0,0,899.46277,691.39026,441.1539,206.90683,0,406.51706,0,1047.0645,0,0,639.57074,796.6265,531.3345,849.8588,0
1466,80.796974,307.42975,557.9827,471.2587,0,0,423.82507,301.6607,0,0,0,154.41121,209.08229,0,0,0,258.50168,0,0,0
1467,0,631.03894,309.01456,325.9837,0,957.79395,742.44574,437.6425,531.47815,379.89645,819.0593,306.90225,557.37537,521.9649,193.70619,447.50015,466.48538,603.9487,625.9098,1149.4324
1470,100.09743,667.6351,0,348.75784,0,575.1712,0,241.0765,0,175.15181,0,205.79984,342.14166,198.72905,172.06546,0,351.84497,431.2957,909.04346,0
1487,0,482.00357,245.9703,364.14273,0,0,0,194.63646,0,0,0,0,0,0,0,0,0,0,0,0
1493,0,414.948,125.18412,218.68504,0,459.3934,358.72787,142.11316,280.72772,470.98044,567.68414,268.69116,636.28455,650.09375,256.2556,477.9581,940.333,389.21994,799.2461,840.0325
1494,0,0,0,0,0,343.14655,161.18896,0,136.2097,0,255.29713,0,0,229.2901,0,434.96075,220.23933,319.7913,578.9759,426.84412
1495,0,261.0148,187.60023,205.84229,0,346.00647,0,107.11026,126.189156,0,268.49762,0,0,0,0,242.23224,0,229.10287,0,0
1497,0,226.50952,0,0,0,596.32184,0,0,233.5543,244.95816,406.59216,280.17984,464.54163,0,187.74591,590.61536,0,489.14575,1127.549,480.0297
1499,0,424.38852,182.06438,297.19937,0,888.7533,976.7146,383.9296,427.44205,522.5006,678.5425,499.68695,1073.3844,948.3437,347.7536,1006.607,2050.3843,956.1709,2010.3324,817.5917
1503,171.76465,138.13754,487.234,455.80957,0,107.87848,374.5984,308.10434,0,0,0,0,0,126.96117,0,107.117195,0,0,175.82713,0
1504,0,2312.674,639.64966,1261.11,0,1836.143,782.0216,818.41925,661.34564,1818.8517,1460.421,941.74554,0,797.5846,0,0,703.9113,822.6489,587.17334,1029.0505
1510,0,458.69962,639.2331,279.8968,0,0,208.88553,0,0,0,0,0,0,176.539,0,0,0,0,0,0
1511,0,0,0,0,0,0,0,0,161.61713,430.647,201.51097,191.2613,0,0,0,0,0,0,0,0
1512,0,0,0,0,0,375.76764,115.47279,0,0,615.4565,1051.622,0,471.77097,326.5147,0,890.9745,734.01715,520.86,1018.854,780.7923
1527,891.3922,371.66827,1175.9623,856.8569,1934.3612,349.60516,273.05096,880.0806,0,282.76102,0,0,212.55096,0,0,0,0,0,0,0
1528,448.6998,1432.8429,654.3552,1188.2704,0,994.0507,447.9831,493.00638,404.0649,790.01355,776.9781,709.04974,923.26794,608.3799,421.4775,698.566,468.44165,445.26044,1029.2139,668.7998
1530,0,261.73532,0,0,0,0,162.52707,0,180.50186,0,396.5234,255.51703,0,291.802,220.28427,0,230.54091,390.4976,352.6925,612.9914
1531,0,555.1209,184.74048,390.6858,0,0,248.22333,0,122.5344,0,254.03993,0,0,260.91812,227.1324,296.48965,216.65456,182.41328,0,290.8019
1533,0,650.86646,286.87872,507.87042,0,945.48517,436.66678,481.49738,516.71674,767.0798,931.61194,946.4103,1118.6252,818.22394,550.1524,972.99335,641.30396,632.9142,1804.6891,961.5979
1534,925.9841,10486.844,4050.8882,4941.397,2191.6492,18450.291,8677.668,10447.317,379.79187,585.2412,703.35156,958.27435,632.3512,471.20285,429.2371,684.5906,389.47647,442.05957,907.83307,797.7214
1535,0,368.03326,204.40022,0,0,228.68452,123.14407,127.1128,140.39542,175.36234,163.8009,333.93613,218.09335,201.48738,0,280.2128,128.20758,148.59958,287.6061,264.16864
1541,139.9516,568.78015,155.0789,254.58897,0,0,0,84.421455,0,0,0,0,115.78872,0,0,0,0,0,0,0
1544,333.57382,1768.1633,640.4967,1613.1411,223.6402,961.12445,574.4006,898.9738,277.11285,372.37018,427.45758,494.165,374.399,393.95828,311.829,505.09756,277.73248,361.0567,1053.439,573.5425
1545,0,345.4804,0,400.13812,0,383.64554,304.00034,278.1382,0,364.12827,0,0,446.40982,0,352.19955,293.38358,342.35403,367.20712,0,486.51834
1546,605.94055,1058.1888,853.4109,1213.9832,599.25433,972.2648,1473.0394,1073.8054,1501.0181,1483.1041,1233.596,2067.6748,1154.2207,1496.9231,1447.1345,1158.9897,1302.4928,1209.9634,2126.6304,1478.3938
1548,570.8898,1180.4115,963.8181,639.35657,0,541.5842,0,655.9848,0,0,0,0,368.31992,0,0,0,0,0,0,272.95496
1554,0,1524.6965,0,948.753,0,764.3335,0,1099.2163,0,469.57333,0,519.68774,1275.895,0,0,1847.6091,0,0,1856.7888,1681.3378
1556,2104.9229,3837.9878,2395.402,1889.3572,1440.6259,1893.9625,2864.2231,1790.4701,2236.1365,1328.2643,4130.2354,877.16235,2504.963,3727.035,4737.655,3477.0884,2642.6963,3533.3447,4091.9214,3562.7356
1557,953.4341,2732.1716,1499.5001,1273.3997,977.53186,1869.2211,1466.2626,1333.1022,868.4136,746.33936,1652.4343,624.8533,1328.4852,1365.9476,1086.2106,1641.8097,1109.2633,1655.1412,1671.315,1806.123
1571,1170.0985,0,0,812.15753,193.64792,964.12976,1925.8451,543.84766,0,0,0,0,0,0,0,0,0,0,0,0
1575,183.74864,878.7438,344.20105,717.8059,0,436.7745,0,0,254.10953,368.58792,386.338,404.95,371.73514,365.94073,0,0,285.9756,281.5811,643.66614,457.6092
1577,212.26088,982.66876,0,614.4311,0,855.62195,0,160.0916,0,582.90063,248.47055,612.5934,452.5072,356.4596,245.03876,413.24234,390.87927,515.614,535.5098,554.7515
1580,792.94434,652.9363,598.50757,589.4796,1203.9105,862.5643,563.8124,1409.4207,474.53894,1063.6168,600.1445,995.0133,1002.4643,434.5224,536.1466,1283.776,413.46347,415.8173,799.0474,519.5887
1587,13842.489,11911.614,6559.624,6583.95,6735.5347,6762.1074,7419.134,12788.856,4520.579,6062.863,8824.99,7531.2866,14939.1045,4403.9087,9579.186,12306.768,8441.097,4128.807,11410.3125,7258.1396
1593,257.06433,325.63126,453.7417,252.26332,108.8622,253.73428,297.23825,223.40291,267.72794,285.47443,259.39706,303.85046,294.52017,271.99802,375.61218,357.51172,226.70422,221.19427,394.6946,202.61736
1594,0,805.1902,305.75864,303.51822,0,297.9974,0,0,0,0,297.0231,250.89381,311.63406,262.52457,113.0391,306.50848,161.06342,0,397.5004,295.34302
1596,0,594.1729,347.4198,212.06047,0,456.49936,228.2667,252.57164,0,0,184.86375,0,349.29187,207.48111,193.79327,0,227.7702,0,474.60553,333.3478
1611,0,307.77267,211.80885,191.87592,0,222.06474,200.73077,0,121.936646,191.6078,0,132.72557,0,304.05838,0,0,175.04965,269.6226,269.85178,183.8826
1612,518.7428,1318.251,594.0217,1543.506,97.32552,319.53717,313.67343,638.6431,1159.9197,689.7625,1287.7045,904.8771,3249.4531,1173.9745,5324.01,4450.831,913.80164,456.8452,764.83234,1061.9298
1613,0,324.85928,394.18488,416.15424,0,0,0,0,282.19083,164.71162,374.25552,428.21133,990.2237,524.10126,1285.0862,1706.1641,578.63574,152.68362,178.01106,231.36424
1614,274.59778,1388.7052,1032.6357,559.9987,0,728.8246,570.6131,453.55402,0,0,184.9504,0,377.23608,0,0,0,0,416.6435,0,0
1615,0,290.12173,167.46475,214.92274,0,481.9818,278.8782,206.498,140.73283,195.86852,204.6688,0,407.76074,227.46257,0,0,390.1235,286.49713,677.86,289.21732
1616,0,289.62756,225.27515,267.90442,0,564.41486,286.63394,138.66002,0,138.57037,214.10553,127.33224,0,260.3918,0,0,413.3307,265.0119,752.6887,290.38333
1617,0,330.58786,0,0,0,308.77573,180.4187,156.66824,0,0,137.57042,0,161.25323,0,0,0,0,0,0,0
1618,0,0,0,0,0,997.55273,0,0,339.87555,537.6217,750.18835,601.4936,1590.7823,720.65247,787.1739,768.7478,689.19116,700.98785,1590.3336,751.00195
1619,126.896614,558.2079,451.2135,401.3387,312.2006,0,856.317,827.25116,0,0,0,0,0,0,0,0,0,0,0,0
1620,0,296.78763,277.8844,392.59354,158.91702,933.5576,535.6368,574.5206,496.3718,266.8891,705.041,705.2102,1145.308,709.5831,417.99777,960.7733,813.56555,623.36383,1643.116,1035.6056
1626,290.20905,278.37115,258.77267,257.6358,0,0,237.73035,0,0,0,0,0,0,0,0,0,0,0,0,0
1634,0,564.6473,0,134.16792,0,452.87683,0,0,0,0,0,0,488.3872,374.51663,0,635.2866,0,250.78479,537.00854,630.5677
1640,0,0,0,0,0,0,0,0,0,0,676.7056,306.38318,416.78802,0,0,544.654,527.6926,361.51498,959.63245,489.56488
1641,0,296.47012,0,177.75737,0,0,0,105.19227,0,90.374794,0,0,870.051,0,1377.9569,827.9718,0,0,0,216.70538
1649,0,0,0,0,0,230.844,0,111.63645,0,0,284.9354,183.11134,471.968,227.79097,218.10095,444.841,245.07394,300.23804,780.76074,366.87946
1659,0,280.88416,713.8861,285.58295,0,228.60294,315.00034,232.14941,0,0,0,0,0,0,0,0,0,0,0,0
1662,0,142.83884,0,0,0,395.3788,173.92049,0,0,0,110.57067,0,0,0,87.88653,248.42499,0,0,0,107.6288
1664,1181.0496,13511.558,4925.899,7126.2583,2651.1055,21265.258,12296.011,11914.16,4066.0295,5640.9634,5681.2705,0,0,0,3373.4817,0,3712.7312,4842.43,0,0
1665,1232.384,13749.923,2944.2253,5911.0303,1056.9929,5773.5747,5044.9795,3941.1216,12251.984,14230.622,15058.597,22012.414,21300.264,18314.582,12465.006,19576.37,11963.331,14489.749,27419.23,17223.969
1670,0,355.12064,0,0,0,413.64166,0,0,309.38464,329.2439,0,392.86642,818.83154,390.3674,404.18243,492.1853,166.21294,333.89786,451.1463,352.59354
1689,0,0,0,0,0,0,0,0,0,0,2702.655,358.8138,0,0,103.9231,423.74255,0,0,0,626.91626
1695,0,0,0,0,0,1913.1017,288.7114,1736.2136,0,0,0,0,0,0,0,0,0,0,0,0
1696,526.16815,1105.617,1447.4731,990.6575,248.42786,870.71027,936.879,689.7058,618.44037,491.2117,1106.4012,737.453,945.86,1202.1829,698.5284,915.14856,698.3236,659.5466,1225.0979,722.3388
1697,249.714,462.8021,597.39514,0,0,392.16187,486.2806,257.58914,605.54016,479.85864,781.23285,484.21432,399.75098,923.6199,458.88922,550.0832,625.25165,702.83875,674.9511,527.4857
1698,161.67818,1215.9259,932.85205,650.47906,0,741.9248,235.85992,690.23956,160.19646,0,619.12585,327.67297,858.921,454.9512,409.96658,476.4616,273.82077,346.00473,428.2739,387.39664
1699,255.96794,2408.3157,1086.5505,1489.2909,157.28839,1098.6458,441.80316,1080.1631,279.05148,458.42227,1141.1204,554.6299,1382.9797,809.525,774.7127,787.1283,489.58044,554.01056,864.62274,600.7324
1700,0,0,0,0,0,276.40665,0,0,254.53528,410.62958,0,332.29684,466.96338,216.05879,298.96158,425.46652,228.84608,327.17557,313.6244,298.65866
1708,0,233.08765,1564.8285,426.57095,0,228.42422,0,167.10545,0,0,0,0,0,0,0,0,0,0,314.04434,0
1709,0,606.8974,3336.5984,640.60364,0,530.23535,267.111,0,0,0,0,0,0,247.14374,0,0,0,0,578.96716,176.76042
1715,0,459.35223,269.18866,422.5282,0,275.70227,0,0,0,0,0,0,0,0,0,0,0,0,0,0
1726,0,334.71945,165.41895,253.69586,0,0,0,122.789444,0,0,0,0,0,0,0,0,0,0,0,0
1738,155.71365,1233.5616,304.42734,832.8885,0,1610.7534,528.082,341.21948,804.9269,1176.2927,1185.1962,1715.4229,1478.901,1102.0729,386.1483,1026.8336,1389.1586,1348.6215,1995.7623,2159.8608
1740,132.16689,1484.2345,327.23828,418.2315,0,2532.0918,1212.658,392.1639,919.71497,957.3216,1215.5254,988.1917,486.51138,892.82764,644.9706,550.61774,920.4954,1091.7004,866.3779,991.8413
1745,724.2686,2394.747,548.5113,3225.8667,408.57303,612.95013,1402.034,1847.097,0,544.09753,775.8969,931.3881,1084.0543,491.7554,1077.3181,878.7505,1258.0641,731.3864,902.6408,1112.4653
1758,287.244,0,431.97052,0,0,0,0,0,0,320.6821,327.40604,314.21887,0,314.6592,0,0,0,0,0,0
1766,0,631.8825,0,608.3157,0,388.49258,252.17952,315.35928,724.72424,333.18704,722.3383,729.03864,615.38574,421.26224,788.36084,558.85114,1094.303,692.8176,726.69867,690.2951
1767,0,560.5717,0,227.8975,0,675.7167,233.28856,0,320.64102,681.2325,1169.1868,594.1912,534.44336,710.68567,512.8611,1155.6306,940.54895,733.55164,1495.4376,1096.047
1775,0,302.9545,0,0,0,303.3981,235.87195,0,0,0,231.71548,348.4832,365.48517,265.28284,0,832.1615,705.2211,312.38696,1113.1112,234.03993
1779,895.7935,7786.7676,1968.7145,5745.8975,991.9807,5601.195,2384.4666,2644.8289,3188.5496,5009.917,7505.337,3160.2776,1056.8812,2469.1326,1233.3888,944.71814,935.00696,1670.4683,2226.404,1626.0953
1780,109.040016,660.1097,208.68721,0,128.59581,341.6375,0,194.3111,281.60568,428.91388,727.48114,259.35828,154.8599,0,186.65022,221.06586,101.23305,0,0,0
1786,118.15007,0,463.37482,587.5574,98.11721,0,406.2668,195.52795,0,0,0,0,0,0,0,0,0,0,0,0
1787,229.67924,691.76685,351.6026,444.0561,0,365.54514,151.76517,147.03963,0,0,200.76003,0,358.59885,291.8266,0,429.4604,161.51851,0,0,200.98245
1788,1673.5724,5176.953,2257.8335,3704.929,466.67114,2101.3628,1389.0267,1714.2936,891.0726,1463.345,1285.9795,1918.0383,2737.7407,2287.2666,1243.3005,3263.4458,1384.8677,1320.2932,3632.1545,2037.6412
1789,87.21305,268.20456,0,261.94904,0,0,0,0,0,0,116.28785,0,263.69962,0,445.99396,351.8081,0,0,0,0
1793,1122.7786,1858.5782,1604.3495,3806.4312,283.8556,0,863.32965,1142.7577,0,0,0,0,0,0,0,0,0,0,0,0
1796,0,0,0,0,0,0,0,0,0,246.188,272.09882,0,361.88956,226.29837,202.9086,353.62372,0,197.5297,360.33344,244.00601
1800,0,1982.5372,0,1960.5328,0,943.3528,0,0,0,798.8729,0,0,0,0,0,0,0,0,0,816.6258
1807,0,0,0,0,0,153.01239,0,0,0,0,546.6335,0,262.20563,142.8461,262.06665,370.5038,333.60358,256.00458,568.35675,355.07196
1808,92.58012,716.1792,360.06003,614.3752,0,908.8384,206.10478,0,0,0,0,408.85095,879.4392,428.306,182.50543,679.0265,0,450.16672,1240.3645,0
1817,95.447876,211.04555,198.94952,0,0,0,181.98518,170.89117,269.85837,212.68648,534.1314,294.95636,272.45743,223.01793,179.81793,303.8539,162.84386,173.55495,277.40622,198.52391
1820,150.5703,1258.4834,0,739.95654,0,444.70905,154.79486,0,0,296.43964,289.70905,414.26035,402.87112,467.00482,0,296.51004,249.94077,0,332.23898,352.49445
1823,0,992.9515,378.65515,492.98376,0,864.40765,601.49817,330.93524,319.70743,525.3991,367.72858,350.00818,259.68066,330.2695,227.99889,630.1926,323.73648,408.9968,657.6348,623.8382
1824,325.84286,1549.3739,602.2876,1213.8491,189.21227,1329.7097,1334.8607,803.80005,2034.9609,1953.8158,1988.883,3256.99,3226.1655,3116.7295,2129.4294,3743.6104,2006.4625,2176.6057,5671.1777,3137.544
1825,0,2273.0295,798.23517,1049.0197,264.8854,2666.1357,1700.1803,962.5886,2826.8147,4482.627,4563.6807,5828.046,3863.1858,3774.3699,2647.8503,3921.1404,2802.8562,3687.504,5466.0176,5399.6216
1847,0,265.7061,369.61267,254.21902,0,0,312.66788,0,234.81459,0,422.68784,219.99158,189.37895,307.4739,181.73167,210.87003,211.4125,265.39905,380.0474,219.46571
1848,0,0,251.5216,0,0,193.36533,0,0,109.72798,0,368.08682,0,248.95583,916.00793,242.3069,443.63974,335.9348,361.3432,477.30142,0
1849,0,290.98743,254.73509,268.25156,0,249.48476,351.57288,0,332.5647,293.24863,329.71674,313.13943,165.46,459.50995,0,367.406,444.41156,452.6736,448.18884,490.80255
1850,0,398.97675,321.7818,391.77353,0,402.89944,399.21606,0,265.2793,272.04538,511.13254,412.63028,426.4258,529.06854,228.992,304.78537,312.48544,335.7777,611.39703,242.44124
1878,0,674.1702,1511.2544,324.23788,0,610.44824,461.37604,0,0,337.5519,0,0,0,0,0,0,0,0,569.05286,302.88727
1879,0,538.1264,0,338.8798,0,790.0467,239.74344,237.53712,371.2155,724.6239,711.2725,644.9537,479.24738,214.74739,232.1196,392.4955,514.99,511.9141,1001.5146,999.0842
1883,0,0,0,0,0,0,0,0,468.40588,534.98816,958.843,683.5399,0,656.52106,0,0,537.80035,656.1393,741.1184,769.9879
1886,0,592.5387,0,235.32225,0,782.769,0,0,224.82004,444.65854,671.33813,484.61954,354.11386,235.67157,908.21387,1047.6049,545.4763,302.42007,697.39307,525.3639
1912,0,1216.474,239.38753,794.25574,0,613.0312,360.77637,198.74207,245.02904,530.0223,429.0456,307.97012,398.87827,467.7452,276.12003,669.7151,318.932,463.08688,537.13916,543.2664
1913,0,461.51898,144.7003,0,0,0,525.16376,0,270.093,512.1547,552.0179,494.55283,399.60742,726.2748,337.43643,377.9538,482.5024,500.6166,1052.7249,831.31866
1940,0,1418.001,370.965,236.48094,0,1768.1952,845.3088,395.88644,704.32074,548.42456,976.1923,537.00574,207.14198,504.21094,450.20972,210.16461,633.897,496.33994,473.35162,589.98914
1942,0,748.97974,0,0,0,0,0,0,324.67337,610.9214,441.0531,0,0,525.79095,0,0,0,0,318.8468,326.82883
1959,0,0,0,0,0,0,0,0,0,183.84976,309.50763,0,352.90646,0,155.41571,365.95825,0,0,364.90964,0
1972,10626.042,69132.336,25922.375,56079.332,6068.898,52411.18,19519.273,22344.023,14188.778,23031.045,30919.434,21803.234,13166.972,24035.373,12875.215,13913.318,13189.444,19133.03,30547.438,22022.418
1973,123.941635,22163.25,0,16551.229,0,9382.859,0,9755.038,250.33437,2889.8997,1130.0354,7538.444,3826.9646,0,0,2134.3096,199.13545,330.76697,6708.7983,5321.81
1974,1096.1301,6044.8555,2663.2468,0,681.18256,0,1086.7964,1159.4281,1256.5211,1826.972,2740.92,1822.3525,1509.4509,1270.3807,1084.2802,1829.4719,1152.1611,1568.3677,0,1224.1097
1976,0,1347.0009,443.8783,0,360.42386,2390.3079,1108.8661,661.1678,836.60455,627.24097,0,632.4765,626.0351,379.1606,475.81677,677.0034,572.5977,652.9476,542.667,597.6125
1977,0,300.08716,0,222.91797,0,358.7631,165.90082,0,88.96381,0,0,173.35875,0,0,0,0,160.36772,246.99599,0,0
1982,0,0,0,0,0,0,0,0,162.88997,142.74353,316.16223,0,450.15,251.508,146.82365,434.2936,376.51703,389.78436,1140.2915,467.888
1998,0,0,221.49849,0,0,0,0,0,0,0,132.12648,0,127.53546,202.11269,0,203.60672,139.3596,77.551384,0,0
2009,0,0,0,0,0,0,98.58566,0,271.1805,239.56015,279.00443,0,539.31934,504.0703,249.51729,505.53488,176.16948,374.26205,568.42773,507.3079
2010,0,0,0,0,0,475.83377,289.2606,0,0,0,0,0,0,478.03717,0,555.27997,359.30484,536.5547,0,669.75397
2012,0,0,0,0,0,0,0,0,0,208.91862,210.98868,215.43591,947.1902,359.07486,467.0032,462.622,0,291.09235,251.86183,244.19913
2020,1197.9854,1527.881,0,254.02425,1948.7358,11476.285,267.1516,14662.67,0,0,0,0,0,0,0,0,0,0,0,0
2021,0,676.0987,4862.985,1085.0375,0,720.2147,481.66864,428.42953,0,246.44264,0,0,122.20767,357.12863,0,0,0,0,1199.0665,472.71954
2022,0,1076.5819,9356.708,1680.4801,211.20302,873.7026,817.5636,428.10895,230.1018,0,0,144.44354,465.019,951.03723,78.69597,0,0,0,1785.3153,719.7217
2026,325.87234,2091.0215,1889.5266,2423.9133,0,0,0,321.14383,2473.4626,0,0,0,0,0,0,0,0,0,0,742.4962
2027,0,0,0,0,0,0,0,0,0,0,154.63776,0,225.86784,210.5188,181.65878,334.0193,0,238.37003,315.36765,0
2028,0,0,0,0,0,0,366.91556,187.43181,663.4514,1097.7512,1030.2284,1465.7928,833.48676,797.8238,0,827.9288,692.9151,831.57166,1062.784,1149.1929
2035,0,362.70386,186.99208,246.39975,0,523.35126,0,161.40634,0,144.49884,326.31046,244.41168,211.07329,191.71364,0,205.41565,0,0,258.34387,0
2036,0,0,0,0,0,0,0,0,305.06348,550.2902,134.97658,662.9591,384.40054,0,0,378.4976,0,0,71.509315,0
2041,100.48281,772.84125,437.8067,0,0,443.14435,236.02312,0,246.13055,410.90524,499.3446,0,0,360.85666,0,212.00273,190.39435,293.50223,328.3609,462.7598
2048,0,0,1326.4456,1358.627,598.9276,1562.9248,0,2039.6453,0,0,0,0,0,0,0,0,0,0,0,0
2049,435.44412,1578.4381,1120.899,972.7955,256.13037,1923.251,724.1498,848.6351,473.4866,530.6192,903.37933,1065.9434,862.4147,1431.1584,595.2352,1305.9718,736.256,464.98874,1467.2709,855.8965
2050,611.8367,2254.522,2114.7642,1491.822,946.1116,3377.6204,2335.2737,2012.3516,1051.4409,1293.806,1702.5782,1844.7501,2451.1855,1962.556,1522.854,4327.8267,2313.0747,1862.888,4642.527,3247.485
2071,742.6707,0,1140.8749,874.59515,258.7863,533.80914,603.0134,0,0,0,595.5157,324.7003,0,476.5455,323.22034,0,394.1391,366.18738,0,489.49
2084,170.4967,2072.7827,370.01147,341.43924,0,1723.2764,877.9535,178.76112,596.67664,1123.8655,1099.8556,1172.1824,1031.3334,1553.0912,527.7742,1307.0743,1425.4104,1016.846,2276.1643,1024.5165
2095,349.78943,0,0,0,0,0,0,0,0,292.66882,317.79898,280.5995,621.5285,0,1521.6696,975.7635,204.01324,0,351.46497,0
2096,190.77089,0,0,0,0,0,0,0,0,0,168.76184,155.06795,331.96674,0,751.22784,748.64703,0,0,0,0
2099,0,408.88644,0,208.06958,0,440.17188,0,0,0,297.94913,287.4723,376.44632,330.63968,0,0,356.20605,0,303.43292,290.0307,385.74045
2100,0,1892.0948,671.41394,1338.5046,248.85509,3420.2688,1287.5605,1085.0327,1273.0754,2219.034,2156.8826,2004.2509,1782.2273,1992.7008,1117.9886,2034.1371,1502.1506,1769.4352,3622.7844,2933.8606
2112,190.95686,667.9351,511.199,296.4599,0,670.9129,370.5506,218.48581,198.89903,0,372.22702,396.33646,0,435.30328,0,0,701.63776,0,0,506.49814
2115,0,1024.4794,384.03015,0,0,1279.4182,333.66956,196.66891,311.86685,0,448.99344,580.3018,2281.922,1174.461,1008.01373,2522.0845,1734.3429,1621.7555,2952.0283,1209.7253
2123,706.2003,779.81744,650.79877,1038.4497,546.5704,680.37854,641.4225,650.6786,703.7356,515.2046,876.9757,618.0457,393.02,790.4685,592.24945,376.89023,461.39542,632.10803,588.4514,598.75366
2129,0,643.38904,171.91624,85.22199,0,398.65024,0,0,326.62827,197.90121,222.60757,206.47325,0,347.0867,314.3959,0,0,268.7736,128.3409,132.60478
2131,465.06113,0,721.3272,2291.835,225.88376,1928.4467,875.9239,1173.2891,1233.0717,0,1644.9767,2679.715,2763.5598,1334.674,685.0216,1398.9432,1762.0494,1780.9352,2694.144,3138.6558
2132,0,0,0,0,0,0,0,0,166.97705,0,0,207.59113,174.648,143.569,194.60947,267.26694,0,0,221.82227,220.06474
2157,1374.3358,3529.7498,1044.3701,2122.9216,698.3959,1755.4392,1389.5302,3364.9941,3218.3157,4973.1787,4817.6807,3784.769,3684.533,3099.8018,2941.9636,3418.9927,1881.3926,2446.0605,6334.5186,4790.5986
2184,0,0,0,0,0,486.67242,0,204.87335,0,0,0,0,546.0492,0,398.85806,0,297.12146,487.16785,497.41858,498.5415
2185,0,2620.8008,651.2665,1040.3691,0,2202.9548,1652.4152,1029.3123,1103.4915,1283.5076,983.72314,1455.6858,3333.085,2232.0913,1550.5751,2426.4548,1161.6895,1831.771,2170.1814,2198.6746
2205,0,0,0,0,84.812065,1513.0724,0,0,499.3925,715.812,1300.2098,0,2712.0208,1106.8513,1609.3127,1649.5767,1020.0062,1172.6483,1698.4929,1539.237
2217,624.81226,530.2838,759.5745,952.4676,315.43985,0,538.63794,947.11194,0,0,0,0,0,0,0,0,0,0,0,0
2222,102.483025,518.267,582.0207,664.7936,0,0,235.92355,0,0,0,0,0,0,0,0,0,0,0,0,272.8302
2227,0,0,0,0,0,0,515.3524,321.40704,281.0951,0,519.5496,522.96844,630.15015,436.12827,404.59464,981.0841,483.99698,385.7601,970.1412,690.29944
2231,0,363.32404,0,0,0,332.10843,0,0,0,225.29765,0,0,0,0,0,0,211.70964,232.93576,440.37405,316.80356
2232,745.8475,1167.2179,1010.4165,707.23193,2314.0227,807.26807,591.8175,2203.892,840.72656,1214.3718,1293.2622,2135.2202,2071.688,548.2707,883.9577,2030.9844,827.744,726.8591,1308.0203,647.36383
2233,0,0,0,360.38507,0,280.9243,0,473.88235,391.45993,367.79816,768.04016,354.62982,554.65784,642.7504,0,474.2264,404.4998,496.95377,740.222,549.4742
2245,6595.983,3100.855,2926.0535,3561.172,0,3818.756,3035.6396,2402.374,3092.6338,1664.1738,1914.503,4006.258,3138.5007,1927.3115,15159.967,3931.4324,3178.5552,5363.936,4861.514,3149.6475
2246,0,772.2597,0,330.4829,0,481.27368,0,0,0,416.05942,421.18265,631.20953,437.74048,0,0,0,0,0,0,0
2256,0,1910.347,0,0,0,0,0,416.6412,629.02954,0,1739.2802,1484.2157,2419.9053,1136.1926,1384.8152,0,2085.7854,1118.3134,1968.22,1206.9663
2261,0,0,0,0,0,0,0,0,0,555.8084,455.72003,522.2007,169.74901,208.84793,191.54733,125.95572,0,166.01915,393.83774,0
2267,88843.086,63922.81,75432.91,66237.875,44274.754,66831.41,81440.336,81108.68,90013.445,85475.44,91688.1,75851.01,75527.734,77603.625,97126.586,79934.48,94291.31,91522.73,68186.37,81416.22
2271,0,0,0,0,163.1149,319.64365,0,599.5864,0,0,138.95853,346.2571,0,0,0,624.7293,0,0,0,0
2274,0,677.21234,1910.5955,227.0379,0,0,0,0,0,619.70404,0,0,1890.3558,1105.7661,0,0,0,0,0,0
2276,221.27011,1360.7628,3052.143,313.21802,147.45319,0,1141.2087,405.5803,0,0,0,0,0,0,0,2943.3865,0,1921.9567,0,1762.1233
2277,0,0,0,0,0,0,2506.9485,0,3694.3984,0,0,6149.2427,8622.986,6519.2583,5100.565,8440.639,8205.54,5491.078,13811.113,5787.632
2285,178126.8,110954.375,113645.21,168398.08,69267.11,84928.164,90200.05,142185.88,115580.82,55735.71,98919.16,102777.6,147791.05,166550.6,91908.914,103143.56,123591.484,101149.72,131733.72,97825.77
2295,0,0,156.30705,214.53711,0,224.11044,0,0,0,0,0,164.60643,0,0,0,258.08014,0,192.30388,347.19244,219.85023
2296,0,0,0,0,0,0,0,0,0,0,0,0,212.0594,0,0,0,0,0,381.83893,323.94717
2306,0,1246.9739,0,0,0,1773.3668,1373.0558,0,1175.4713,1619.363,2567.2202,1684.6003,3080.7944,2257.0261,1551.6138,3646.4849,2074.08,2121.1309,5101.713,2354.7222
2307,0,0,520.1082,0,0,0,0,0,472.7065,0,0,0,3146.0432,1693.6162,1627.4396,2999.8762,0,1665.7109,3081.704,0
2308,256.62387,1806.2202,0,0,218.75069,3753.9116,1268.2362,0,2027.4026,3132.422,3599.9353,3696.2913,10988.375,5871.0347,5619.1357,10782.425,5306.131,5708.755,10773.439,6063.427
2309,0,1048.9717,385.96472,0,0,3067.6365,687.59015,184.60295,2031.456,2440.5166,4138.6416,3191.889,5758.375,3731.2456,2309.1125,6701.6855,4050.8088,4824.396,10961.64,4324.4697
2310,0,1252.993,305.62216,513.23773,0,0,502.72366,371.5908,898.55927,0,1115.2006,0,0,633.56946,0,0,0,618.8364,819.7578,721.8513
2312,0,3958.8738,526.331,1875.6215,0,2213.1086,1234.1549,955.15424,405.8303,0,1623.194,182.00726,0,986.9385,0,138.30676,0,602.66406,1142.7917,989.2152
2313,551.40753,2197.4707,888.4522,2010.6318,343.89636,1652.1061,1025.8737,1407.549,661.5917,664.20764,1074.7185,669.8558,512.00354,810.27094,448.01825,487.69205,720.1801,895.4958,1329.1609,898.62067
2314,202.40991,1125.8289,413.30444,774.67413,176.99011,510.20706,0,600.2692,0,0,0,321.74762,251.58313,0,0,0,0,0,340.58368,0
2315,344.53607,578.4817,311.50266,317.1113,1104.4154,3257.5784,4312.1943,1519.9572,1920.2625,1878.2465,1207.0125,2009.4,2561.4016,2362.3694,2604.8926,3426.951,4065.5378,3623.645,3891.7239,4147.5435
2318,158.62895,486.82935,0,625.38745,0,0,0,0,0,0,0,0,0,0,0,0,0,0,0,0
2319,175.9453,635.31177,513.21497,855.37646,0,160.20226,0,243.02109,0,0,0,0,0,0,0,0,0,0,0,0
2320,307.10278,852.04926,806.0077,805.93396,0,0,0,233.0343,0,0,0,0,0,0,0,0,0,0,0,0
2337,0,1062.3982,0,0,0,829.5805,200.03926,0,514.9923,870.73596,1545.8645,1306.3354,598.6379,690.8681,364.66354,579.2801,822.9251,665.39624,1590.8159,1213.2125
2346,138.59337,225.12555,293.7509,237.52687,0,206.66182,279.64136,235.87187,306.9312,271.8059,709.7919,398.7113,292.72006,0,0,348.31088,215.78256,200.31717,345.59274,253.2861
2347,0,0,167.51082,169.54239,140.79958,719.28674,470.48737,237.99501,232.35431,356.88226,565.8349,443.18585,139.53908,261.18655,172.57666,211.10976,254.43254,232.06026,449.28787,344.80478
2354,0,1566.248,0,750.40454,291.3459,2328.0925,870.9675,1204.1392,2983.7986,6856.482,10851.724,7453.6753,3572.2803,1712.2968,1867.3566,3439.128,1238.8629,1172.5715,2458.845,1878.1388
2355,961.3724,6959.7344,4581.9106,6381.108,623.5744,6113.582,5158.8696,4266.035,2987.2476,2899.1208,3443.9294,4551.5283,2991.8792,2403.5747,1526.7855,2331.8816,2489.7043,2181.0273,4235.3813,3819.7988
2356,0,1080.1006,611.93805,901.60626,0,889.683,0,669.12854,443.25745,0,0,818.9203,0,0,468.0055,798.4299,810.4978,0,1133.6648,813.2716
2357,0,0,0,0,0,0,0,0,0,239.62779,120.144554,340.41937,0,0,0,0,0,0,0,0
2363,231.23293,1065.6339,464.73767,783.3828,0,154.98573,214.13818,245.25192,0,0,0,0,0,0,0,0,0,0,0,0
2365,173.60124,619.1346,444.89346,762.1554,0,0,228.33977,238.48857,0,0,0,0,0,0,0,0,0,0,0,0
2368,0,0,0,0,0,0,0,0,0,0,563.8175,0,0,0,0,0,276.6802,199.78358,367.43008,0
2369,160.03268,901.2635,334.33026,0,0,677.86694,445.37335,438.4322,0,449.03452,434.38257,545.25946,706.5273,529.9339,295.24023,471.0246,366.73398,439.15182,1033.5021,596.9786
2371,0,438.47424,278.6484,199.10802,0,193.78989,214.2966,0,0,0,222.21248,0,168.601,225.67624,0,0,0,0,0,0
2372,0,663.67487,0,453.6155,0,347.32376,0,245.12724,0,0,0,0,211.32362,0,0,0,0,0,224.9894,0
2377,0,0,0,0,0,0,0,0,0,0,168.41223,0,444.21582,191.38069,194.66454,420.1056,0,223.7915,0,164.25272
2386,273.1876,1107.0133,285.43512,0,0,0,217.98663,94.0621,0,0,0,0,155.82965,350.02972,0,567.0112,278.81543,0,0,0
2387,0,0,0,0,0,0,178.0513,0,340.2312,0,338.7966,769.85815,783.0023,290.02277,220.86107,364.1822,481.0099,404.0887,622.6513,900.7448
2391,447.77386,2472.9546,927.55786,905.4521,315.18375,6721.3066,2140.4893,1018.2686,0,0,0,0,0,0,0,0,0,0,106.23631,0
2397,0,15830.512,0,13724.936,0,6203.691,0,9015.538,0,1546.8612,0,5901.389,2853.1587,0,0,1886.2966,0,0,4835.763,3953.761
2398,11666.419,52893.08,21096.727,45491.72,7137.722,34969.508,17288.615,18993.945,15586.774,18567.6,29382.51,19089.822,11123.459,21826.188,11642.433,10057.831,10806.374,16276.914,22639.096,17508.387
2399,599.47327,0,1060.2411,0,376.68796,0,438.60443,0,571.39343,0,1291.3406,0,0,584.91675,520.7143,735.90045,584.3653,700.31323,0,0
2401,327.05185,0,212.21654,0,3592.0737,2182.754,5633.235,5174.752,3271.9646,1412.4935,1767.2391,4361.441,2559.1633,4153.655,4642.906,5392.9756,3293.2466,5657.133,7688.1675,7082.8076
2403,0,1906.8539,620.43115,986.44855,297.75812,2017.6963,1565.8002,844.4711,1838.5905,2373.5623,1840.1814,3517.8054,1540.7396,1130.8716,2333.7056,850.80835,2130.8362,3341.2092,3483.8328,2983.3645
2406,0,0,365.35013,286.06186,0,0,0,0,327.2304,0,0,0,0,927.29895,0,2087.557,0,1215.6431,2040.0037,1585.913
2412,0,315.64502,0,234.44759,0,263.76324,0,0,0,147.4681,0,0,132.13701,0,327.94278,188.06625,0,0,132.68277,0
2413,0,747.6627,689.2053,1567.6877,0,760.6213,425.25455,315.5697,398.31125,0,429.80692,793.93774,936.71295,496.6423,337.39862,426.70538,567.34674,649.8512,593.5026,1042.1809
2419,0,1325.0781,2952.1682,0,0,3503.463,0,530.4303,867.70013,1174.7788,0,1136.4645,3777.442,1643.507,920.70667,3479.5593,2096.889,1626.2715,3265.9229,1970.31
2434,0,0,0,0,0,0,0,0,320.23862,700.2315,2550.749,833.7952,1892.9194,1032.792,1602.1521,1766.4137,1403.54,1133.5609,1779.159,1242.4913
2435,0,359.7825,491.09567,0,0,1101.419,318.64792,0,0,663.4979,0,682.2294,1161.4512,772.87195,0,0,840.74097,719.6111,1530.0687,1054.775
2436,0,212.86128,0,73.69758,0,372.6945,227.24832,173.70158,338.63412,448.4949,786.0792,510.72275,1338.9419,751.5504,642.44617,1204.1506,702.71936,654.548,1510.3668,903.3882
2437,0,244.69339,79.97525,181.73886,0,374.0808,238.0103,193.76259,0,233.67767,588.47015,349.9824,985.6821,495.82504,373.65387,811.41003,392.04968,392.80515,977.6072,620.2421
2438,217.56036,239.96724,204.68073,396.83865,0,0,0,0,0,0,0,0,0,201.77594,0,0,179.20268,0,388.55865,0
2439,513.7592,0,0,940.2328,259.7456,215.56567,0,513.43555,209.17256,0,222.2975,0,468.98474,458.74985,346.78256,441.66275,0,280.71588,828.36444,428.8612
2440,179.43182,347.76147,202.11307,296.3985,0,0,0,0,109.703316,0,166.21739,188.71072,0,0,109.97621,0,0,0,0,98.92602
2445,238.3998,0,798.3002,840.7,142.20403,0,569.96924,225.73705,0,0,0,0,0,0,0,0,0,0,0,0
2446,0,749.86816,489.80005,640.5557,0,0,222.14734,358.65933,0,0,0,0,0,0,0,0,0,0,0,0
2448,0,1435.0605,0,0,304.03064,1078.3119,751.32416,690.3984,0,0,0,0,0,0,0,0,273.1542,0,0,224.37424
2449,0,0,0,0,0,705.87537,523.839,0,307.42462,419.12573,0,477.10327,551.9286,469.73804,321.39938,674.77405,361.96692,455.77347,772.6316,668.7013
2454,0,0,0,0,0,237.77577,0,0,189.19766,359.53534,1023.4117,366.5537,567.0128,436.7188,665.78174,620.55664,579.4746,432.0039,812.51996,568.06586
2455,0,216.76755,0,134.39542,0,159.48364,0,0,0,161.6916,0,221.49756,353.88553,233.46825,0,330.67554,0,171.98558,358.36975,195.29779
2456,278.19403,1446.4436,504.82452,1345.8507,169.63834,879.7068,505.1202,621.34827,439.01797,534.39404,657.7906,527.021,425.82397,536.64795,325.28928,343.561,325.46936,403.33707,735.4518,526.01373
2460,0,0,0,0,0,0,0,0,0,0,0,0,594.17535,430.27142,376.62524,558.46497,0,0,587.38245,0
2461,0,1120.2289,0,0,0,1066.1576,0,0,704.7764,1130.5565,1294.9602,1230.8926,697.3821,0,0,727.617,0,548.2485,1043.1157,625.701
2462,0,680.75256,0,428.13092,93.540054,1043.158,473.4402,360.4164,348.04202,519.9597,604.5573,510.02734,495.4573,635.6461,369.1201,596.82416,409.43915,574.07684,826.69354,617.43866
2463,101.343285,501.23984,0,279.57925,0,0,0,0,0,0,0,0,0,0,0,0,0,0,0,0
2471,0,739.96344,276.96478,536.12366,224.99414,733.3008,1288.8263,530.25555,629.7212,833.50214,1331.474,533.2785,642.3237,1433.6818,744.78394,1003.4978,1244.1987,1410.6616,1349.1426,1398.9052
2473,0,0,95.14713,0,0,223.71043,0,0,339.84314,332.9226,520.7821,218.72417,0,373.4558,171.55771,239.64423,343.08688,301.3803,347.76083,249.02197
2474,0,0,0,408.11517,0,0,189.66765,0,0,207.76683,298.5168,146.1087,225.21188,193.36212,0,212.51614,0,0,0,0
2475,0,948.9228,0,0,0,2034.5646,270.5563,0,1902.7756,3250.4265,2013.2089,2317.754,1020.53235,1531.2893,800.2114,1293.5717,1292.425,2050.5945,2033.916,1819.9734
2481,212.2343,298.51154,0,586.90753,0,0,0,0,0,0,0,0,0,0,0,0,0,0,0,0
2483,0,0,0,0,0,0,0,0,0,0,119.04853,97.99555,123.32284,0,97.42323,226.63872,0,0,237.40659,119.54627
2487,162.75748,533.9403,0,1180.3601,0,0,0,345.40604,0,0,0,0,0,0,0,0,0,0,0,0
2494,0,229.24768,0,0,222.09721,213.59404,0,381.30887,0,361.31876,0,241.01295,0,165.9428,0,273.86716,0,0,204.13026,0
2496,415.87692,3312.2336,4105.4697,2529.0166,327.12128,4554.249,2406.147,1663.8138,1587.0988,1821.4117,1957.8832,2152.0667,2266.4956,1790.7633,1031.3806,1287.3192,3187.258,2161.429,4035.3364,4084.2754
2497,0,593.5373,566.74115,342.0884,0,659.46954,277.6514,228.51833,236.5851,326.45212,442.0631,374.14426,380.88782,335.04285,0,473.08752,626.3092,411.46295,745.60004,707.62463
2503,0,236.25758,240.7647,314.5572,0,230.93283,0,168.56392,0,0,0,0,0,0,0,0,0,0,495.25797,182.50598
2504,0,0,0,0,0,229.87303,96.82514,0,0,0,162.26634,0,394.27264,162.19133,134.7489,720.8577,343.22208,190.45453,654.53674,212.46571
2509,0,0,0,0,0,0,0,0,175.59839,227.27747,0,0,641.7393,0,1630.3733,1605.1877,0,0,422.5091,251.37892
2510,0,0,0,0,0,465.55597,175.38649,0,308.8967,390.57263,368.43652,360.6106,680.0632,372.69064,347.17477,564.8004,242.7852,507.90976,573.70215,0
2511,0,881.72833,0,0,0,451.2601,0,0,352.9894,486.8572,403.3248,442.3083,868.04803,308.44598,244.07843,647.7707,0,626.5617,908.7827,779.91986
2512,314.8121,2003.8507,1041.2805,1344.1544,0,1475.2935,1000.68915,892.0405,675.60565,684.4606,688.9307,923.724,1010.97644,915.45233,528.3818,812.01105,609.9666,816.1292,1301.6094,835.5434
2519,0,1213.1743,0,0,0,986.4862,216.76573,0,534.0725,851.68445,2088.7983,1204.8856,1434.8215,1447.9326,1239.7112,2214.3555,2004.6353,1512.2301,3176.435,2329.483
2520,0,0,0,0,0,0,0,0,0,0,512.2058,0,581.0938,426.44482,415.10742,717.789,543.94165,527.3128,844.9287,707.3285
2524,0,384.76157,0,0,0,626.8817,242.33205,0,283.9322,409.26752,244.21104,344.38165,929.4104,428.8287,348.28366,775.325,371.0592,524.4018,1080.5071,818.9937
2531,0,503.32755,0,0,0,0,0,0,243.38153,425.00864,1296.8196,463.68143,1078.6584,733.0322,1112.2854,1343.2472,994.5276,820.3563,1405.9077,1170.7385
2545,402.75232,1430.295,624.7882,1164.1622,219.86815,0,0,550.04065,282.4666,334.67056,544.11615,0,171.22867,0,0,0,0,0,0,0
2546,381.24695,1357.1884,923.9995,294.97617,0,0,0,0,0,0,0,0,0,0,0,0,0,0,333.44116,0
2549,0,678.1473,0,0,0,1463.2155,0,184.24208,465.65533,722.0915,502.73456,701.4522,297.3681,693.6305,0,489.28494,562.42175,898.96466,917.08466,819.2946
2554,0,701.8471,0,370.98196,0,607.5516,0,0,435.4963,782.1963,770.1151,788.69293,3875.8894,1311.8601,1901.6783,1643.7821,460.30695,1010.1268,842.1308,818.50006
2560,0,498.55234,286.2201,315.64822,0,0,312.43918,139.82018,264.4214,191.10919,425.56363,258.4886,175.05069,390.1524,0,291.84943,228.58743,360.21454,478.01712,340.3353
2571,0,868.62274,0,0,0,1562.0911,0,176.20212,1023.39136,1584.9216,1377.2523,1472.9574,738.6357,1096.818,458.875,818.8777,914.26373,1365.6002,1710.3032,1311.3367
2572,1044.6564,7775.176,3844.3464,0,0,0,0,0,0,0,0,0,0,0,0,0,0,0,0,0
2573,0,0,0,0,0,0,0,0,0,0,0,0,948.759,351.2066,577.39624,426.0599,0,0,0,0
2579,0,778.78345,402.88248,632.39526,0,700.2851,405.15793,477.10477,502.2593,471.6858,791.5557,526.8205,0,375.61438,0,0,0,389.8724,561.8932,564.61615
2580,0,397.46832,176.75642,318.41937,0,367.99597,165.22365,186.38441,0,218.52124,202.35094,332.63785,0,0,0,0,152.2132,0,226.17702,364.1762
2581,0,0,0,0,0,0,0,0,582.77466,341.457,1961.8802,524.4257,0,655.2497,298.42505,0,398.9595,518.43054,478.15103,347.82602
2582,0,0,0,0,0,416.8552,0,0,617.8743,392.8322,1633.5579,525.34894,211.74338,589.4149,344.981,179.8908,400.0796,440.47464,510.3794,405.5885
2583,178.74278,0,0,0,0,0,0,0,321.09824,152.01555,0,189.37888,0,171.30136,477.58963,230.11903,278.8584,271.50208,198.32014,0
2585,0,1411.5089,0,0,0,1603.5972,641.6714,188.33363,1060.6995,1342.7719,503.33063,1115.9369,1091.1057,387.77856,537.35266,569.5437,0,455.65536,523.02765,0
2587,2422.5269,0,213.61084,1499.9496,1068.7306,0,0,1281.5485,334.84085,0,0,610.89087,1465.2905,1040.5448,377.48288,1058.217,848.3612,590.3878,961.6373,437.06448
2588,0,546.01416,0,274.72852,0,456.96353,238.35623,184.39534,0,0,251.59393,0,0,0,201.37993,0,263.17563,195.67271,322.49054,276.67108
2589,236.5272,1836.5118,933.4302,1418.5461,223.06006,2539.314,1290.604,1102.5352,770.80096,763.83344,1083.327,1103.9814,1006.1394,714.27435,508.0009,757.01245,1075.3778,1068.8942,1265.96,1334.2378
2603,0,775.55365,507.64624,0,0,615.1594,471.36697,268.96597,194.42221,290.87637,410.56738,356.53058,221.14606,334.98172,0,180.886,0,259.47818,304.1644,0
2608,0,663.8335,0,0,0,1654.1176,0,0,679.5474,1445.188,1016.1536,747.3649,244.045,1532.4517,0,387.91815,829.5851,1410.0131,1420.1106,1378.9677
2609,0,0,0,0,0,1386.0521,402.4681,224.64775,0,0,0,0,0,0,0,0,0,0,0,0
2613,0,423.67062,0,169.2552,0,0,0,170.5638,195.5846,226.79399,264.44043,0,636.6834,378.67706,230.11874,496.66544,276.1007,340.846,579.96277,466.7688
2614,0,0,0,0,0,0,0,0,0,0,247.3434,146.01797,280.4665,192.65024,152.64444,0,0,0,249.2647,0
2619,309.3397,715.0371,0,0,0,381.31494,210.65758,338.5473,0,0,0,0,0,0,0,0,0,0,0,0
2624,0,1256.6556,0,1472.4562,0,0,0,0,0,304.39465,510.37872,0,0,1470.8112,160.63994,2345.5176,621.8521,0,0,0
2626,0,823.3455,0,0,0,916.024,0,0,0,0,834.7613,0,1317.8391,437.19662,561.7076,875.629,626.24274,0,1269.8729,628.35754
2634,0,481.08994,497.36063,849.8562,0,0,203.07376,312.5607,0,0,0,0,0,0,0,0,0,0,0,0
2635,170.43214,0,381.94763,603.72876,0,0,144.58351,249.25337,0,0,0,0,0,0,0,0,0,0,0,0
2636,384.2695,715.2723,657.4765,1554.8037,0,664.5772,342.65463,458.19006,0,0,0,0,0,0,0,0,0,0,0,0
2638,0,548.27686,213.04417,464.1126,0,0,0,251.73956,153.19373,0,237.11249,169.41208,0,0,0,0,0,0,329.9835,0
2640,0,0,0,0,0,0,834.2909,0,0,1929.84,0,1775.8727,853.57367,0,1008.1344,1411.9298,524.90845,1099.5208,2531.6377,0
2647,0,0,0,0,0,0,0,0,387.36743,566.1689,1329.284,971.446,0,0,0,208.33081,240.02817,0,308.60138,0
2648,0,0,0,0,0,363.40662,0,0,519.8167,902.9569,1611.4087,1175.4916,464.64404,441.79062,0,670.05536,712.93805,425.16525,813.7389,548.7189
2651,0,656.9755,0,0,0,799.86633,0,0,479.38577,0,568.38464,572.945,334.09067,0,229.18294,0,0,465.589,590.59503,0
2661,0,0,0,0,0,0,0,0,221.22015,321.19144,463.6309,0,0,476.64484,173.70741,0,310.426,266.64047,392.2176,0
2671,214.0597,470.33798,541.66473,846.5272,0,0,261.40475,231.82472,0,0,0,0,0,0,0,0,0,0,0,0
2677,0,1305.7493,1401.8124,1643.8188,112.31808,733.5009,818.4617,705.8125,800.0066,450.5486,1309.502,798.3902,0,1229.4619,586.20386,139.2551,2167.2773,1838.9755,864.8341,1093.4106
2678,0,246.69006,0,0,0,459.70868,183.87599,0,378.7753,258.92123,834.40344,468.1843,411.86038,799.9035,361.30634,302.28842,672.09186,528.5895,938.98926,796.9324
2679,0,0,0,0,0,511.1744,213.16602,0,363.65073,279.679,804.5388,508.06998,624.34625,783.6211,374.88986,0,622.9364,594.3836,893.8073,632.3824
2680,0,0,290.09033,0,0,238.71408,245.78494,0,130.92462,135.93771,251.32243,154.74026,168.7894,200.30411,184.85547,220.4178,0,0,308.83362,133.85567
2681,0,237.76561,444.5368,0,0,302.07153,359.82797,108.49412,217.48503,120.05513,433.77087,226.96788,315.07803,302.94894,316.905,458.01767,233.81836,0,433.15527,0
2682,1362.1221,2282.1812,2026.2028,1411.9799,4210.328,1606.8601,1130.6115,4272.463,1541.5726,2374.3867,2357.545,4042.763,3976.049,1121.2527,1652.8154,3889.1697,1470.5823,1387.2719,2451.0867,1244.0806
2683,0,0,0,0,0,0,0,0,0,0,504.99042,0,458.7482,500.70346,0,415.35294,489.62924,512.0639,906.1168,813.73474
2684,0,335.44092,0,0,0,572.80164,440.16083,137.90198,528.08624,423.76764,156.01721,0,517.3911,1115.1957,0,304.61575,0,682.27203,309.75458,617.7349
2685,0,1508.2711,726.3635,1806.1968,0,0,744.9112,0,336.9523,605.99677,0,0,340.75046,1340.5505,163.69878,270.9005,0,0,536.5349,0
2692,181.6551,582.504,439.69788,885.68896,0,251.82433,0,332.88565,0,0,0,0,174.59224,0,0,0,0,0,0,0
2696,0,1313.0114,0,566.11194,0,193.2456,349.22028,314.52255,0,0,138.5909,0,0,0,0,0,150.45189,0,0,0
2697,549.4328,3145.5193,1011.17487,4244.507,519.2635,1144.0223,2398.3945,1661.574,413.7902,404.78906,723.5948,712.06616,370.60303,289.0345,0,285.5628,781.38806,386.12408,521.4661,1311.5725
2698,589.1954,0,354.05035,952.21265,2402.6619,0,0,1218.863,0,0,0,0,0,0,893.2588,0,260.66812,0,144.63063,0
2700,0,3675.8647,348.92346,526.72375,133.33078,7141.6143,763.04767,805.1134,2033.8329,2657.6755,2403.6797,2001.2833,842.1688,1734.4265,1374.303,1521.3789,1351.5387,1813.9368,1851.0165,2113.6787
2701,144.39983,364.12064,316.38348,573.7023,0,0,0,0,0,0,0,0,0,0,0,0,0,0,0,0
2705,2493.1335,2522.6313,2660.7415,3392.309,284.45087,2416.4722,1547.3346,2550.3306,3060.1997,1540.5,2903.525,1811.6925,3202.022,3956.924,1311.8141,2316.4478,2402.4204,2639.2156,1607.15,2126.7827
2706,0,241.46983,373.5936,198.82863,0,195.31941,0,0,0,0,0,0,0,0,0,0,0,0,0,0
2707,781.25366,1556.7291,1659.5724,1317.9174,0,948.67914,0,928.3717,248.0498,0,0,0,0,0,0,325.44077,0,0,0,0
2710,206.28198,1459.4009,0,518.33685,0,1117.5186,770.7591,473.29987,338.61502,577.7291,695.05896,449.32578,539.05237,756.97626,0,828.7517,442.62302,535.005,985.7501,723.68823
2719,0,1150.8439,0,0,0,1212.2598,0,0,472.36575,1123.3097,586.0433,563.24646,0,420.9238,0,0,0,375.16382,396.1218,436.95837
2721,0,0,0,0,0,0,0,0,0,0,530.167,168.94781,519.7449,263.6504,338.91354,454.7571,298.61185,0,518.588,341.5048
2729,0,886.1911,0,0,0,0,0,0,0,0,538.73236,0,737.663,336.80008,367.22348,509.7295,309.5978,451.08447,998.25146,472.81387
2735,0,0,0,0,0,129.25835,0,0,0,0,113.77489,156.60742,266.55664,0,0,341.12265,250.81403,99.30918,349.71317,0
2737,2670.593,4655.5146,3615.9775,4323.562,975.6005,5560.469,1211.341,2088.8994,989.46643,914.0526,1490.4093,993.8946,913.5466,996.6888,1199.4037,985.6823,561.844,621.4464,894.1819,612.91003
2740,0,0,0,0,0,0,0,0,192.75287,0,398.1485,262.4327,0,0,141.03807,0,191.35321,208.68042,341.06055,218.39003
2743,0,245.97482,0,0,0,0,0,127.76638,265.21924,338.54633,361.49344,403.3854,479.8954,292.4829,233.3882,568.8726,229.0783,276.90906,562.3903,356.5324
2760,0,300.8907,221.41962,348.25137,0,518.4053,266.31445,272.17044,157.44115,133.62932,313.8229,139.08308,0,0,0,0,0,0,151.01303,0
2762,0,1081.2142,256.3749,423.21536,0,0,0,0,0,0,0,0,0,341.08142,0,184.62482,0,0,328.57596,0
2763,0,759.0423,0,0,0,578.0927,149.65681,158.74657,649.77637,589.8352,827.76733,726.80164,0,1027.1178,247.45412,0,410.6094,749.9041,947.1868,921.3286
2764,0,201.0617,202.59375,398.09552,0,0,0,141.06142,0,0,0,0,0,0,0,0,0,0,0,0
2767,0,0,0,0,0,0,0,0,217.86003,330.48154,699.429,339.60947,0,221.62978,0,260.9084,0,400.24338,1120.4818,640.5608
2768,0,0,0,0,0,0,0,0,147.54143,0,0,201.86891,0,181.98183,0,223.30891,220.02133,208.59369,566.4841,266.4091
2769,0,502.65585,378.28024,741.2126,0,0,139.72385,351.8867,0,0,0,0,0,0,0,0,0,0,0,0
2770,0,0,0,0,0,0,0,0,0,0,0,0,258.7856,0,204.80319,184.57104,0,0,186.57294,0
2772,0,526.7904,453.36658,933.19727,0,0,0,338.997,0,0,0,0,0,0,0,0,0,0,0,0
2777,0,0,0,0,0,0,0,0,0,0,398.06958,0,243.40326,229.23161,189.37825,409.18994,346.09232,240.55801,0,0
2784,0,0,0,0,0,0,325.18832,0,0,0,0,523.90814,0,0,0,533.14197,390.3084,261.89197,587.1027,0
2796,0,0,0,0,0,0,0,0,149.32089,0,359.45258,274.36572,284.73163,0,147.96234,199.2757,129.42711,114.57261,387.80228,150.2539
2798,0,0,0,0,0,0,0,0,0,0,0,0,271.2116,0,229.74643,0,381.42828,0,310.35266,707.54675
2805,164.08897,1053.7277,0,0,0,557.3559,263.15143,0,380.125,0,814.0717,592.5005,1037.0447,609.59735,594.25024,959.5037,518.46173,486.53085,1106.6095,733.5388
2806,0,0,0,0,0,668.50134,0,0,587.49097,1123.8345,704.9756,776.7841,310.28494,483.7669,264.69553,417.8107,404.3857,636.4468,593.90796,603.6229
2817,200.88829,704.7239,543.05273,1292.4186,0,318.63,0,458.77823,0,0,0,0,0,0,0,0,0,0,0,0
2821,0,0,0,0,0,0,0,0,0,0,0,0,112.12501,213.64447,129.321,0,0,151.24794,0,141.73935
2823,0,0,0,0,0,0,0,0,0,76.95407,97.96469,139.87389,252.7255,0,0,434.38574,0,108.63944,459.2446,0
2825,0,0,0,0,0,0,0,0,114.59895,0,0,0,165.72963,147.17946,182.57831,0,0,0,269.30402,151.08202
2827,961.37384,1485.6525,1670.7665,1623.0627,439.12164,2394.881,3288.2883,1729.5707,2373.062,3350.9993,1599.5416,2911.9932,1808.7008,1049.9946,3377.9473,3392.4087,2021.3435,3490.5996,2800.188,2762.9456
2847,0,0,0,0,0,970.9908,0,0,497.33258,468.23343,502.17783,0,0,0,268.10492,0,0,0,298.24155,0
2849,800.3418,2652.374,1482.9169,1488.2255,861.8546,0,1269.9072,897.9044,0,0,0,0,0,0,0,0,0,0,0,0
2867,0,985.8377,0,331.27353,0,1255.2574,657.46295,0,734.68506,846.4795,967.07245,743.3172,645.126,1238.9305,599.6839,597.4299,880.6821,1106.9185,1470.2386,1044.1815
2868,5887.3164,1633.2904,1829.5709,4414.1265,7884.9243,0,1746.4562,4398.7065,1541.9684,0,0,4165.1987,2775.2615,1419.171,6543.749,3776.0576,3132.6682,2034.5554,6413.4434,2188.6863
2870,0,314.63348,0,0,0,547.3285,0,0,173.0521,469.05298,306.4189,302.52625,0,288.94678,0,304.9431,288.8352,433.42456,342.14304,472.53513
2871,0,0,0,0,0,0,0,162.72664,0,0,0,337.4035,580.56476,0,239.73224,405.01608,0,0,430.78223,0
2880,0,0,0,0,0,631.9847,0,0,395.17957,623.5601,468.5653,566.5384,0,441.55032,176.33504,0,340.66043,506.41974,641.64465,489.64484
2881,0,0,0,0,0,436.8807,0,0,255.541,0,332.93018,0,0,0,0,0,196.11833,212.57845,314.5102,327.25687
2883,0,1028.1663,325.8472,960.0284,0,0,0,411.55206,0,0,403.8551,253.41824,237.51778,0,319.03125,241.07948,0,0,0,0
2889,179.85608,832.7786,420.45752,639.52216,186.27654,614.6012,576.0062,504.65326,645.6224,888.26135,829.8418,1202.9924,1388.2325,1120.7236,580.86975,1227.9657,775.9319,721.01263,1873.4347,1158.5107
2891,0,208.61455,111.47378,243.26894,0,405.98624,0,178.37886,0,192.30014,250.66986,249.07245,283.65607,0,214.34334,363.99136,149.9405,0,341.1892,209.02213
2903,0,1259.4656,0,631.331,0,0,0,396.75058,657.20715,880.4768,970.19507,1079.8198,1163.702,926.63336,775.0934,1367.1456,670.1129,642.89923,1464.9607,887.4252
2908,0,0,0,0,0,368.0167,0,0,264.25388,323.65396,299.1952,0,585.0098,419.3942,384.08484,593.7002,366.30252,460.8381,778.0698,539.5594
2914,0,0,0,0,0,0,0,0,180.05496,219.76299,386.82336,0,285.27148,0,127.05113,231.0945,235.88681,0,682.4066,284.13507
2921,0,320.1273,0,0,0,579.3461,0,0,220.31476,499.06738,0,325.45245,0,514.45215,0,161.90341,307.4612,490.07242,483.28976,489.7244
2937,277.38516,892.9005,527.64954,382.28534,0,0,200.50085,0,0,0,0,0,0,0,0,0,0,0,0,0
2938,0,0,0,454.50003,0,484.7985,295.86777,325.1996,375.79587,455.25687,606.4327,584.88885,639.80554,288.24646,379.6896,567.78815,217.52733,0,650.8478,0
2942,399.87253,0,0,0,0,0,320.55035,158.24706,155.22794,0,0,0,503.47708,0,785.52,568.4753,377.88184,322.3153,0,0
2944,0,437.86676,0,235.93866,0,373.12863,296.61023,177.90245,182.71936,192.6518,0,271.75647,266.53458,193.29572,266.60107,281.90436,306.4257,0,280.15024,191.34772
2948,0,854.6303,402.3527,450.22803,0,374.3136,332.52512,0,322.8073,277.63284,404.22787,217.82722,0,255.16379,0,0,177.09816,371.9885,240.44942,211.33098
2950,0,1077.1462,0,1048.3037,0,1545.8759,798.5085,1023.1394,994.97253,1194.3271,1168.5922,1403.1772,2434.1904,1409.7188,1162.8273,1742.1569,681.63794,676.5914,2926.2449,1328.7994
2959,0,1470.1605,0,248.1318,0,2915.6438,315.07037,314.4315,780.98706,1065.4574,967.2146,784.668,343.10214,723.7226,0,604.68994,556.57965,710.6021,805.29834,910.39734
2970,311.60916,794.39777,385.9584,609.4576,0,401.24,329.45566,271.8515,202.13867,183.70662,402.02246,278.1829,432.53525,455.65488,376.6311,353.37793,369.10846,271.27875,563.30615,399.25537
2973,0,0,234.84415,231.1576,0,399.7879,340.25275,263.4483,175.73398,0,197.00595,0,348.00858,299.82727,211.7475,569.9826,307.30603,268.1884,778.1145,628.23615
2976,171.47838,757.08594,188.70764,641.2767,0,510.77936,461.6884,584.30536,0,0,185.45346,0,990.0889,291.77954,505.13626,352.6536,321.31705,226.86975,356.55417,266.77448
2977,0,1921.4929,0,0,0,1574.2865,592.68384,549.5977,1266.684,1218.6835,2166.1035,1927.2621,298.31436,499.22797,354.37723,0,456.31494,803.6646,1220.5306,897.2811
2979,0,0,0,0,0,1599.1035,0,0,588.9159,634.9207,975.093,707.5199,973.27625,629.97614,653.4802,902.023,529.83655,648.90625,1202.9296,998.1913
2980,1776.4131,3501.8499,3213.9631,2267.3113,2279.307,0,1906.3177,0,0,0,0,0,0,0,0,0,0,0,0,0
2983,0,0,0,0,0,357.82715,0,0,0,0,301.15933,0,597.3016,283.00912,347.628,524.80896,0,0,0,329.26236
2984,356.61313,2806.2437,422.57547,6246.0317,132.94038,1842.0415,607.31616,404.1233,515.57043,562.82855,403.14075,535.9646,566.23193,447.2742,404.4132,952.095,555.23694,320.39062,437.52515,361.09286
2985,476.1502,612.0938,428.23068,0,0,925.44495,664.0619,551.7276,495.6952,905.2885,760.0908,664.48016,1837.9237,466.63275,1495.2736,2207.4915,1014.55927,523.849,946.86237,1479.8654
2987,0,0,0,0,0,0,0,0,0,206.84369,257.1577,165.69698,0,0,0,158.95348,0,0,0,134.41861
2988,0,443.53882,218.6083,231.39929,0,204.81139,0,0,0,222.14688,0,141.15804,0,0,0,0,0,0,0,0
2995,0,304.56528,0,0,0,0,143.24191,0,0,208.07167,277.54602,322.54727,197.50357,214.68512,0,207.43263,187.23874,0,431.16904,0
2996,0,257.66385,0,0,0,219.79102,0,114.3038,124.875244,192.46,177.03392,217.1396,137.21889,0,0,0,0,0,327.3993,199.8097
3007,0,0,0,0,0,0,0,0,0,0,0,0,143.0211,0,363.72873,120.76784,0,104.574104,0,0
3008,0,130.8434,520.97235,458.05746,0,0,339.5107,231.37569,0,0,0,0,0,0,0,0,0,108.066124,95.83501,0
3024,0,0,0,0,0,411.22806,0,270.52777,0,333.65796,700.5539,344.4038,589.643,323.6624,257.51056,0,178.24884,230.6514,308.90878,0
3032,0,337.28802,0,226.13849,0,0,0,202.42244,0,0,0,0,0,176.81017,0,138.44234,0,160.36514,240.101,133.53165
3034,0,280.44608,0,298.179,0,902.4768,301.98743,431.46936,209.20204,408.2376,697.9079,329.62485,817.1998,373.14084,384.04572,351.87457,305.83417,385.51923,526.5005,391.1053
3035,0,401.50388,0,0,0,739.933,244.07611,427.5908,256.1874,747.9833,1741.2471,700.5619,726.80646,454.3269,358.53052,420.76407,269.29916,366.02667,507.89896,250.06367
3042,0,0,0,0,0,371.39752,166.65761,0,0,390.88773,219.52608,322.29007,304.80728,0,0,511.45148,345.66824,0,275.0855,581.2937
3043,0,194.53714,0,0,0,264.80368,0,0,0,250.3761,215.29886,199.52737,243.0809,0,121.275375,330.1977,251.11087,108.97043,0,442.82562
3045,0,229.42746,0,0,0,373.14426,0,0,195.26813,290.33057,523.67737,450.58685,875.7806,379.40622,483.71982,642.83746,415.67752,326.9759,930.9744,492.81836
3047,0,0,0,0,0,0,0,199.98447,140.13016,156.03499,354.7559,194.57945,223.89232,0,112.98838,229.26212,0,0,227.90538,195.40244
3048,616.9317,1217.7394,1061.6478,603.5341,490.1351,0,490.5652,810.93365,0,0,0,0,0,0,0,0,0,0,0,0
3049,0,0,0,0,0,0,0,0,0,0,153.91032,0,244.72856,139.50385,93.41483,177.55272,0,128.97784,189.90138,221.48656
3054,21585.977,18607.383,19554.953,18668.672,15189.282,18855.266,20975.54,20405.71,23914.84,28026.484,25847.707,20348.01,20076.24,20305.447,25639.275,20540.889,22837.984,22736.41,19539.697,20369.55
3056,88.94878,0,0,0,99.28319,196.54451,203.79097,111.0573,353.47516,235.06029,282.34506,251.27168,230.60175,268.3557,0,183.45331,209.72496,182.97285,283.29202,135.95555
3057,0,269.77087,647.0315,0,209.48494,0,276.10812,688.51526,0,0,0,0,0,0,0,0,0,0,0,0
3058,0,0,409.97696,0,140.88252,0,229.61107,293.7712,0,0,0,0,0,0,0,0,0,0,0,0
3069,0,988.9996,438.70673,962.6161,0,491.31534,361.7199,574.6298,0,0,186.82991,0,0,198.24294,0,176.13086,0,160.32025,385.63864,240.68184
3070,0,924.3783,442.8206,687.30164,127.56534,385.65616,0,438.6096,0,0,195.05894,177.44238,0,186.18837,0,163.89142,144.04384,0,251.05475,199.16843
3082,281.40292,676.0725,729.6349,460.52216,79.55694,444.2097,281.4044,389.32446,0,0,0,0,0,0,0,0,0,0,0,0
3083,0,363.04373,181.02959,273.16638,0,0,0,0,422.6906,336.89963,386.28903,555.04407,461.8112,243.44339,493.0989,354.51266,0,263.2632,369.63678,368.72443
3094,0,400.95868,0,401.7892,0,322.7445,241.68143,0,425.96982,456.95087,0,773.2335,420.516,0,1085.2928,668.4153,760.99976,574.5407,752.86194,669.9174
3095,1327.0833,1923.0546,1481.6439,2073.0703,491.91528,1089.0831,1305.8064,1075.8788,765.423,612.58655,1350.4525,831.46436,1094.3796,1485.2357,1357.6863,1040.9811,1281.9775,1157.5815,1631.7783,1122.128
3098,0,361.81158,0,0,0,459.2994,0,372.2214,163.08174,362.9349,841.7685,0,930.2332,526.43567,370.57007,470.4372,0,294.14536,364.40683,267.76706
3101,0,0,0,0,0,0,110.51267,0,0,0,0,0,405.7114,200.47144,185.6276,218.51495,136.5427,0,0,0
3102,0,0,0,0,0,289.76807,0,0,0,0,314.95303,0,422.25027,0,238.28215,393.68854,200.73598,184.67819,355.67633,344.43475
3106,0,471.94168,135.27103,0,0,411.48676,287.8658,213.5403,325.52527,445.59152,328.43475,559.7148,402.96857,0,0,0,0,233.5835,371.13974,0
3113,0,0,0,0,1422.8173,399.53253,0,413.9136,1785.8662,0,197.78581,4004.859,489.28006,362.25372,0,2069.4624,714.14453,678.9134,1492.2645,2368.174
3114,266.24872,311.91174,291.78494,347.97064,0,0,0,0,0,0,0,0,0,0,0,0,0,0,0,0
3122,0,0,228.24442,0,0,111.73203,352.6583,603.4232,0,0,0,0,0,0,0,0,0,0,0,0
3125,183.90074,662.95636,330.25897,151.78908,0,1313.8582,215.49254,242.43462,0,0,0,0,0,0,0,0,0,0,0,0
3130,0,0,0,0,0,0,0,0,0,0,266.83603,245.69672,184.85387,154.95848,182.69629,193.52177,0,0,299.5833,0
3135,0,0,0,0,0,165.42497,108.07148,0,196.52678,160.22203,437.7189,301.02847,0,0,0,152.34851,211.15433,182.72934,0,231.30862
3138,3681.135,5471.1265,4127.0156,5435.9565,1391.3282,3845.0166,3484.546,3256.6365,1969.2166,1518.0289,3772.1145,2538.0508,2662.0588,4567.3096,4124.986,2648.6274,3698.2893,4389.142,5116.692,3545.483
3139,0,0,975.0103,0,0,0,978.60706,0,450.5434,0,916.9093,0,0,0,0,0,837.5486,0,0,0
3147,0,0,0,0,0,0,0,0,113.481834,0,510.5327,256.21875,0,0,0,0,0,0,0,0
3156,0,1943.7163,390.7079,1103.7086,0,356.32532,374.50955,387.22717,318.36047,514.47955,308.15576,741.46185,0,0,0,0,0,0,0,0
3159,269.2017,1791.2141,694.20496,1174.5115,0,1252.9827,908.182,686.2093,854.2824,1022.4189,1069.5782,1273.0385,1066.0764,623.02106,2155.6968,1012.9979,1644.7657,1617.8807,1564.2742,1428.6775
3160,305.76562,3040.336,938.78345,1493.8568,387.18695,3051.8616,2262.943,1325.3297,2704.9324,3486.6504,2681.282,5276.308,2188.437,1654.5693,3272.3105,1159.7865,3210.4194,4936.474,5157.11,4576.4546
3168,0,0,0,246.984,0,0,165.38428,0,319.09238,320.42877,0,519.8625,259.27557,0,249.46063,0,364.38257,0,0,383.48962
3176,0,629.8624,235.47072,650.4854,0,414.47574,400.6303,470.2386,386.95914,478.59753,566.02576,899.2143,600.382,402.42972,1021.0754,920.861,1004.01025,652.0911,868.0302,638.2389
3180,971.36554,1162.7872,1330.6597,401.74667,237.05766,2460.8413,2001.4454,568.5884,0,0,0,0,0,0,0,0,0,0,0,0
3181,0,0,0,0,0,0,0,0,0,0,0,253.35278,0,157.27129,0,0,129.25035,202.02759,307.9196,282.32056
3188,627.736,1540.358,642.23145,1090.4867,0,577.33795,374.01788,647.72687,320.50604,448.43347,466.7312,650.6209,894.2209,522.46796,437.52164,750.0568,348.7889,0,925.9353,492.44995
3193,0,491.59723,0,376.9225,0,229.59702,237.35947,0,287.2983,348.74084,339.79205,357.41327,0,0,273.6187,0,0,321.31662,0,331.20743
3194,0,1137.1544,423.06332,700.12756,0,502.47937,540.769,377.4828,611.81586,657.6442,745.7258,797.01044,493.93732,413.3728,644.38635,327.8544,933.7988,743.9964,708.6314,764.834
3196,0,335.72998,0,227.01329,0,231.86201,200.1689,0,220.73946,205.74776,265.0163,447.2264,235.3692,165.92415,485.64316,206.545,456.89688,405.79938,477.71747,390.45087
3206,0,0,0,0,0,0,0,0,149.67813,0,0,0,234.68718,0,324.21573,193.29346,0,0,0,0
3208,658.92236,1960.302,1060.4731,335.8483,0,1885.8335,892.5148,900.6083,0,0,0,0,837.4794,619.79517,263.1967,1126.5431,698.6502,346.7827,1830.4417,1067.6296
3215,370.70078,1636.9609,835.49475,2256.1082,423.64273,2146.4119,1483.014,1958.0995,904.46423,1177.0647,1425.1863,1428.4325,1409.9265,913.82947,700.9978,1356.4292,808.9695,872.43475,2284.2708,1400.8503
3219,278.37766,1387.2402,448.28415,1476.5999,0,729.7091,657.4489,918.6573,495.2363,669.6952,492.90753,932.57117,0,0,0,0,0,0,0,0
3222,0,275.19022,0,194.857,0,165.70251,0,0,0,0,0,241.40584,239.99382,0,92.55379,210.21848,0,0,239.97774,0
3228,172.51912,1785.9825,1695.0115,1085.1183,0,637.74567,797.5063,486.33994,533.6392,0,0,0,0,0,458.6262,335.04504,0,0,0,0
3229,0,396.51276,0,207.98517,0,0,0,0,183.23053,0,235.73106,0,179.89378,0,424.63467,0,237.48816,253.00838,0,214.60703
3231,165.82634,496.0742,307.18362,0,0,0,0,0,0,0,600.6089,0,0,0,490.44583,0,392.58917,408.95065,0,383.28842
3233,0,1026.4703,0,861.4381,0,0,301.42877,0,0,0,165.72847,551.4378,0,0,0,0,0,0,0,0
3234,281.59647,275.93665,344.2776,863.21735,0,0,0,0,0,0,0,0,0,0,0,0,0,0,0,0
3236,198.88281,0,438.18033,426.37207,993.11914,2484.8616,2636.753,0,2750.3374,1757.2776,3616.8123,2702.2761,3209.44,4206.667,3578.2952,2979.741,2871.1807,3454.1494,4223.76,3640.83
3237,0,0,0,193.13983,438.89853,1551.4365,1769.6846,524.43335,1488.766,1239.9696,2142.5256,1100.9194,1766.3909,2592.79,1923.8547,1312.073,1776.049,1924.86,2186.0562,1725.6064
3238,0,1453.34,632.3812,1149.5416,0,863.8037,863.01074,675.4419,425.0469,751.8175,865.7723,1025.4149,1497.0809,963.8978,619.0784,1634.7086,754.6688,621.1577,1675.0062,1111.6873
3242,272.6244,0,1252.248,0,0,970.44055,901.6851,299.0329,0,0,0,0,283.8056,124.988144,0,0,0,0,0,0
3243,120.20874,1136.0387,475.225,0,0,0,0,162.52632,0,0,0,0,0,0,0,0,423.5962,0,241.28676,0
3245,0,0,0,0,261.8251,0,477.87305,206.86896,0,0,0,0,0,0,0,0,0,0,0,0
3249,0,196.03197,0,0,0,0,0,0,143.22447,219.2451,298.31552,0,0,163.56102,0,0,0,168.10504,255.70091,174.10927
3251,0,0,0,0,0,114.58268,288.8922,0,225.03296,0,198.3289,0,0,124.07598,315.74722,0,224.80502,233.30869,0,127.274734
3252,247.87189,576.80707,256.2829,490.98648,0,308.72577,0,305.16995,0,0,0,0,223.99733,0,0,0,0,0,297.50092,0
3257,0,131.43318,0,129.22917,0,238.2843,135.57501,113.54824,0,131.4072,179.86375,135.70473,0,0,62.351326,127.850174,0,0,183.45013,140.24644
3258,111.36508,768.0504,548.10284,1173.626,0,346.59894,179.75134,353.3366,0,0,0,0,0,0,0,0,0,0,0,0
3269,0,316.17508,0,137.61995,0,309.6854,0,211.35408,103.52329,0,0,164.48149,121.03103,0,0,123.18272,130.03293,0,265.6081,219.17882
3274,0,314.39047,238.9478,551.2459,0,320.14465,161.27829,280.70087,0,0,0,0,0,0,0,0,0,0,0,0
3275,0,0,0,545.6548,0,345.29092,255.02837,295.11533,346.81235,531.36975,654.12866,581.46246,427.61392,335.5955,203.45198,460.4266,264.59167,311.46793,845.0449,352.49234
3276,1170.2715,1054.6499,1097.6499,1128.159,1002.16003,1055.3458,1111.5277,1104.1624,1210.1063,1694.4193,1502.9231,1160.1049,1076.9468,1191.1857,1422.7388,1094.4596,1197.2545,1197.4282,1217.8453,1211.7291
3277,0,0,0,0,0,0,0,0,0,454.02225,559.45197,930.1053,1013.0694,868.26276,0,849.91205,0,0,1509.6484,652.3806
3282,0,594.5506,0,769.116,0,611.3451,448.36502,473.29877,439.4494,539.7241,683.098,699.49243,533.88135,705.32684,0,617.54285,421.2215,565.02167,1186.5902,778.3032
3283,442.65997,1259.9581,527.37164,874.7511,0,467.79086,306.01505,495.87982,274.16452,375.26556,395.69534,529.3903,700.2299,0,323.56363,665.3905,282.5684,253.2775,747.6297,393.48663
3288,203.39166,2536.4075,7786.823,1088.5045,0,1686.7357,1417.9998,768.9999,678.5954,1385.7404,460.7289,2753.3206,819.7657,596.13074,0,393.08783,1377.9816,291.9359,941.1801,315.44806
3291,0,306.43494,0,0,0,189.55167,166.82173,88.55127,207.03432,334.34485,613.7604,405.27734,173.8847,266.63907,0,175.84914,180.3872,263.75958,537.09155,388.035
3292,160.38216,468.24072,275.82092,411.64496,0,524.41,261.7245,247.50783,266.36987,590.0011,474.47757,412.64175,443.56854,319.9869,281.98465,743.8857,596.52576,403.13464,581.48486,1053.0063
3309,0,0,0,0,0,0,366.08655,0,643.4734,367.10938,856.48096,314.36673,389.5726,333.28247,624.3838,284.34348,437.67007,519.3987,289.54803,308.8762
3311,0,1282.6736,354.71808,337.60266,0,2805.9307,978.9989,528.2641,948.5643,1188.4617,1398.3346,1421.3424,1411.0759,1631.0009,721.0721,1087.0355,920.89215,1185.4717,3389.118,1994.597
3312,0,1146.9644,172.52237,174.11491,0,2509.3772,633.15753,277.52066,728.3374,1327.7572,1714.8158,1564.674,1123.9335,1493.6901,439.7399,851.6106,985.2074,1146.5336,2170.917,1509.0059
3313,248.06046,715.4797,205.21703,971.6953,0,519.6825,405.3787,519.997,231.5852,420.91156,332.6013,478.06433,0,0,0,118.72369,89.876396,0,283.8408,202.60738
3316,0,896.6658,313.288,418.78156,0,817.33453,438.1309,339.72058,284.68115,312.37817,291.18045,266.01077,0,0,0,0,161.19409,307.62634,0,0
3321,913.387,348.36502,361.92908,896.56824,371.68353,279.86514,648.10565,795.8092,0,0,0,0,0,209.55527,0,0,156.3849,180.4422,227.62898,201.97736
3322,456.9352,0,214.9199,379.04068,147.55673,0,373.91022,320.04703,0,0,0,0,0,0,0,0,0,0,0,0
3327,159.69893,457.9965,334.58615,208.9372,413.9966,262.68213,163.16158,622.5332,0,292.53885,0,444.58792,551.9678,0,222.3327,479.95197,190.5859,0,295.884,0
3329,17376.332,15336.281,15980.709,15643.946,13142.417,15624.568,16294.753,16705.951,18495.959,23344.861,20603.686,15709.642,16114.253,16495.45,20465.285,16547.44,18063.879,18591.088,15589.403,16432.713
3334,922.5424,636.44147,2520.891,426.79785,89.34396,291.85275,941.53705,322.5791,0,0,0,0,0,0,0,0,0,0,0,0
3336,7064.845,2131.8298,2769.9907,6448.9385,565.37354,252.98169,1195.7222,1954.0155,944.14435,517.16705,1445.7222,1693.0516,791.3393,1329.8634,1143.7242,1763.6055,1090.3458,656.2181,1974.0803,728.0904
3337,0,1135.7646,0,1617.6343,0,139.63997,469.42035,515.82214,566.78174,380.33722,997.6523,881.2724,404.9899,822.33655,0,837.4869,669.20074,435.52942,1026.298,365.78525
3339,0,0,0,0,115.74607,0,503.5643,156.976,106.51854,0,0,0,0,0,164.14783,0,209.41689,185.34186,139.55144,0
3344,0,285.5906,444.21817,257.40836,0,267.88742,203.36966,290.7182,0,0,0,0,0,0,0,0,0,0,0,0
3350,0,156.93924,0,0,0,489.99448,986.1817,489.01398,0,0,0,0,0,0,0,0,0,0,0,0
3351,141.11626,451.95132,0,0,225.36948,2678.2815,0,2605.6636,0,0,0,0,0,0,0,0,0,0,0,0
3359,0,0,0,0,0,0,0,0,0,0,0,0,0,850.93646,0,633.69073,0,458.75473,991.69556,665.3924
3360,0,0,0,0,0,412.25177,503.94733,173.0855,635.6779,331.15988,1945.3429,794.8841,1853.2609,3526.2222,1122.209,1455.4781,1351.4266,1402.2328,2826.112,1861.5658
3361,0,0,0,97.06475,0,1032.3518,710.3921,1544.5577,0,0,0,0,0,0,0,0,0,0,0,0
3365,0,997.81177,280.06824,376.3468,0,1011.7991,629.46155,349.13412,499.6561,690.0099,638.9409,1052.6802,391.4589,608.71704,0,0,271.19,434.2185,568.71497,622.1592
3367,1251.0542,3567.035,4982.7764,2055.641,470.5591,1577.1697,2547.5286,1507.537,0,0,0,0,0,0,0,0,0,0,0,0
3368,0,850.2045,0,527.7598,0,599.1665,242.38872,538.39386,251.02696,292.9896,0,261.43866,459.77512,216.34448,332.42474,231.47652,0,0,0,0
3372,249.42802,811.83374,440.35812,566.3763,0,588.3942,247.30452,593.6138,232.86073,243.94804,0,223.69125,432.93607,0,247.65416,0,103.31764,0,185.35283,0
3374,0,127.75386,145.19601,385.41537,0,0,0,110.50826,0,0,0,0,0,0,0,0,0,0,0,0
3375,606.7102,1094.4801,1252.4753,3252.8271,0,658.4493,420.9428,914.3018,0,0,177.07967,0,0,0,0,0,0,0,0,0
3385,0,335.97046,0,322.23035,0,0,0,110.92114,0,155.22078,0,159.01317,104.85099,0,275.57996,0,194.57466,179.29597,160.03845,0
3394,0,168.92377,0,0,150.21747,0,2441.8962,210.36557,353.48557,456.9162,414.20764,880.08356,403.01138,294.7224,0,426.62845,801.9793,1584.5845,1589.2278,621.4878
3398,0,0,0,0,0,919.0936,610.2809,1206.1588,0,0,0,0,0,0,0,0,0,0,0,0
3399,347.14124,4672.6377,1321.0306,2186.8992,476.91226,4809.7524,3246.401,1734.652,3787.5706,5166.862,3657.8042,8028.2896,2901.2273,2297.744,4612.1533,1457.8889,4749.6294,7529.751,8263.61,6849.4204
3406,0,1740.2754,406.17145,0,0,1612.1259,0,674.8517,0,783.53723,1010.9537,843.8215,1252.8647,0,0,1905.3412,0,800.2442,1514.1405,1224.7574
3407,0,0,0,338.96487,806.7236,0,1502.8523,1101.2565,1638.3027,1374.8179,1867.9767,1199.9862,1131.961,881.67786,1146.7361,918.92957,912.745,1056.0096,1178.1489,1168.4154
3409,0,242.10933,0,148.61751,0,149.00969,72.94332,148.05447,0,0,0,0,0,0,0,0,0,0,0,0
3412,1584.6758,1508.4973,1430.4404,1504.1306,1253.2709,1437.5492,1476.9736,1455.1917,1703.61,2289.3433,1942.0266,1464.3732,1417.6405,1537.204,1750.9923,1510.3676,1566.0198,1603.8004,1508.568,1421.347
3413,0,713.461,670.643,478.40298,0,583.2372,342.58224,581.4664,0,0,0,0,0,0,0,0,0,0,0,0
3415,0,0,0,0,97.98819,0,0,143.78311,0,0,0,0,315.43307,0,0,0,390.22397,619.02875,878.52374,405.59134
