id,452,453,454,455,456,457,458,459,460,461,462,463,464,465,466,467,468,469,470,471
75,0,942.6,255,505.6,0,889.1,409.6,137.9,300,533.2,410.4,271.3,0,432.2,0,184.9,262.9,443.8,189.6,342.9
163,0,619.3,144.9,250.8,0,966.5,407.5,179.3,323.9,372.7,489.5,371.3,134.9,372.3,231.3,0,348.3,392.7,282.5,422.9
169,488.3,1017,597.5,978.7,256.1,674.7,634.1,626.2,559.1,364.5,1000,830.7,856.6,1525,903.5,820.6,740.5,857.3,1657,917.2
215,89.38,594.1,572.9,782.1,0,0,742.4,0,392.5,1867,610.7,0,0,221.4,0,0,0,271.3,0,0
232,155.5,501.7,170.4,328.6,110.5,608.3,191.6,395.5,256.9,242.1,160.5,326.1,318.3,306.3,274.9,256.9,145.6,343.8,277.4,379.2
250,143.2,405,385.2,321.6,0,0,384.4,358.4,0,0,0,0,0,119,0,0,0,0,0,0
264,630.7,1137,376.8,396.8,423,508.6,486.6,597.8,555.5,375.6,1214,235.1,842.9,928.2,1445,1087,770.7,801.8,1301,1075
265,0,487.8,178.6,322.8,0,464.5,383.2,199.5,391.6,484.6,361.5,769.9,296.3,245.6,430.9,197.9,503.9,679.5,776.4,709.8
273,0,645.4,286.4,342.3,0,350.8,0,0,125.3,264.8,229.2,168.3,160.7,298.2,0,225.9,172,174.6,220.1,237.5
281,0,545.4,319,562.6,0,0,285.8,338.6,0,0,0,0,0,0,0,127.7,0,0,212.7,195.7
282,127.7,364.6,315.3,430,0,97.93,303.2,170.5,0,0,0,0,0,0,0,0,0,0,100.2,0
287,494.7,1678,792.1,909.9,312.5,1001,665.7,495.5,828.9,745.8,1749,1051,822.3,1237,734.5,1089,896.9,1166,1076,746.8
288,796.1,3008,946.6,1844,420.9,1439,1083,1111,1016,819.6,1552,1558,1466,2542,1522,1411,1210,1651,2796,1662
333,0,886.8,267.3,344.4,0,560.6,96.92,0,326.5,348,463.8,474,673.3,524.9,380.7,567.1,261.6,368.4,733.7,446.4
336,214.3,5307,0,0,287.1,1837,152.7,269.8,193.5,418.5,495.2,723.6,1718,1070,921.5,1700,651.8,1441,2340,2018
352,227.1,105.3,229.7,184.2,79.44,348.7,102.5,169.6,0,0,0,0,0,0,0,0,0,0,0,0
358,511.1,2480,2008,1429,0,2439,1997,715.8,1279,1773,1987,1166,642.5,2419,1389,1238,2285,2770,3047,1821
359,0,517,4429,914.5,0,0,435.5,160.4,0,0,0,0,0,376.6,0,0,0,0,980.8,0
374,0,433,216.5,0,0,0,0,0,0,0,171.8,0,0,176.4,741.2,269.3,0,0,252.4,0
384,127,1966,617.1,783.3,155.8,1297,580,310.6,267.3,678.1,718.8,800.1,0,1233,171.6,875.7,855.7,1431,1779,1615
397,341.9,1350,630.9,1189,200.3,938.8,613.3,763.6,314.5,655.5,635.9,868.2,809.7,705.9,513.5,665.3,502.2,671.2,1244,985.3
400,409.4,2922,845.3,2211,449.7,2072,1024,1051,1355,1812,2924,1248,449.4,994.4,522.3,392.1,389,644,899.3,652.5
406,1468,741,717.4,1379,810,476.6,629.5,1198,0,0,0,0,0,0,0,0,0,0,0,180.1
410,138.3,600.5,222.7,788.2,0,295.2,171.2,557.7,117,0,241.7,171,0,0,112.2,284.6,0,165,588.4,584.5
414,72.83,833.4,308.8,316,0,361.3,267.5,188.7,171.9,271.5,178.2,266.4,215.7,120.1,242.2,272.8,255.8,396.1,303.3,307
428,0,0,279.2,0,0,0,198.8,0,0,0,0,0,0,0,0,0,222.5,971.5,81.81,0
441,2882,29600,12130,17270,3066,18360,11250,8430,11280,16180,9282,11740,5586,7446,6081,7480,14630,23360,13700,13770
453,764.3,4363,2258,3318,240.9,2039,908.4,1155,1433,1333,1858,1977,2570,1863,1427,2439,974.9,1297,2718,1412
454,631.8,3800,1874,2328,184.7,1728,645.1,956.3,1074,924.8,1431,1487,1858,1698,1371,1833,775.6,1092,2323,1305
455,0,789.9,447.4,646.1,0,749.2,350.7,369.4,0,0,0,0,0,0,0,0,0,0,0,0
472,0,270.2,153,190.3,0,229.6,392.1,1511,203.9,3075,479.9,0,0,329.1,689.4,1222,1216,865.9,0,1115
481,0,0,0,0,0,0,0,167.4,0,0,0,0,117.6,0,0,0,137.6,0,252.9,396.1
483,0,0,499.8,0,0,0,481.6,0,267.6,0,414.4,160.9,0,361.6,113,229.9,340.8,540.5,453.6,801.6
488,778.6,2791,2107,2786,0,702.1,1112,472.2,0,0,0,0,0,0,0,0,0,0,0,0
494,0,202.7,90.24,144.3,0,243.7,0,0,0,0,0,0,0,0,0,0,220.4,386.7,188.3,122.1
497,0,409.9,156,344.4,0,189.8,158.4,142,0,114.2,119.2,112.5,0,104.3,0,112.9,174.3,150.8,132.8,139.7
507,9133,21500,10850,10120,11190,16740,16010,21480,8197,14040,18470,13630,17880,10430,9672,16120,5391,7862,11110,13730
513,0,0,236.8,464.6,0,360.8,750.3,354.2,0,0,451.3,0,0,0,0,0,0,0,0,0
514,145.9,1474,2340,1729,234.8,1908,1526,1005,0,796.5,0,0,0,0,0,0,0,0,2752,1452
515,0,1290,8188,1787,211.8,1008,955.2,516.8,355.5,0,0,0,736.1,1134,0,0,0,0,2935,1349
516,1927,6668,4732,6288,0,4705,8881,4149,6136,4266,6420,10660,5801,6621,13320,7010,9284,9271,18280,7610
519,807.5,1306,956.7,2071,266.5,0,663.4,896.5,0,0,0,0,0,0,0,0,0,0,0,0
524,245.9,0,768.1,306.8,0,0,271.6,328.9,0,594.3,472.3,782.3,206.7,0,533.6,231.5,277.2,0,0,0
525,525.4,247.9,328.1,459.1,760.3,0,0,631.3,191.2,0,0,205.1,523.8,299.9,0,318,0,0,264.9,165.5
531,0,648.3,103.7,195.3,0,935.2,597.1,291.5,0,0,0,0,0,0,0,0,0,0,0,0
533,0,535.8,0,0,0,350.6,0,0,164,0,268.5,271.6,0,257.5,114.3,246.7,179.1,310.4,306.2,412.9
534,3486,1217,1506,3299,4110,0,2043,3662,0,0,0,0,310.4,0,0,0,631.4,0,0,394.1
536,164.9,439.3,2231,0,0,244.9,0,0,779.4,741.4,756.9,956.6,1632,546.1,640.4,943,667.2,166.8,698.7,0
537,0,482.1,305,68.48,0,107,134,0,0,0,0,0,0,94.29,0,0,556.9,1467,283.4,132.4
539,91.75,182.9,160.7,134.9,0,0,0,0,0,0,113.7,83.86,0,179.2,159.8,131.2,169.9,130.8,237.2,164.5
551,2730,3402,1158,1969,523,42390,1929,3321,124.2,201.6,0,0,2720,0,176.3,353.3,28920,223.7,471.2,2444
567,533.8,501.7,645.7,553.6,573.8,682.2,529.6,552.2,565.2,777.8,610.5,769.5,715.4,506.4,588.3,743.5,574.9,716.4,507.1,850.3
573,447.2,258.5,392.3,471.8,0,516.8,316.8,583.4,0,0,0,0,209.5,0,0,0,2077,0,0,0
587,0,477.9,121.2,0,0,311.6,104.6,0,189.4,175.4,379.3,210.5,227.5,858.4,284.4,204.1,393.3,412.8,870.1,262.7
588,0,523.6,0,0,0,383.6,0,0,326.5,522.7,495.3,204,196.9,0,0,0,0,202.3,0,163.6
591,330.8,302.4,248.5,217.1,331.1,0,0,0,260.2,0,236,262.9,377.8,309.1,350.6,0,297,251.5,297.4,211.6
612,0,0,0,0,0,0,0,0,171.7,268.2,202,153.8,0,200.9,138.5,208.2,96.04,164.2,221.4,0
625,0,627.3,4079,945,119.2,633,426.4,445.6,0,234.8,0,0,131,318.2,0,0,0,0,1188,464.3
630,1969,3363,2008,1608,1630,1507,2528,1741,2092,1255,3573,920.4,2449,3442,4416,3293,2590,3352,3479,3284
631,327.8,0,211.7,256.1,0,0,155.9,235.6,0,0,0,0,608,0,794.7,1079,278.6,0,245,392.9
632,988.5,2229,1002,1056,938.4,1413,1306,1191,726.7,715.3,1503,589.7,1117,1239,1003,1427,948.2,1436,1446,1711
635,0,323.2,132.8,0,0,235.7,135.3,0,0,0,92.24,0,0,115.6,0,0,113,132.7,137.8,194
647,0,642.6,0,533.7,0,834.8,2551,531.3,206,0,4048,430.9,0,0,0,0,768,232.2,795.8,951.2
650,287.1,1020,1208,891.4,232.1,1857,597.6,670.8,801.2,626.8,0,1096,785,1084,1174,862.2,2128,1343,1300,1317
655,0,151.8,274.2,163.8,0,66.73,0,0,0,0,0,0,0,0,0,0,0,0,0,0
656,0,363,200.3,0,0,0,0,0,0,135.4,0,0,0,121.4,0,158,308.4,439.4,280,0
665,170.7,773.1,572.4,512.6,173.7,394.9,480.8,629.5,0,0,0,0,0,0,0,0,124.4,0,250.9,0
666,497.6,2162,868.2,1847,364.4,1302,846.7,1232,379.2,534.7,561.5,605.6,521.1,622.6,418.6,547.6,398.6,539.2,1053,824.3
668,161.3,865.2,328.8,562.4,0,416.7,278,356.5,124.6,347.2,231,191.5,114.2,179.9,89.5,212.8,161.7,177.7,312.2,220.1
669,180.7,1414,603.8,793.4,187.4,503.8,311.3,549.1,179.3,244.2,307.1,333.4,228.4,313.7,0,280.5,258.9,269.6,346.6,395.5
677,0,595.9,162,0,417.8,0,0,814,0,0,0,0,0,0,0,0,0,0,0,0
684,226.1,0,2821,0,0,0,28410,596.3,2062,1162,1222,2384,2814,1801,5276,6567,47920,4991,15460,5991
697,671.5,398.5,119.7,600.5,930.4,374,1230,1165,162.4,0,777.2,308.5,634.7,1031,352.2,444.9,329.2,377.3,912.6,731.5
699,0,0,0,0,0,0,0,0,0,0,463.4,0,168.6,382.5,0,0,148.2,0,304.8,0
701,258.6,629.9,334.8,587.2,128.8,453.3,385.1,368,353.3,268.6,544.7,512.9,518,942.1,456.9,418.8,423.8,531.3,935.3,564.3
702,369.9,0,531.3,1521,221.6,873.6,448.3,0,457.1,636.8,698.8,974.4,740.5,545.2,567.7,614.9,461.9,476.3,1074,805
703,11580,50500,20100,42410,6620,33200,16500,17640,13940,16260,25570,18000,9996,20500,11280,10720,10390,15770,21550,16830
704,586.2,0,1123,0,362.2,0,480.7,0,527.4,0,1151,0,710,571.4,586.8,0,506.5,700.4,0,0
714,297.5,1062,260.7,355.3,0,410.2,182.4,136.2,157.4,325.6,168.8,377.5,366.3,332.3,253.4,476.8,341.6,257.8,457.2,282.5
723,0,0,0,0,0,0,0,0,0,0,0,0,0,181,0,0,0,119.6,132.5,124.8
731,222.3,1299,598,424.6,136.7,1720,406.9,641.5,304.6,0,420.8,0,400.9,361.6,212.9,297.3,781.9,589.1,981,928.9
749,0,337.5,245.2,165,0,120,0,0,0,0,0,0,0,110.3,0,0,423.3,877.9,265.3,128.8
753,96.79,313.7,0,177.6,0,189.7,147.2,0,0,0,139.2,0,0,0,0,0,145.7,0,0,122.5
764,296.3,742.2,1057,480.7,243.5,1314,926.1,682.7,0,0,0,0,0,0,0,0,0,0,0,0
767,0,0,0,0,0,0,0,82.16,212.3,0,0,209,396.2,226.7,0,639.4,0,0,0,0
784,1844,32220,1730,0,1542,11330,2244,3202,1934,2641,3753,3913,12970,8100,5521,13880,4678,7233,16700,12400
795,0,0,0,202.6,0,0,0,295.6,0,0,427.6,0,1025,1150,0,1046,770.6,0,1322,0
797,138.8,0,644.9,610.7,988.6,0,0,3597,0,0,0,1418,2637,0,0,1318,0,0,0,0
800,0,0,0,0,0,591.2,778.1,349.8,0,0,0,0,0,0,0,0,0,0,0,0
802,0,500.7,97.49,0,0,0,0,0,0,312.4,219.5,245.6,0,0,0,0,0,0,0,0
803,647.5,477.9,1013,0,264.2,0,704.6,578.4,662.9,945.6,0,580.8,0,0,346.6,494.1,965.2,589.3,0,832.8
804,949.3,2817,2678,2650,845.4,1866,1088,2014,762.4,1408,3241,2229,2210,857.4,3175,1546,1864,1565,1726,1982
809,0,270.1,0,0,0,305.3,325.4,128.1,140.2,296.4,257.4,171.9,295.6,313.8,156.4,241.7,236.2,275.6,408.8,240.1
810,224.4,481.5,345.5,592.2,0,305.9,189.5,146.4,198.8,0,255.8,168.5,0,112.2,137,0,164.5,208.4,191.7,153.6
816,127,1045,1101,571.8,77.79,619.1,315.3,0,0,0,299.2,0,0,276.7,0,259.4,282.4,311.1,549.8,465.4
817,0,257,227.8,268.8,0,658.5,197.4,123.5,101.5,216.2,0,122.3,0,159.2,0,141.5,142.2,173.2,156.6,0
818,837.3,4851,3114,3959,397.8,2812,1735,2205,1221,1592,2026,1819,2282,1931,1340,2366,1337,1879,3324,1712
822,0,476.1,403.8,295.5,0,0,0,0,0,0,0,0,0,0,0,0,0,0,134.8,0
823,0,252.9,180.9,183.1,113.4,1354,686.7,381.4,0,0,0,0,0,0,0,0,0,0,0,0
824,152.7,779.7,417.9,379.5,102.9,833.4,455.7,330.5,942.9,728.4,1006,1161,1187,1667,968.8,1238,905.5,1494,2135,1297
825,0,1091,343.8,732.5,0,298.2,448.1,400.6,267.9,338.6,331.3,413.6,324.8,314.9,0,330.1,0,325.6,682.7,447.8
833,253,548.6,253,453.3,0,148.9,85.15,0,266.2,0,467.2,0,0,0,581.3,183,393.8,339.2,309.8,307.4
834,155.9,586.1,458.5,707.1,175.8,0,331.9,418.6,0,0,0,0,0,0,0,0,0,0,0,0
837,900,2273,1710,2379,646.3,1730,1747,2015,1332,760.6,1280,1557,1609,2201,2084,1528,1665,1848,2962,1961
839,318.9,952.2,0,0,541,671.2,0,882.9,0,634.7,0,660.2,759.6,0,238,1175,0,184.8,0,0
840,0,170.4,294.8,89.02,0,0,0,0,0,0,0,0,0,0,0,0,0,0,0,0
841,0,406.8,0,0,0,219.7,122.1,146,0,190.7,0,162.1,0,156.2,111.2,267,256.5,217.5,553.2,242.9
843,0,0,0,0,0,0,0,0,0,0,0,0,491.3,109.4,367.3,535.4,0,141.9,298.7,136.1
844,0,0,0,0,0,0,0,0,0,0,0,0,149.6,0,103.9,375.5,155.3,88.27,790.7,0
845,0,0,0,0,0,0,0,0,0,0,0,107.9,215.5,79.76,0,334.3,201.5,122.2,727.5,109.9
853,0,0,0,311.1,210.1,0,130.8,0,0,0,0,0,0,0,0,0,161.6,0,220.3,306.1
855,647.7,2894,1168,2523,413.4,1868,962.5,1060,933.6,1033,1689,1056,598,1275,648.7,578.2,610.9,909.3,1238,1002
860,0,404.3,186.6,308.6,0,256.3,126.3,0,0,231.2,193.2,200.4,0,234.9,0,0,114.4,146.9,224.3,269
871,233.2,1187,472.8,0,0,702.4,470.4,0,0,0,195.8,205.8,373.5,462.5,245,426.2,284.2,427.8,504.4,345.5
877,0,379.5,485.3,87.21,0,210.1,0,0,115.7,209.4,137.4,0,179.8,241.3,120.3,288.6,181.5,273,562.8,240.6
879,187.2,1110,439.6,474.1,0,515.7,304.7,181.1,176.5,488.8,363,255.8,203.4,420.9,168.3,363.1,348.3,304.1,407.9,347.9
888,0,0,108.8,0,0,0,0,85.44,0,180.6,0,0,0,0,0,0,137.2,164.3,126.2,0
891,155.9,982,329.5,398.7,159.2,646.1,252.5,320,0,340.7,233.4,308.6,308.9,240.4,165.6,365.4,202.9,344.5,288,313.3
897,823.7,8309,5756,3808,690.6,4682,11560,3031,6269,23460,12000,20630,11700,4646,21340,17310,10790,13970,28650,11500
898,3508,18380,11090,8181,729.9,4291,2401,3777,1546,1546,6083,2562,7970,2377,4229,9271,2823,2945,3532,4034
921,126.9,8219,2304,0,1177,0,0,0,0,0,0,0,0,0,0,0,0,0,0,0
923,0,1136,425.9,543.8,0,502.9,0,203.8,182.9,190.3,280.5,308.5,447.7,345.4,213.6,434.8,148,227.6,617.8,322.1
924,0,1315,451.1,688,0,613.9,121.9,205.9,175,268.6,395.7,386.6,478.7,351.9,270.3,574.8,186.7,276.8,762,316.2
930,8381,10690,8030,14440,4981,2286,8307,14570,0,0,0,0,0,0,0,0,0,0,0,0
933,233.6,1142,470.5,620.8,98.36,807,337.2,541.9,0,270.4,184.8,207.2,347.9,215.6,140.1,322.8,304.3,166.2,400.4,384.9
935,229.5,859.6,506.5,567.6,0,484.7,353.5,378.5,0,196,0,0,161.1,0,0,119.3,119,0,0,251.9
937,156.4,518.9,293.8,346.8,0,717.7,197.6,255.4,0,0,0,0,0,0,0,104.1,149.2,0,0,204.3
938,158.3,1316,1272,452.1,174.7,1640,1034,387.6,610.5,1302,1432,927,1688,1752,1202,2079,1174,1771,2204,1962
942,1938,8672,3466,7910,1145,6158,3071,2968,2444,3099,4959,3044,1831,3481,2034,1670,1829,2657,3718,2862
943,163.1,1411,749.5,347.7,0,3594,386.6,135.2,1426,1293,4053,2253,1895,1716,1096,2285,907.5,1447,3053,2894
945,0,0,0,0,0,0,0,0,124.5,406.7,1085,473.5,0,0,122.1,103.4,0,0,190.4,0
952,0,0,0,0,0,0,0,0,0,0,279.9,0,194.4,247.1,359.7,235.1,144.1,193.3,287,287.5
954,0,256.7,0,0,0,1563,0,503.2,0,0,0,0,2535,0,0,2694,0,0,0,0
966,0,0,163,0,0,0,0,0,124,392.2,217.2,287.2,222,154.1,153.2,252.9,0,160.8,289.5,0
969,0,104.8,0,0,0,0,0,0,0,0,0,76.15,0,0,113.6,249.4,145.3,144.9,251.3,136.9
970,0,0,0,0,0,0,0,0,0,0,0,0,120.3,0,120.4,320.1,0,0,122.8,0
978,0,310.1,0,0,0,339.2,0,0,221.3,398.5,389.6,157.5,160.1,0,0,123.6,0,0,0,146.6
979,731.8,1102,451.2,584.6,170.8,504.5,318.3,485,368.3,502.5,607.7,444.9,1439,393.9,1855,2478,631.1,371.4,564.8,940.5
987,282.3,967.6,419.8,752.5,178.7,714.5,300.6,506.1,116.3,185.5,0,174.1,183.4,201.1,127.6,164,0,0,341.5,299.5
988,0,802.5,979.8,532.8,0,0,408.9,102.3,0,0,462.9,0,377.8,696.5,427.9,0,363.7,439,0,454.6
990,0,0,0,0,0,0,0,0,0,0,0,0,119.4,0,90.62,134.5,0,0,0,0
996,0,0,116.6,0,0,0,0,0,174.9,170.8,157.8,342.1,220.1,146.1,0,194.8,105.1,0,0,0
1001,121.7,150.8,177.9,0,162.2,134.4,99.89,166.9,0,127,160,103.1,0,109.3,152.8,138.9,0,133.3,0,0
1004,0,476.6,149.3,199.6,0,0,114,75.27,0,165.3,0,112.2,163.4,189.9,196.7,362.9,98.26,213.7,0,145.8
1007,0,296.3,0,0,0,256.8,0,0,0,381.4,0,562,777.3,0,0,173.8,0,0,0,0
1009,1954,3649,14000,2434,817.5,3104,2835,1954,5125,5721,5384,6611,9971,3866,4600,6055,5109,2229,4875,1684
1013,0,509.2,1278,177.6,0,0,0,0,0,0,122.2,157.3,140.1,169,144.8,320.8,155.3,0,678.7,0
1018,1404,1183,1023,1034,2121,1428,908,2428,794.4,1842,1089,1673,1742,790.2,965.9,2139,741,691.3,1355,882.9
1025,0,696.4,286.9,214.8,0,1061,419.6,0,151.3,0,430.3,0,278.3,503.1,274.7,392.4,280.1,552.9,213.2,438.9
1031,0,168.7,0,0,0,0,0,0,73.64,155.1,144.1,69.18,0,124.8,0,0,0,112.5,0,0
1034,0,414.6,0,245.6,0,279,223.4,0,136.3,233.7,0,0,0,204.1,139,0,276.7,314.1,446.8,247.8
1036,123.9,0,140.8,185.1,78.04,0,0,0,0,0,239,220.9,0,0,194.9,353.4,0,216.7,381.9,189.1
1081,0,0,0,0,0,0,0,0,0,0,0,0,108.4,0,237.7,232.9,94.18,0,0,0
1083,459.9,82630,9764,356.2,4639,169.8,161.7,418.7,0,0,0,0,0,0,0,0,0,0,0,0
1087,0,367.2,101.5,158.5,0,305.9,0,112.4,0,0,0,0,0,0,0,0,0,0,0,0
1090,0,0,0,0,0,213.7,0,111.1,0,260.2,346.7,249.8,378.7,368.4,272.4,550.6,317.8,362.7,554.9,351.1
1093,0,0,0,0,0,254.4,318.2,187.9,0,0,0,0,0,0,0,0,0,0,0,0
1116,134.3,283.8,774.6,621.8,0,0,469.7,333,111.3,335.8,840.6,337.1,0,0,0,192,0,0,0,0
1120,0,0,0,0,0,324,0,0,289.8,527.3,893.2,522.8,445.7,286.3,573,828.8,645.1,482.2,935.2,674.7
1126,0,841.2,483,190.5,0,321.6,247.8,0,0,0,0,0,105.5,0,0,0,276.5,1132,154.9,219.2
1135,270.2,5891,1172,2067,296.3,7026,2010,1451,1378,2099,2781,1857,2822,3684,2183,4615,2392,3260,4273,5115
1139,324.8,1126,290,902.6,0,358,355.6,285.6,304.4,674.2,622.7,266.2,495.1,318.4,253.2,569,167.2,372.5,687.1,267.1
1146,1156,2273,727.7,2229,0,1093,853.9,1017,600.9,1574,1766,689.9,1367,756.2,813.7,1434,350,863.6,1881,555.4
1150,0,271.8,175.8,304.6,0,152.2,112.4,0,0,0,0,0,0,0,0,0,0,0,0,0
1153,0,0,0,0,0,0,0,0,0,0,0,0,262.9,0,187.6,374.3,0,0,0,0
1154,0,492.7,0,194.4,0,195.8,0,148,150.7,254.1,178.5,323.1,522.2,236.6,380.3,958.8,539.7,563.9,1052,524.2
1156,0,0,0,0,0,0,0,0,0,0,101,0,423.1,0,436.2,946.5,227.2,184.8,469.3,207.5
1157,0,550.5,109.4,241.3,0,0,0,0,0,189.4,93.16,310.6,228.9,0,245,1224,181.7,259,333.5,208
1169,309.6,1030,516.6,810.9,0,632.7,540.3,328,390.7,255.2,729.3,624.6,396.5,1228,481.9,489.5,710.7,667.3,1288,671.6
1175,191.1,538.3,0,224.8,0,363.2,145.3,0,423,638.5,690.2,778.4,561.5,569.4,472.4,724.3,477.2,491.6,1093,870
1176,0,505,3171,0,0,0,0,0,590.8,859.7,715,529.2,841.5,736.7,918.1,820.5,462.8,656.6,705.6,553
1179,95.83,1009,480.1,236.9,0,758.1,413.9,210.4,420.8,664.2,853,517.7,749.9,1021,532.4,967.5,502.7,1041,1797,1025
1184,397.2,1023,695.9,1199,0,372.2,269.7,361.9,0,104.5,134.5,107.4,83.06,0,0,102.2,0,0,0,112.2
1190,0,0,109.7,124.3,0,0,0,0,0,0,0,0,0,0,0,0,77.15,0,96.54,0
1197,0,821,318.2,615.3,0,269.4,0,370.6,0,0,0,110.2,124,140.8,0,122.1,0,0,197.9,166.5
1199,94.37,0,292,0,0,388.5,302.4,161,0,177.6,317.6,0,0,318.1,151.3,0,298.1,290.6,450.5,0
1207,141.4,1087,9595,692.3,0,1005,697.8,372.5,342.5,623.9,675.1,566,925.2,745.9,493.5,1016,623.8,748.6,1296,977.2
1238,0,1432,322.7,194.3,0,629.9,0,355.9,0,0,0,0,0,0,0,0,0,0,0,0
1240,0,0,0,0,0,362.2,518.5,187.5,0,0,0,0,0,0,0,0,0,0,0,0
1241,0,630.5,251.7,186.1,0,143.9,0,0,0,0,0,0,0,0,0,0,416.6,839.1,650.2,0
1243,0,0,0,0,0,200.4,208.6,0,76.24,0,116.6,0,0,0,0,160.1,330.7,143.6,218.5,0
1252,0,672.8,388.9,179.9,0,0,0,0,0,0,0,0,0,135.7,0,0,523.8,1274,612.1,253.8
1255,0,0,0,0,0,138.2,0,0,0,398.7,644.3,438.6,211.2,0,0,231.8,0,0,151,108.2
1263,0,1231,282.1,479.5,0,898,242.8,321.8,579.1,280.4,1019,385.4,1579,901.8,817.7,1785,495.5,893.9,1344,1764
1264,0,1233,645.4,826.3,0,760.7,281.6,424.7,0,313.1,392.4,416.7,484.6,310.1,228.4,560,216,392.1,890.4,403.9
1266,384,1150,967.3,1713,111.2,772.2,411.2,367.8,390.2,287.8,587.5,406,235.7,294.4,316.9,167.6,400.2,555.5,448,429.4
1267,246.4,641.7,358,871.5,0,0,282.8,433.4,0,0,0,0,0,0,0,0,0,0,0,0
1268,0,597.9,243.8,496.2,0,284.4,201.5,297.1,0,0,0,0,158.2,172.8,93.77,204,139.7,236.9,371.3,263.7
1272,718.4,541,879.2,1513,196.1,491.7,260.2,497.2,153.2,334.2,0,1039,759.6,384.7,296.5,365.4,128.6,143.1,482.2,194.9
1273,280,1222,800.9,982.3,219.7,0,607.4,434.4,0,0,0,0,0,0,0,0,0,0,0,0
1275,0,0,138.5,0,0,0,0,0,201.9,0,638,231.3,0,0,0,195,138.5,204.7,0,491
1277,0,1798,402.3,639.2,0,1223,526.9,402.1,425.2,501.8,924.3,731.2,854.9,731.7,783.9,1035,558.5,747,1242,1096
1279,0,919.9,201.3,313,0,153.4,0,0,0,0,0,0,0,0,0,0,0,0,0,0
1282,81.04,467.9,211.2,296,0,132.8,0,0,0,0,0,0,0,0,0,0,0,0,0,0
1286,0,163.2,147.7,211.9,0,0,0,0,0,0,0,0,0,0,0,0,0,0,0,0
1289,301.1,1382,464.7,889.8,184.7,737.2,459,513.7,0,177.5,515.8,124,0,485.4,221.1,194.2,280.4,481.3,428.2,525.7
1291,0,0,0,0,0,0,0,0,0,0,0,0,134.4,0,268.1,296.5,0,0,0,0
1293,224.4,898.4,472.1,985.2,134.3,624,371.8,454.6,253.6,336.3,376.7,457.9,378.9,365.8,362,451.4,343.2,391.8,749.1,606.2
1298,0,253.3,0,0,0,269.7,0,0,0,300.2,0,256.7,700.2,559.7,505.6,825.8,289,579.3,743.7,475.1
1305,0,0,363.8,0,0,0,0,0,0,0,0,0,1684,1141,1528,2631,429.8,944.9,1209,607.7
1310,0,0,0,149.4,0,1233,0,0,0,119.9,0,0,0,0,0,0,0,0,0,148.9
1311,2468,2265,247.7,1424,440.3,2229,2264,745,0,0,0,0,0,0,0,0,0,0,0,0
1314,0,384.9,0,0,0,311.4,0,0,0,185.2,201.8,137.4,202,276.5,164.4,166.3,159.3,282.3,571.2,193
1333,0,486.6,0,1095,0,186.3,0,0,0,0,0,0,0,286.7,0,443.1,0,0,0,0
1338,180.5,1223,0,1175,0,388,0,408.6,369,0,309,464.7,305.1,673.3,0,0,0,0,903.2,583.8
1339,0,279,0,125,0,202.5,0,0,0,261.6,343.6,121.7,0,0,0,0,0,0,0,89.12
1340,0,304.9,0,0,0,318.4,122.2,0,182.8,384.8,702.4,303.3,268.6,391.8,272,557.5,534.7,421.4,900.7,681.7
1341,0,268.5,0,218.9,0,588.5,129.3,0,382.3,636.4,334.2,443.5,723.2,699.6,364.3,649.2,268.8,526,734,693.6
1346,0,218,0,0,0,0,0,0,0,344.4,216.2,266.9,70.48,226.2,0,0,0,170,230.9,0
1349,0,0,2602,0,0,1098,315.6,0,93.95,150.8,212.7,0,256.3,297.9,0,649.2,311.2,679.6,748.6,0
1357,203.1,946.9,670,813.2,0,594.2,320,243.9,284.5,249,327.8,270.1,268.4,393.3,310.3,259.5,213.3,399.4,532.7,0
1359,0,5112,1384,2889,0,2516,823.2,765.5,1038,0,2715,697.2,561.5,616.6,0,529.2,1123,1259,1996,1090
1363,0,0,0,0,0,236.3,0,0,399.2,529.7,415.4,397.5,0,0,151,0,0,0,0,0
1367,578.9,452.9,432.9,438.9,746.7,653.6,396.6,1004,434.7,815.7,588,668.8,786.2,309,415.7,792.1,325.9,292.9,577.2,405.6
1383,124.6,776.1,579,667.9,139.6,1827,2070,1225,372.5,334.4,470.8,291,294.2,470.8,505.8,232.1,504.3,515.6,385.7,458.9
1384,0,642.7,420.1,453.5,0,0,513.8,0,414.9,457.6,587.2,572,388.7,769,289.1,634.7,661.8,810.3,1031,618.2
1388,301.4,674.5,563.6,974.3,0,202.7,0,0,0,0,0,0,0,0,0,0,0,0,0,0
1389,0,2662,659.7,1093,0,1589,0,0,474.2,1488,1084,1120,557.9,488.2,229.3,0,390.7,464.1,609.2,848.2
1390,0,1918,839.8,1418,0,800.6,0,237.1,304.1,0,0,632,0,224.5,154.5,0,0,186.3,0,337.1
1397,5485,13370,10340,16470,1865,7869,5375,4310,4955,3511,6846,4919,3132,3761,4178,2196,4467,5400,5917,4340
1400,1246,1836,756.3,0,0,664.3,511.3,726.9,555,0,1052,0,2460,658.9,3159,4429,1111,731.1,0,1517
1403,0,0,213.9,0,0,0,0,0,306.3,357.1,415.4,0,184.8,407.1,227,0,0,377.6,382.8,0
1407,572.1,1526,746.4,1060,627.8,2980,1456,1289,3802,2019,3474,4073,3878,5639,3122,4608,3678,4441,5533,3807
1408,0,246.6,0,0,0,174.6,0,0,2059,1773,1289,1400,856.7,2603,917.3,752.5,1193,2219,3173,1124
1421,1324,1058,0,533.7,173.3,1311,1381,998.1,0,0,0,0,0,0,0,0,0,0,0,0
1422,0,86.34,0,166,105.9,215.8,0,129.7,91.5,0,0,0,0,0,0,158.2,0,105.5,0,137.5
1429,0,539.5,194.7,406.1,0,742.1,108.8,0,266.8,363,285.3,354.7,547.5,0,695.7,748.2,227.4,356.6,388.6,355.3
1430,0,450.7,0,0,0,896.6,0,0,115.3,254.3,464.6,298.9,229.7,186,565.3,707.5,392.3,266.7,446.9,460.5
1436,0,0,0,0,0,272.4,0,0,0,198.9,0,177,188.1,239.7,0,0,171.1,0,288,0
1453,95.88,422.6,223.2,313.7,0,551.1,176.2,0,0,257.8,149.9,0,151.9,0,0,215,213.6,288.5,233,310.1
1454,186.3,562.3,0,544.2,0,628.4,382.4,370.2,591.9,435.2,641.7,729,541.9,507.3,795.3,662.4,762.1,837.3,672.2,715
1455,0,855.2,400.3,457.6,0,263.2,0,280,0,0,0,134.6,0,0,0,0,0,0,0,134.1
1459,0,1399,0,0,0,894.1,684.2,438.7,203.2,0,404,0,1047,0,0,621.9,792.5,519.5,844.9,0
1462,78.18,307.4,552,466.4,0,0,411.1,297.8,0,0,0,149.7,209.1,0,0,0,258.5,0,0,0
1463,0,631,309,326,0,957.8,734.8,437.6,494.5,371.7,819.1,306.9,557.4,522,193.7,447.5,466.5,603.9,625.9,1149
1464,106.1,527.9,346.2,322.3,0,282,0,142.1,139.9,274.1,173.6,201,251.4,250.7,138.9,0,160.8,0,301.1,0
1465,97.37,667.6,0,348.8,0,575.2,0,241.1,0,164.1,0,202.6,342.1,195.6,170.5,0,351.8,428.4,909,0
1475,0,428.6,185.5,0,118.9,284.6,215,0,0,435.9,0,0,405,0,184.7,303.2,237,262.8,321.8,0
1482,0,475,242.9,356.6,0,0,0,190.4,0,0,0,0,0,0,0,0,0,0,0,0
1487,0,412.6,120.9,215.2,0,456.3,355.1,141.3,276.8,468.7,567.7,267.2,636.3,626.2,252.8,474.1,940.3,386.9,799.2,837.7
1492,0,524.1,0,273.7,127.9,1016,1470,335.5,371.8,584.3,755.4,507.5,822.1,1006,478,945.3,1117,937.6,1710,945
1493,0,424.4,177.9,296,0,888.8,973.7,381.3,427.4,522.5,678.5,499.7,1073,945.4,347.8,1007,2048,956.2,2010,817.6
1494,0,0,0,0,0,237.1,129.5,0,114,216,188.7,147.8,270.5,272.9,0,385.4,229.9,280.8,385.2,312.8
1496,411.9,1814,863.6,1409,0,1117,699,650.9,778.8,1442,1421,1248,1208,855.1,518.5,892.1,653.3,748.2,1137,961.6
1498,0,2310,637,1257,0,1826,777.4,815.4,655.3,1815,1454,935.3,0,793.6,0,0,700.8,820,580.2,1025
1501,0,1583,295.6,480.8,0,1462,423.4,488.3,134.2,0,106.8,0,0,95.17,0,0,0,0,303.4,0
1504,0,455.1,633.9,274.8,0,0,203.9,0,0,0,0,0,0,172.2,0,0,0,0,0,0
1505,0,0,0,0,0,0,0,0,158.6,427.4,197.1,186.9,0,0,0,0,0,0,0,0
1509,797.6,5249,2137,1788,709.9,1519,1627,1346,1218,1443,892,1014,739.9,1148,1473,913.1,3427,4912,3255,1386
1512,0,0,0,0,0,0,0,0,0,0,0,0,0,190.2,0,0,0,878.9,1299,776.5
1520,886.3,364.2,1171,841.1,1927,343.1,265.4,873.9,0,278.9,0,0,207.9,0,0,0,0,0,0,0
1521,446.2,1422,648.4,1181,0,985.2,443.1,483.3,398.5,782.7,772.5,704.2,918.2,602.6,419,686.5,463,440.2,1024,662.8
1522,0,254.2,0,0,0,0,157.1,0,176,0,390.7,171.9,0,287.9,217,0,228.5,386.5,350.7,610.5
1524,0,546.3,180.9,388.4,0,0,244,0,120.3,0,250,0,0,257,223.1,294.2,212.8,178.2,0,288.7
1526,0,646.8,284,505.8,0,943.6,432.8,477.8,513.8,763.3,926.9,941.2,1114,814.3,546,973,639,627.8,1803,961.6
1527,919.4,10480,4040,4933,2188,18450,8666,10440,375,579.6,701.4,953.3,624.4,469,425.2,682.5,384.6,439.1,903.7,794.1
1528,0,360.2,201.3,0,0,223.5,120.4,123.6,136.4,168.6,159.8,327.3,214.9,197.9,0,275.9,124.8,143.7,280.8,259.4
1534,136.3,563.5,149.8,246.2,0,0,0,81.21,0,0,0,0,112.4,0,0,0,0,0,0,0
1537,330,1748,631,1606,221.4,951.6,569.7,893.6,272.8,362.3,420,487.2,368.9,391.5,309.1,498.2,274.4,355.8,1046,567.4
1538,0,337.6,0,380.8,0,374.2,300.8,274.8,0,358.1,0,0,440.4,0,351.1,287.6,340.9,361.4,0,459.9
1539,601.1,1053,849.5,1162,595.5,971.1,1471,1072,1499,1481,1231,2065,1152,1495,1447,1157,1300,1209,2124,1477
1540,93.65,332.9,195.8,317.1,0,0,0,120.3,0,0,0,0,0,0,0,0,0,0,0,0
1541,566.6,1171,957.5,628.4,0,536.2,0,651,0,0,0,0,363.9,0,0,0,0,0,0,269.4
1547,0,0,147.4,0,0,0,160.4,0,385,0,609.9,0,0,366.5,773.1,0,0,454.5,0,0
1548,0,1514,0,940,0,749.2,0,1088,0,465.2,0,515.5,1270,0,0,1837,0,0,1847,1676
1550,2104,3836,2389,1888,1436,1891,2861,1787,2232,1325,4130,868.4,2503,3721,4738,3475,2636,3531,4087,3554
1551,950.5,2730,1496,1271,974.5,1868,1467,1332,865.4,738.6,1650,620.6,1326,1362,1085,1639,1106,1652,1670,1798
1565,1164,0,0,804,190.8,953.3,1917,540,0,0,0,0,0,0,0,0,0,0,0,0
1566,0,340.1,0,162.9,0,250,0,0,0,164.2,146.2,137.5,223.4,268.7,0,294.7,294.6,225.1,328.5,196.4
1569,179.3,868.2,337.8,713.1,0,431,0,0,250.3,362.4,378.9,398.7,367.7,362.2,0,0,280.3,272.5,636.3,450.7
1571,207,974.8,0,611.4,0,852.7,0,155.5,0,577.3,246.5,610.8,447.9,350,240.3,406.9,386.5,510.6,531.8,547.9
1574,788.9,647.4,593.5,585,1202,857.2,559.3,1406,469.4,1059,595,991.3,999.3,432.2,532.8,1278,409,412.3,795.8,514.1
1580,13840,11910,6557,6581,6733,6759,7415,12780,4516,6057,8823,7529,14940,4402,9577,12300,8439,4124,11410,7256
1586,252.1,316.5,448,247.1,106.5,246.6,294.4,220.2,261.9,280.6,254.8,295.9,288.9,265.3,372.7,352.5,222.2,216.4,390.9,199
1587,0,801.5,301.4,298.6,0,293,0,0,0,0,292.8,245.3,308.5,256.4,110,308.4,154.3,154.4,390.6,290.1
1593,834.2,933.7,875,2400,113.2,624.8,578.7,527.1,0,0,0,0,76.12,0,0,0,0,0,0,0
1594,142.8,194.2,164.6,245.6,0,0,0,257.7,0,0,0,0,0,0,0,0,0,0,0,0
1604,0,302.6,204.9,183.7,0,211.9,197.9,0,118.2,188.2,0,128.6,0,301.2,0,0,170.2,266.6,265.6,179.2
1605,514.6,1312,586.2,1537,94.71,313.8,309.8,634.7,1156,684.2,1284,900,3242,1168,5321,4447,910.2,451.2,749.5,1057
1606,0,320.3,389.1,412.5,0,0,0,0,276.7,159.4,370.9,423.6,987.5,519.1,1282,1696,573.7,150,174.7,228.1
1607,270.3,1386,1029,558.3,0,722.5,564.2,428.7,0,0,178.4,0,373.8,0,0,0,0,413,0,0
1608,0,284.8,165.7,211.3,0,482,265.9,201.5,137.3,175.9,198.7,0,401.7,225.7,0,0,385.5,282.7,673.6,283.6
1610,0,328.3,0,0,0,306,177,154.7,0,0,135.9,0,152.3,0,0,0,0,0,0,0
1612,126.9,554.6,451.2,391.7,308.8,0,856.3,827.3,0,0,0,0,0,0,0,0,0,0,0,0
1614,110.1,496.2,369.3,592.4,236,1184,784.1,745.6,596.9,740.5,1113,926.3,2319,918.3,791.6,1600,1432,1315,3187,1326
1618,0,0,0,0,0,0,0,0,0,0,0,0,428.1,0,415.5,985.4,192.1,173.8,456,199.2
1619,284.6,271.1,255.5,254.6,0,0,230.5,0,0,0,0,0,0,0,0,0,0,0,0,0
1627,0,562.3,0,129.6,0,450.4,0,0,0,0,0,0,486.9,370.9,0,630.3,0,243.9,534.1,628.7
1628,0,328.9,0,0,0,89.51,0,0,0,0,0,0,0,0,0,0,235.6,467.8,330.3,0
1633,0,0,0,0,0,0,0,0,0,0,674.4,301.9,409.3,0,0,537.5,523.1,354.7,947.6,485.2
1634,0,292.6,0,172,0,0,0,101.6,0,86.9,0,0,820.1,0,1370,824.7,0,0,0,210.3
1642,0,0,0,0,0,227,0,108.9,0,0,282.6,179.3,472,226.2,213.9,442.5,243.1,292.4,777,362.3
1643,0,0,0,0,0,0,0,0,0,0,0,0,0,0,0,0,123,96.92,199.3,0
1644,0,4527,1670,3973,204.4,1315,953,1742,203.7,405.2,464.8,419.6,0,238,96.2,0,407.5,388.1,439.2,499.3
1645,0,1468,477.4,1017,0,343,529.9,0,244.9,0,215.8,215.7,246.8,223,362.1,0,332.1,484.7,595.8,290
1646,0,0,0,0,0,0,0,0,0,0,0,0,0,0,0,0,223.5,0,623.7,98.76
1648,0,0,0,0,0,0,0,0,0,0,0,142.6,0,0,0,0,165.8,200.7,391.3,140.5
1650,0,0,0,0,0,0,0,0,0,0,0,79.85,0,0,96.64,0,144.4,0,517.7,79.6
1653,0,276.4,707.1,281.1,0,225,310.4,227,0,0,0,0,0,0,0,0,0,0,0,0
1658,1176,13500,4918,7119,2649,21250,12290,11910,4063,5636,5676,0,0,0,3370,0,3710,4839,0,0
1659,1229,13740,2944,5911,1057,5774,5045,3941,12250,14230,15060,22010,21300,18310,12470,19580,11960,14490,27420,17220
1662,0,285.6,160.6,197.1,0,0,0,0,0,0,0,0,0,0,0,0,0,383.6,233.5,104.5
1665,209.2,324.5,242.7,488.5,0,120.9,0,142,0,0,0,0,0,0,0,0,0,0,0,0
1689,0,0,0,0,0,1910,282.3,1731,0,0,0,0,0,0,0,0,0,0,0,0
1690,522.6,1100,1442,985.5,241.6,867.4,932.5,686.5,613,486.3,1100,732.3,942.1,1197,695.5,909.7,693.5,655.4,1221,718.4
1691,246.2,453.6,596,0,0,384.7,483.1,253.7,599.5,473.3,764.6,479.5,393.9,921.9,455.9,540.9,616.4,692.2,659.9,523.6
1692,159,1211,923.1,645.9,0,735.7,229.3,684.8,156.3,0,610.1,320.5,855.4,451.6,407.8,471.8,269.5,341.6,419.6,382
1693,251.8,2402,1077,1484,153.6,1099,433,1073,273.9,560.1,1134,545.5,1379,807.5,664.9,779.4,484.5,545.1,857.5,594.6
1696,0,0,0,0,0,268.9,0,0,249.7,402.8,0,324.3,456,210.3,293.6,415.7,222.3,321,305.1,292.5
1698,0,224.3,95.96,106.8,0,0,162.3,230.9,0,0,0,67.47,244.6,0,101.9,203,0,75.04,241.6,0
1699,77.96,1599,335.2,474.7,0,1243,655.8,639.1,719.7,449.7,360.7,428.2,660.9,558.7,256.6,1252,722.7,498.5,4380,637.6
1700,84.14,367.1,231,164.9,0,147.6,155.9,314.2,0,129,119.3,0,226.8,104.2,0,253.4,237.8,82.61,768.5,140.6
1701,1368,23000,5463,8413,2322,34940,8058,12280,3310,3926,3403,3515,4226,4328,1278,6545,2848,2794,27460,5249
1702,211.7,753.3,137.3,270.1,0,2283,272.7,815.4,0,93.2,84.87,159.3,178.2,0,0,317.4,621.8,79.08,1113,304.3
1704,0,228.9,1563,422.7,0,223.9,0,163.6,0,0,0,0,0,0,0,0,0,0,306.3,0
1705,0,602.5,3331,636.8,0,526.2,263.4,0,0,0,0,0,0,242.9,0,0,0,0,575.9,172.2
1711,0,450.3,256.5,414.6,0,268.2,0,0,0,0,0,0,0,0,0,0,0,0,0,0
1727,414.7,1838,671.5,1235,0,1008,661.4,522.4,319.6,252.5,678.6,0,351,606.9,328.8,313.8,506.9,718,663.9,671
1734,151.2,1229,300.5,827.9,0,1609,522.5,335.6,800.1,1174,1176,1713,1478,1099,382.1,1025,1388,1343,1994,2158
1735,152.1,1475,319.2,412.2,0,2527,1208,385.6,915.2,950.3,1209,984.1,482.9,887.4,641.8,547.2,913.4,1086,859.8,987.2
1739,111.1,515.9,215.8,0,0,0,0,0,0,253.4,206.9,350.9,206.9,160.2,142.7,175.5,175.1,0,214.9,290.1
1741,720.6,2385,538.8,3221,402.3,599.3,1393,1842,0,533.3,768.9,918.5,1078,483,1069,867.1,1248,723.8,886.7,1099
1745,0,170.5,88.51,193.2,0,0,0,0,0,0,0,0,0,0,0,0,0,0,0,0
1746,589.5,0,1093,2294,262.6,0,454.7,0,0,0,0,0,0,0,0,0,0,0,0,0
1754,279.5,0,422.4,0,0,0,0,0,0,313.8,319.9,301.1,0,308.5,0,0,0,0,0,0
1762,0,624.6,0,604.8,0,384.5,242.6,312.9,720.1,331.1,719.4,725.1,613.1,419.3,787,555,1093,691.2,722.4,687.5
1763,0,549.7,0,224,0,667.4,226.1,0,315.4,671.9,1159,586.5,531.5,707.3,510.5,1152,934.3,728.5,1482,1090
1767,274.1,424.7,223.6,371.3,0,230.3,205.2,295.5,0,0,0,0,0,0,0,0,0,0,0,0
1775,891.7,7786,1965,5743,989.2,5596,2382,2642,3185,5007,7502,3158,1053,2462,1229,941.3,932.4,1666,2222,1623
1776,105.1,657.9,204.5,0,125.4,339.4,0,194.3,277.3,422.8,724.6,255.6,150.3,0,183.6,217.2,98.17,0,0,0
1782,114,0,458.7,580.8,94.68,0,401.8,189.7,0,0,0,0,0,0,0,0,0,0,0,0
1784,1670,5164,2253,3698,463.8,2095,1382,1709,887.3,1459,1281,1907,2728,2282,1240,3260,1381,1316,3626,2029
1785,84.57,264.8,0,259.3,0,0,0,0,0,0,113.2,0,257.3,0,436.1,348.1,0,0,0,0
1787,165.7,365.8,263.6,594.5,0,148.2,0,184.8,0,0,0,0,0,0,0,0,0,0,0,0
1789,1120,1853,1598,3805,277.8,0,853.8,1139,0,0,0,0,0,0,0,0,0,0,0,0
1792,0,0,0,0,0,0,0,0,0,244.7,266.1,0,358.5,223.6,198.3,351.3,0,195,354.4,242.8
1799,0,0,0,0,0,0,0,0,0,0,0,0,0,0,0,514.6,0,381.4,529.2,408.2
1803,0,0,0,0,0,147.9,0,0,0,0,536.6,0,257.3,139,258.4,365.7,328.6,248.4,559.5,350.9
1806,0,220.2,0,0,0,0,0,0,0,0,0,0,265.6,96.2,287.4,389.5,97.67,0,248.3,101.8
1809,203.9,0,331.7,638.2,0,0,0,153.7,0,0,0,0,0,0,0,0,0,0,0,0
1816,147.7,1248,0,733.2,0,436.4,150.9,0,0,293.1,283.2,406.6,398.7,463.4,0,288.9,244.2,0,328.1,347.4
1819,0,984.4,374.5,488,0,862.7,599.7,325.2,318.5,518.3,364,347.8,253.9,328.4,192.3,625.5,322.4,406.1,652.8,621.6
1820,321,1528,597.1,1208,184.1,1315,1326,799.8,2030,1948,1983,3247,3221,3108,2122,3740,1999,2167,5658,3120
1821,0,2255,789.6,1040,262.5,2649,1696,959,2825,4449,4546,5819,3861,3749,2645,3916,2786,3679,5453,5390
1822,113.5,509.8,253.3,386.8,0,274.4,0,0,0,0,0,0,0,0,0,0,0,0,0,0
1830,0,0,0,0,0,0,0,0,0,0,0,0,353.3,0,234.9,345.1,0,0,190,0
1831,0,0,0,0,0,0,0,0,83.59,0,214,212.5,1106,189.7,929.5,2229,463.7,510.1,1013,419.3
1832,0,388.8,113.7,176.4,0,216.3,0,0,242.1,514.6,598.3,678.5,4643,1044,3349,4725,781.9,1162,2716,1134
1833,0,0,0,0,0,0,0,0,0,0,0,0,492.2,0,285.5,480.7,0,0,442.9,141.4
1834,0,0,0,0,0,0,0,0,0,0,0,0,679.1,0,498.1,932.7,197.7,275.2,0,213.4
1841,174100,432800,210700,193200,214800,327000,325700,425300,151300,278800,352400,273500,353700,204800,183700,327600,100200,149600,215800,267500
1842,0,256.8,365.4,247.8,0,0,305.1,0,231,0,418.5,213.7,185.6,301.7,179,208.2,206.3,259.8,380,213.1
1844,0,0,247.1,0,0,189.3,0,0,106.3,0,364.6,0,245.1,909.4,239,441.8,331.2,358.7,474.5,0
1846,0,390.8,319.2,389.3,0,402.9,392.5,0,258.4,266,507.7,406.8,424.7,526.2,227.3,302.5,310.7,332.4,611.4,242.4
1857,0,0,0,0,0,0,176.8,160.4,152.4,238.4,216.3,0,0,0,0,0,297.7,392.2,789.2,341.9
1860,0,418.2,207,297,0,0,193.5,181.9,78.2,0,0,0,0,0,0,0,0,0,635,0
1861,0,0,0,0,0,0,0,0,0,0,0,0,496.9,182.2,350.5,746.6,442.3,0,0,0
1862,0,0,0,0,0,0,0,0,0,157.3,164.1,0,328.4,193.8,267.9,822.9,397.5,317.4,1688,296.4
1863,366.7,1253,0,0,0,809.1,149.7,0,524.2,822.8,1183,1437,8716,1966,6346,9880,2071,2538,5516,2192
1864,0,792.1,0,333.5,0,321.4,309.2,295.2,578.6,589,575.1,630.7,500.7,354.4,418.7,1155,1167,997.5,2692,777.2
1865,0,0,0,0,0,0,0,0,0,0,0,0,0,0,0,0,290.4,214.5,425,0
1866,0,493.8,185.1,287.9,0,0,0,146.1,0,0,0,0,575.6,0,374.3,627.5,0,262.8,0,0
1868,0,930.2,294.2,592.5,0,197.6,267.8,303,166.7,0,290.6,0,0,178.4,0,0,0,0,0,332.9
1869,192.4,579.7,138.6,297.3,0,207.4,341.2,593.2,417.1,610,482.5,910,1548,555,1127,2548,1609,968.1,5323,1005
1870,297.4,1743,330.8,836.6,174.4,696.6,1134,1174,1654,2017,1748,2917,1823,1347,1375,2949,3338,4081,7413,2869
1871,0,0,0,0,0,0,0,0,0,246.1,194,353.5,579,297.6,343.4,0,0,0,0,0
1872,0,357.1,0,275.9,0,153.6,189,276.3,180.6,220.3,173.4,409.6,355.1,0,180.9,468.7,390.8,398.2,1044,397
1875,0,536.8,0,335.8,0,785.4,238.4,235.9,369.7,718.7,708.6,641.8,475,212.2,231,391.1,514,509.9,993.5,993.6
1880,0,0,0,0,0,0,0,0,465.2,530.2,953.4,680.9,0,652.7,0,0,535,652.9,736,766.9
1881,9205,22970,11150,10400,11170,17020,17280,21690,8265,14580,18600,14520,18290,10940,9723,17220,5547,8207,11600,14080
1883,0,581.4,0,228.9,0,771.4,0,0,221.5,437.8,665,478.8,345.2,229.3,903.3,1042,540,297.3,691.1,516.6
1889,275.8,2018,333.9,449.1,111.7,1141,415.2,216,407.4,883.4,873.1,897.3,1826,984.3,795.1,2157,668.9,850.5,1946,721.3
1891,0,0,673.2,1066,0,1519,558.9,0,0,0,0,0,0,0,0,0,676.4,0,2139,628.4
1893,0,686.6,0,0,0,276.2,0,0,142,314.1,341.8,0,0,418.7,133.4,0,0,245.8,0,0
1894,172.4,421.3,0,0,0,573,0,0,232.5,509.5,638.8,616.7,2673,587.8,1842,3623,870.3,789.5,2769,896.8
1896,0,330.8,169.4,276.7,0,0,0,215.6,0,0,0,0,0,120.3,0,0,0,0,0,0
1897,0,0,0,0,0,0,0,0,0,0,0,0,319.7,0,185.9,1204,0,0,0,0
1899,0,1434,366.7,760.8,0,901.4,418.2,371.7,0,0,0,0,0,0,0,0,0,0,0,0
1900,129.8,0,0,0,0,592.9,0,0,225.7,1032,977,1276,2445,1211,1949,3417,2101,1206,3497,1948
1901,0,2377,759,1451,162.3,1415,888.9,867.5,580.8,1033,840.3,1056,1044,722.3,629.9,1433,1013,937.5,4725,1016
1902,196.4,2077,1059,1881,205.5,687.8,920.3,1466,577.4,534.6,1049,776.6,0,556,0,0,433.3,470.5,821.7,940.8
1903,356.6,1008,0,0,0,1141,0,240,604.9,1219,1325,1944,7633,1975,3126,8282,3119,2431,6069,2421
1904,272.1,1003,512.2,898.4,176.8,948.6,489.3,940,406.3,548.2,727.6,678.3,1296,687.4,1195,1859,934.5,670.9,1769,948.7
1905,315.5,1205,0,0,0,1524,0,0,833.6,1708,1861,2764,10240,2810,4157,10770,3487,3455,8257,3438
1910,0,1212,235,786.7,0,608.7,357.1,193.7,240.8,523.6,423.8,302.8,393.7,461.8,270.7,664.5,313.1,454.4,531.7,539.5
1912,0,0,0,0,0,0,521.4,0,265.3,348.6,546.8,396.5,397.8,721.4,331.9,388,477,495.9,1048,827.4
1917,478.5,2129,0,1249,0,2149,622.2,0,361.6,819.9,584.3,2627,677,0,600.6,0,0,0,0,0
1920,1008,997.1,700.3,1101,271,290.2,576,1518,0,0,0,0,0,0,0,0,0,0,0,0
1922,1501,4088,4990,5695,235.8,1591,1934,1148,0,0,0,0,0,0,0,0,0,0,0,0
1926,0,0,265.6,195.2,0,0,0,122.9,0,0,0,0,0,0,0,0,0,0,0,0
1928,0,740.1,0,353.2,0,384.3,208.1,151.6,157,448.9,383,499.2,810.6,156.4,601.8,1274,622.9,180.4,1873,458
1929,0,0,0,0,0,0,0,0,0,133.3,103.5,85.46,109.3,0,123.4,190.9,0,0,280.6,0
1930,0,0,228,373.6,0,0,228.1,212.2,0,0,0,0,0,0,0,0,0,0,0,0
1933,0,0,0,0,0,0,0,0,0,122.7,123.9,154.9,214.7,0,239.2,363,139.7,0,414.2,132.3
1938,0,1414,366,232,0,1763,840.5,361.5,700.4,543.7,972,528.9,204,499.4,446.7,205.5,627.6,490.9,468.1,586.5
1941,0,326.5,270.6,420.5,0,0,0,0,0,0,0,0,0,0,0,0,0,0,0,0
1947,297.4,738.3,481.1,850.8,0,331.9,297.3,269,0,0,0,0,0,0,0,0,0,0,0,0
1948,429.8,1161,798.7,720.1,156.9,363.4,981.5,1086,0,118.3,0,0,0,0,0,0,0,0,0,0
1949,1699,1698,1013,1312,270.6,500.8,1036,1596,0,262.2,0,162,0,0,0,0,0,0,0,0
1952,214.5,415.3,447.3,691.8,0,0,221.6,160.9,0,0,0,0,0,0,0,0,0,0,0,0
1953,300.4,821.2,605.9,1223,0,1710,310.5,441.4,0,0,0,0,0,0,0,0,0,0,0,0
1954,1062,2208,1513,2412,133.1,1185,825.6,547.4,126.9,427,421.7,280,290.2,0,140.5,0,0,0,0,0
1955,641.6,1258,1188,1823,0,471,543.1,379,0,0,0,0,0,0,0,0,0,0,0,0
1956,1299,3256,3652,6685,0,798.3,925.9,889.1,0,0,0,0,0,0,0,0,0,0,0,0
1968,0,550.6,405.4,1052,0,225.5,0,239.1,0,0,0,0,0,0,0,0,0,0,0,0
1970,10630,69130,25920,56080,6066,52410,19520,22340,14190,23030,30920,21800,13170,24030,12880,13910,13190,19130,30540,22020
1971,119.6,22130,0,16540,0,9378,0,9746,240.2,2887,1132,7535,3824,0,0,2127,192.1,319.9,6703,5319
1972,1094,6045,2659,0,677.7,0,1083,1159,1254,1827,2737,1822,1509,1266,1083,1829,1147,1564,0,1224
1974,0,1337,438.3,0,356.8,2387,1105,653.9,833.5,622,0,629.7,626.3,370.8,470.8,672.7,560.3,645.7,536.2,585.8
1980,0,0,0,0,0,0,0,0,159.4,137.5,311.1,0,442.3,248.3,141,428.9,373,383.6,1134,458.7
1982,159.1,247.9,235.8,438.8,0,0,0,0,0,0,0,0,0,0,0,0,0,0,0,0
1984,543.8,1522,970.7,1598,0,355.6,381.2,319,0,0,0,0,0,0,0,0,0,0,0,0
1986,239.3,222,211.6,260,0,0,0,221.3,0,0,0,0,0,0,0,0,0,0,0,0
1987,290.5,610.8,309.3,1172,0,170.1,285.7,302.9,0,0,273,0,0,0,0,121.6,0,0,0,0
1988,793.1,1123,1023,1903,130,706.8,601.2,639.1,0,0,0,0,0,0,0,0,0,0,0,0
1989,169.1,377.4,337,646.6,0,177.9,0,158.3,0,0,0,0,0,0,0,0,0,0,0,0
1990,1128,657.4,438.3,535.3,162.4,172.7,355.4,715.4,0,0,0,0,0,0,0,0,0,0,0,0
1991,2998,3791,1781,3287,784.4,1220,2564,3244,0,0,108,162.3,0,0,0,118.1,0,0,0,0
1992,357.6,517.9,485.2,1142,0,278.9,278.1,229.3,0,0,0,0,0,0,0,0,0,0,0,0
1993,110,299.4,178.2,355.7,0,0,0,125.6,0,0,0,0,0,0,0,0,0,0,0,0
1994,422,619.5,636.5,1123,0,371.3,323.2,273.7,0,0,0,0,0,0,0,0,0,0,0,0
1996,0,0,219,0,0,0,0,0,0,0,128.8,0,125,198.1,0,200.5,136,74.82,0,0
1999,0,296.6,279.3,613.5,0,0,0,0,0,0,0,0,0,0,0,0,0,0,0,0
2007,0,0,0,0,0,0,94.07,0,266.9,234.4,275.5,0,536.6,498.5,246.6,503,172.3,369.8,564,503.2
2008,0,0,0,0,0,468,282.8,0,0,0,0,0,0,469.8,0,546.3,352.2,530.5,0,661.1
2010,0,0,0,0,0,0,0,0,0,203.2,208.4,208.9,944.7,355.7,462.5,458.4,0,286.6,247.2,240.9
2012,0,182.8,118.9,236.9,0,0,0,0,0,0,0,0,0,0,0,0,0,0,0,0
2013,0,146.7,143.2,270.2,0,0,0,0,0,0,0,0,0,0,0,0,0,0,0,0
2015,129.6,159.7,116.6,233.9,0,91.49,0,0,0,0,0,188.9,0,0,0,0,0,0,0,0
2016,621.3,933.8,879.6,1666,0,234.4,366.3,466.7,0,0,0,0,0,0,0,0,0,0,0,0
2020,0,669.2,4861,1083,0,713.3,477.9,427.5,0,228.6,0,0,118.4,352.3,0,0,0,0,1191,471.3
2024,321.4,2072,1883,2399,0,0,0,316.4,2465,0,0,0,0,0,0,0,0,0,0,737.7
2025,0,0,0,0,0,0,0,0,0,0,150.4,0,220.9,204,176.5,328.9,0,234.9,308.9,0
2026,0,0,0,0,0,0,363.5,182.9,658.2,1083,1014,1440,821.1,778.4,0,823.4,684.1,825,1049,1136
2027,0,0,0,0,0,133.2,0,155,0,0,0,0,310.4,0,155.6,223.1,0,0,0,0
2033,0,356.9,184.6,242.1,0,516.3,0,158.7,0,139.8,321.4,242.5,207.1,189.1,0,200.3,0,0,253.2,0
2034,0,0,0,0,0,0,0,0,301.6,546.7,129.8,659.4,377.4,0,0,375.5,0,0,68.24,0
2035,0,0,173.6,0,0,0,0,0,0,0,0,92.43,119.1,87.35,0,127.5,0,96.61,136.9,156.6
2039,96.76,766.4,435.9,0,0,438.1,231.1,0,242.5,401.8,493.9,0,0,356.7,0,206.9,185.9,287.2,321.5,457.7
2046,0,0,1300,1337,599.4,1546,0,2032,0,0,0,0,0,0,0,0,0,0,0,0
2047,431.5,1551,1111,967.7,250.1,1917,718.9,843.3,469.8,524.3,897.3,1060,857.7,1425,589.8,1302,727.1,457.7,1463,851.1
2048,606.2,2241,2104,1481,943.6,3361,2325,2000,1043,1283,1694,1836,2438,1953,1519,4319,2305,1854,4628,3236
2052,0,456.6,0,122,0,325.5,0,0,0,191.8,0,0,0,0,0,0,0,184.8,395.3,142.6
2054,0,261.6,0,0,0,206.4,0,0,92.33,162.8,0,161.6,202.6,188,0,0,141.4,165.3,319.6,188.5
2069,0,0,0,0,0,0,0,0,0,0,0,0,233.7,0,480.5,297.7,0,0,0,0
2070,739.6,0,1138,877.1,255.5,519,597.5,0,0,279.7,592.3,314.4,0,469.9,320.5,0,387.1,362.6,0,485.1
2073,125.8,600,0,297.5,0,324.3,0,164.3,185.6,429.9,0,304.7,378.6,240,0,0,0,0,425.4,0
2074,325.3,0,947.5,1382,0,0,747.2,0,0,0,0,0,0,0,508.2,0,0,0,0,489
2077,0,0,0,0,0,0,0,0,0,524.3,0,980.1,556.5,0,0,0,0,0,0,0
2082,0,0,550.3,673.9,0,1719,0,263,589.3,1115,1092,0,0,0,0,0,1414,0,0,0
2084,0,717.4,240.7,381,0,0,0,257.5,155.3,251.1,274.8,247.7,0,0,0,0,371.7,0,692.3,317.2
2085,0,0,0,0,0,0,0,0,216.9,538.8,695.2,789.9,4378,973.4,2962,4858,1025,1132,2352,1087
2086,0,0,0,0,0,0,0,0,0,0,189.9,0,1096,204.9,712.3,1418,0,408.8,601.6,289.1
2088,0,0,0,0,0,1170,0,0,0,0,0,532.3,974.3,644.2,586.2,1378,1319,1126,1318,710.2
2089,167,2061,363.1,332.7,0,0,872.8,172.9,0,0,0,1166,1017,1544,518,1285,0,1007,2257,1015
2090,0,0,0,0,0,0,0,0,0,0,0,0,1226,276.5,733.3,0,0,285.5,0,0
2094,347.9,0,0,0,0,0,0,0,0,289.6,312.8,274.9,615.8,0,1518,969.3,198.7,0,347.6,0
2095,189.3,0,0,0,0,0,0,0,0,0,163.8,150.5,330.6,0,749.8,745.6,0,0,0,0
2098,0,398.9,0,201.1,0,432.7,0,0,0,290,311.9,370.9,320.4,0,0,351.8,0,297.7,280.6,378.6
2099,0,1887,667.5,1331,241.3,3417,1284,1078,1269,2219,2044,2000,1777,1990,1116,2028,1499,1765,3620,2926
2100,0,1019,350.4,598.4,0,622.9,231.4,111.2,113.5,542.2,347.6,528,354.7,158.2,0,267,236.1,233.5,234.8,347.7
2101,0,429.8,199.7,307.5,0,218.6,97.84,0,0,215.7,191,302,164,0,0,0,0,0,0,0
2105,1802,8470,3418,4713,138.9,4964,2576,940.9,1494,4796,3220,6460,2433,590.6,1955,642,732.2,949.3,945,1074
2111,184.6,629.5,507.3,327.6,0,654.7,361.4,213.1,192.6,355.9,362.2,386.3,0,424.2,0,0,686.3,0,0,494.5
2112,0,0,0,0,0,535.5,0,0,0,0,459.1,639.2,1064,0,0,1275,0,0,0,0
2113,204.9,616.6,0,0,0,822.2,0,187.1,307.5,433.6,482.8,723.1,1927,521.4,1516,3719,1309,1102,2955,1219
2114,0,0,0,0,0,0,0,0,0,0,0,587.9,1384,676.1,692.2,1034,858.4,746.1,875.1,468.7
2115,0,990.2,384,0,0,1262,333.7,196.7,311.9,0,449,580.3,2264,1174,988,2460,1734,1610,2893,1210
2116,183.7,1386,500.8,437.5,0,587.8,662.3,428.1,990,1597,2088,1428,0,0,1228,2401,1626,1434,6083,1310
2117,181.5,2690,2212,1024,215,2550,1036,955.3,1418,2310,1776,1816,2731,3065,2121,3714,3558,3515,5776,3036
2118,177.4,1024,794.4,691.3,0,0,555.3,342.4,589,1013,1338,1398,5232,2244,1866,2783,0,1389,4509,1382
2119,277.2,572.3,0,227.9,88.93,826.2,200.7,162.3,515.9,720,691.7,993.9,4265,1626,3481,4896,1990,2122,3590,1627
2120,0,1026,226.6,279.3,0,0,0,0,0,0,0,0,0,0,0,0,0,0,0,0
2122,696,777.4,644.4,1034,541.6,677.4,636.6,646.8,698,508.5,872.2,614.5,386.5,782.9,582.7,372.7,458.5,628.5,584.4,593.2
2123,0,0,457,0,0,943.5,0,0,0,969.1,571.6,1245,0,0,0,0,0,0,0,0
2128,0,639.4,168.6,81.48,0,394.3,0,0,324.1,177,217,203.3,0,344.5,311.1,0,0,265.5,124.4,123.6
2129,462.1,0,720,2289,223.2,1927,874.5,1172,1232,0,1642,2677,2762,1333,683.4,1397,1757,1778,2689,3134
2136,82.37,358.2,0,487.1,0,0,0,0,0,0,0,0,0,0,0,0,0,0,0,0
2138,77.02,178.8,193.2,263.3,0,0,0,0,0,0,0,0,0,0,0,0,0,0,0,0
2139,989.6,1713,1172,2083,403.6,658.3,954.5,1527,0,0,0,0,0,0,0,74.27,0,0,0,0
2140,654.1,2533,1317,1723,86.4,788.7,866.3,377.4,221,931.3,305.4,508.8,240,0,144.3,363.6,194.8,212.7,351.8,214.3
2141,603.7,1452,1363,2162,173.1,571.2,0,816.1,0,0,0,0,0,0,0,0,0,0,0,0
2142,485.4,2976,2681,3269,554,2082,987.5,2008,0,0,0,0,0,0,0,0,0,0,0,0
2143,1582,2608,1667,2774,641.4,619.9,1460,2464,0,0,0,0,0,0,72.99,0,0,0,0,0
2144,0,141.7,159.8,293.5,0,0,0,97.28,0,0,0,0,0,0,0,0,0,0,0,0
2147,0,0,0,0,0,186.3,269.2,116.5,209.3,312.4,368.3,206.2,200.1,0,0,322.2,295.5,126.2,1030,0
2148,0,128.2,0,0,0,175.2,0,0,0,0,0,0,205.5,166.9,0,381.7,242.1,0,385.3,0
2149,0,241.1,0,0,0,336.2,136.8,0,137.8,410.2,389.9,299.5,686.2,398.1,314.5,1778,536.5,365.9,941.9,612.2
2151,0,311.9,0,0,0,212.9,0,0,0,0,211.1,93.9,297.5,0,191.7,266.6,127.9,133.3,290.8,158.9
2152,0,0,638.2,820.2,308,0,895.8,1123,436.4,798.7,620.8,518.7,422.3,236.4,480.6,950.4,609.4,275.8,3236,336.1
2153,0,0,1912,2845,1005,0,2822,3814,0,0,0,0,0,0,0,0,0,0,0,0
2154,0,0,0,421.4,118.1,679.1,411.2,457.8,253.8,372.8,554,347.2,659.5,599.6,354.8,744.9,342.8,349.8,1740,430.4
2155,573.9,9430,3772,3673,587.1,8405,4368,2349,5230,9275,9557,10160,15960,10050,8117,22510,13730,11750,28500,10290
2157,1373,3520,1042,2119,694.6,1750,1385,3357,3211,4969,4814,3777,3680,3093,2935,3415,1876,2444,6330,4787
2161,0,339.6,299.6,336.6,0,383.4,172.3,213.9,501.5,281,487.6,414.6,551,407.7,1369,0,447,496.4,353.7,442.3
2164,241.3,1650,882.9,1655,0,0,0,354,0,0,0,0,0,0,0,0,0,0,0,0
2165,961.3,765.7,1046,1426,200.4,0,665.2,838.7,0,281.1,184,179.8,0,0,0,0,0,0,0,0
2166,544.4,524.7,426.3,572.8,101.2,0,0,456,0,0,0,0,0,0,0,0,0,0,0,0
2169,166.9,0,451.4,845.6,0,382.6,0,298.5,0,0,0,0,0,0,0,0,0,0,0,0
2170,321.1,818.4,956,1437,0,627.2,352.2,358,0,0,0,0,0,0,0,0,0,0,0,0
2171,312.1,0,958,1671,0,350.7,0,0,0,0,0,0,0,0,0,0,0,0,0,0
2173,816.5,3100,1718,3265,234.7,799.9,589,761.4,0,0,0,0,0,0,0,0,0,0,0,0
2175,736.7,1921,1741,2924,221.5,659.6,896.2,902.5,0,0,0,0,0,0,0,0,0,0,0,0
2184,0,0,0,0,0,484.3,0,204.1,0,0,0,0,545.1,0,397.4,0,296,485.5,494.6,497
2185,0,2610,644.1,1032,0,2193,1645,1016,1094,1268,974.1,1447,3323,2232,1545,2421,1159,1828,2162,2193
2188,0,1105,811,1196,138.8,359.3,317.5,354.2,0,0,0,0,0,0,0,0,0,0,0,0
2189,517.9,846.1,697.3,1153,0,330.2,355.1,0,0,0,223.5,0,0,0,0,0,0,0,0,0
2191,408.5,0,865.6,1882,0,968.6,588.3,397.8,0,0,0,0,0,0,0,0,0,0,0,0
2194,278.3,1965,518.7,2284,119.2,0,537.9,651.8,0,0,0,0,0,0,0,0,0,0,0,0
2197,281.7,760.9,514.7,943.2,0,274.5,371.2,410.8,101.8,0,188.4,0,0,0,0,0,0,0,0,0
2198,385.4,1351,924.9,1665,113.3,976.7,394.9,626.7,0,0,0,0,0,0,0,0,0,0,0,0
2202,0,0,0,0,0,0,0,0,0,0,0,0,0,0,0,0,146.8,245.9,124.8,0
2205,0,0,0,0,82.43,1498,0,0,487.2,706.4,1298,0,2706,1094,1605,1633,1013,1160,1688,1527
2207,197.5,0,295.5,686.7,0,175,184.3,151.1,0,0,0,0,0,0,0,0,0,0,0,0
2209,0,318.6,348.8,742.8,0,0,118.9,0,0,0,0,0,0,0,0,0,0,0,0,0
2211,314.7,386.3,310.7,475.4,109.3,323.6,231.6,205.2,216.7,174.8,1736,0,169.2,0,90.85,916.9,0,259.8,118.3,107.6
2217,620.2,526.7,751.9,949.5,308.4,0,535.6,944,0,0,0,0,0,0,0,0,0,0,0,0
2222,98.94,502.4,572.8,656.6,0,0,231.3,0,0,0,0,0,0,0,0,0,0,0,0,267.3
2227,0,0,0,0,0,0,511,313.9,277.4,0,508.6,513.4,622.3,430.5,400.4,971.5,479.5,378.4,956.8,683.1
2231,0,351.6,0,0,0,327.3,0,0,0,220.5,0,0,0,0,0,0,208.5,228.4,437.9,309.8
2232,741.4,1164,1006,702.8,2311,800.2,588.9,2194,837.2,1205,1286,2132,2067,539.1,882,2027,826.8,715.3,1305,640.8
2239,0,304.6,0,139.1,0,212.2,0,0,0,0,87.07,0,424.4,0,0,0,139.3,235.8,447.1,262.1
2243,250.2,1522,0,904.3,0,0,0,0,0,0,0,0,0,0,0,0,0,0,0,0
2246,0,754.2,0,320,0,469.9,0,0,0,401.9,414.1,605.8,431.9,0,0,0,0,0,0,0
2248,295.2,1747,801.2,1171,0,865.7,353.5,219.9,0,808.1,568.9,704,0,0,0,0,0,0,0,0
2251,1724,7588,2744,4026,0,5121,2188,486.4,1079,4688,2480,5659,2491,534.5,1990,0,1004,0,1033,1394
2252,0,2147,0,0,0,3024,0,0,600.3,1377,1509,0,1951,1715,0,2294,0,1658,0,1832
2254,0,1897,0,0,0,0,0,410.5,629,0,1690,1478,2406,1129,1283,1574,2079,1118,1968,1207
2255,0,1019,688.1,458.7,0,683.7,0,248,308,0,447.8,481.5,712,563,383.4,661.5,559.9,487.2,1741,717.7
2260,0,0,0,0,0,0,0,0,0,553.1,449.9,515.1,166.6,205.3,188.9,122.2,0,162.8,390.4,0
2264,173.5,997.3,148,574,0,0,0,0,0,0,0,0,0,0,0,0,0,0,0,0
2266,88770,63880,75400,66180,44260,66810,81400,81040,89950,85450,91660,75820,75410,77520,97020,79830,94230,91450,68160,81360
2270,0,0,0,0,159.5,308.2,0,592.9,0,0,133,337.5,0,0,0,614.7,0,0,0,0
2272,0,667.2,1907,225,0,0,0,0,0,651.3,0,0,1878,1096,0,0,0,0,0,0
2275,219.9,1361,3052,313.2,146.3,0,1133,403.2,0,0,0,0,0,0,0,2923,0,1914,0,1754
2276,0,0,0,0,0,0,2507,0,3693,0,0,6143,8623,6519,5091,8441,8196,5491,13800,5788
2278,0,811.6,271.2,517.3,0,543,324.1,169.2,173.7,291.3,243.7,197.6,0,0,0,0,329.5,339.4,664,0
2279,0,212.9,132.7,148.7,0,175.9,0,307.5,0,0,0,0,0,91.28,0,0,0,0,0,0
2280,0,486.2,256.2,341.1,0,341.7,266.4,428,0,189.6,132.9,108,0,117.3,0,0,115.2,118,364.5,0
2281,0,577.9,211.1,338.6,0,337.8,219.8,180.9,147.7,0,184.8,187.8,0,0,0,0,166.8,172.9,435,199.6
2293,0,0,153.3,211.6,0,218.4,0,0,0,0,0,159.5,0,0,0,252.6,0,187.6,342.3,214.6
2295,169.6,571.6,465.2,888.8,0,342,133.3,268.9,0,0,0,0,0,0,0,0,0,0,0,0
2297,330.3,2003,1610,3319,201.6,961.3,577.2,951.5,0,0,0,0,0,0,0,0,0,0,0,0
2300,0,289,0,101.4,0,0,0,0,0,0,296.3,187,0,113,0,0,248.4,171.7,620.9,228.9
2301,0,0,0,0,0,0,0,0,157.9,287.2,488.7,274.6,108.5,240.8,0,0,511.4,313.5,937.2,364.1
2304,0,1247,0,0,0,1773,1373,0,1175,1619,2567,1685,3081,2257,1552,3646,2074,2121,5102,2355
2305,0,0,510,0,0,0,0,0,472.7,0,0,0,3142,1659,1626,2990,0,1666,3082,0
2306,250.9,1806,0,0,215.6,3754,1268,0,2027,3132,3600,3696,10990,5871,5619,10780,5306,5709,10770,6063
2307,0,1047,375.9,0,0,3066,680.4,180.5,2029,2435,4137,3189,5755,3730,2307,6695,4049,4822,10960,4320
2308,0,1248,298.6,0,0,0,495,0,889.1,0,1190,0,0,627,0,0,0,625.4,814.9,717.6
2310,0,3954,519.8,1873,0,2210,1232,952.6,399.5,0,1619,179.1,0,984.8,0,134.1,0,599.6,1336,986.3
2311,543.9,2182,878.6,1990,341.4,1630,1013,1393,653.8,655.6,1065,658.6,504.1,800.7,439,476.7,711.8,889.3,1320,885.2
2312,199.4,1120,409.2,769.9,174,497.7,0,593.3,0,0,0,316.9,243.3,0,0,0,0,0,334.3,0
2316,156.4,473.5,0,617.1,0,0,0,0,0,0,0,0,0,0,0,0,0,0,0,0
2317,170.1,608.2,504,844.3,0,156.1,0,237.6,0,0,0,0,0,0,0,0,0,0,0,0
2318,221.7,1048,0,0,73.78,0,0,494.8,0,0,0,0,0,0,0,0,0,0,0,0
2319,299.3,840.3,801.8,789.6,0,0,0,229.5,0,0,0,0,0,0,0,0,0,0,0,0
2320,369.4,1292,1497,2647,0,405.8,336.6,547.9,0,0,0,0,0,0,0,0,0,0,0,0
2321,230.8,2754,962.1,1660,841.4,360.6,8186,3039,84.59,260,0,219.3,0,0,0,0,0,0,0,0
2322,0,726.2,0,279.3,0,314.1,0,0,81.79,134,126,0,0,0,0,0,0,133.8,299.6,145.9
2324,0,1026,0,265.3,0,396.2,155.8,0,111.3,383.6,516.6,259.3,149,276.3,115.3,0,206.1,261.5,942.2,257.1
2326,0,184.4,169.8,243,0,0,217.3,209.8,0,0,0,0,0,0,0,0,0,0,0,0
2335,0,1046,0,0,0,824.1,193.7,0,509.7,859.6,1540,1297,446.6,684,0,564,816.6,615,1580,1204
2336,0,0,0,0,0,0,0,0,75.4,0,404.5,111.1,0,0,0,0,0,84.64,0,0
2338,0,0,414.3,663.9,0,0,0,290.8,0,0,0,0,0,0,0,0,0,0,0,0
2343,0,0,0,0,0,0,0,0,0,110.9,637.7,140.9,0,0,0,0,0,0,0,0
2344,134.4,221.5,290.7,234,0,201,276.2,232.4,304.5,268.5,707.1,396.1,288.3,0,0,342.7,213.4,194.9,341.3,250.2
2345,0,0,160.6,164.3,136.3,714.9,466.5,233.2,226.7,352.5,558.6,436.5,136.4,256.1,169.3,206.3,251.3,226.5,444,338.8
2352,0,1535,0,670.6,287.1,2312,865.9,1195,2972,6846,10820,7448,3563,1705,1862,3432,1228,1168,2450,1872
2353,957.4,6934,4570,6366,619.3,6094,5152,4257,2980,2884,3433,4534,2984,2395,1522,2320,2482,2170,4222,3809
2354,0,1051,599.6,891.4,0,872.2,0,658.1,434.9,0,0,795.6,0,0,462.3,773.4,797.4,0,1115,796.1
2355,0,0,0,0,0,0,0,0,0,234,116.3,337.7,0,0,0,0,0,0,0,0
2360,0,0,0,0,0,0,0,0,0,0,0,0,237.7,0,276.7,361.8,0,0,0,0
2362,228.9,1056,460.6,783.4,0,149.4,214.7,239.4,0,0,0,0,0,0,0,0,0,0,0,0
2365,168.5,609.3,441.2,757.3,0,0,225.7,233.5,0,0,0,0,0,0,0,0,0,0,0,0
2366,494.7,1126,1156,1908,0,0,458.5,379.8,0,0,0,0,0,0,0,0,0,0,0,0
2368,156.6,895,328.4,0,0,675.7,437.9,432.7,0,444.6,431.4,542,697.4,526.8,292.5,464.2,361.7,434.1,1028,592
2370,0,430,273.3,193.3,0,185.7,210.7,0,0,0,216.3,0,164.3,221,0,0,0,0,0,0
2371,0,649.7,0,444.2,0,335.1,0,239.8,0,0,0,0,204.7,0,0,0,0,0,218.1,0
2376,0,0,0,0,0,0,0,0,0,0,165.2,203.7,436.3,186.2,188.5,414.2,0,221,0,157.9
2377,0,532.6,0,352.8,0,874.9,321.8,370.7,0,0,147.3,0,0,0,0,244.2,0,0,829,0
2378,373.4,0,504.5,1281,0,0,0,0,0,0,0,0,0,0,0,0,0,0,0,0
2380,187,325.9,253,534.4,0,0,0,96.79,0,0,0,0,0,0,0,0,0,0,0,0
2381,314,1217,0,2468,0,0,270.3,390.9,0,0,0,0,0,0,0,0,0,0,0,0
2383,1875,1458,0,939.3,0,0,1341,700.1,0,0,0,0,0,0,0,0,0,0,0,0
2385,269.6,1101,280,0,0,0,215.2,89.94,0,0,0,0,151.7,344.2,0,560.8,276.5,0,0,0
2386,0,0,0,0,0,0,172.6,0,337.6,0,334.8,769.9,777,284.2,217.2,364.2,475.8,398.8,620.3,897.2
2389,134.1,1108,509.8,570.6,0,516.1,207.2,0,0,575.5,157.6,343.8,0,0,0,0,0,0,0,0
2392,681.1,4197,1479,2385,0,3281,872.1,0,0,2946,2213,2120,874.2,0,781.8,312.4,341.2,0,0,719.2
2398,11670,52890,21100,45490,7136,34970,17280,18990,15590,18570,29380,19090,11120,21820,11640,10060,10800,16270,22640,17500
2402,320.1,0,204.7,0,3590,2181,5630,5171,3269,1408,1766,4360,2556,4152,4639,5387,3291,5650,7684,7079
2404,0,1879,610.3,963.8,293.4,1995,1558,834.5,1826,2361,1830,3497,1524,1117,2329,842,2115,3294,3462,2970
2413,0,306.8,144.1,229.5,0,162.5,0,0,0,144.1,0,0,129.1,0,324.4,180.7,0,0,127.9,0
2414,0,732,684.1,1559,0,753,413.5,305.6,389,0,419.2,783.7,931.7,485.3,329.5,422.2,557.6,638.2,578.8,1037
2418,0,226.5,0,0,0,0,0,0,0,0,0,0,0,0,0,0,192.2,262.6,157.8,90.66
2420,0,1316,2952,0,0,3488,0,525.2,862.1,1167,0,1132,3766,1635,911.7,3468,2088,1573,3252,1962
2425,0,321.1,0,0,0,0,212.9,0,131.7,216.7,0,246.5,213.6,0,0,263.2,0,0,0,0
2426,0,0,0,0,0,0,0,0,0,0,0,0,0,1576,0,2340,1459,1643,2982,2328
2430,0,0,0,0,0,0,0,0,0,0,0,0,1440,0,486.7,534.1,0,0,0,0
2434,0,0,0,0,0,0,0,0,314.3,693.8,2543,827.2,1885,1025,1598,1757,1396,1126,1769,1235
2435,0,351.1,489.1,0,0,1101,317,0,0,650.4,0,671.3,1147,765.7,0,0,833.8,711.9,1514,1044
2436,0,209.3,0,70.21,0,401.4,222.5,169.8,336.5,445.7,782.6,506.6,1339,749.9,642.4,1204,696.5,651.7,1510,903.4
2437,0,235.4,76.01,176.8,0,354.9,233.7,190.3,176.1,231.8,582.5,346.1,984.6,489.7,372.1,809.7,387.5,389.3,975.8,617.1
2440,176.8,343.6,198.7,291.1,0,0,0,0,105.5,0,163.2,183.2,0,0,107.6,0,0,0,0,95.32
2444,235,0,791.9,837.1,139.2,0,565.8,222.5,0,0,0,0,0,0,0,0,0,0,0,0
2445,0,740.2,483.6,630.2,0,0,217.6,353.5,0,0,0,0,0,0,0,0,0,0,0,0
2447,0,1423,0,0,301.6,1066,745.2,680.8,0,0,0,0,0,0,0,187.8,268.3,0,0,218.1
2448,0,0,0,0,0,693.3,515.9,0,302.9,407.2,0,466.4,545.4,453.4,315.4,662,355,449.5,759.5,657.2
2451,0,0,0,0,0,0,0,0,0,0,0,0,946.5,378,0,650.7,202,344.9,618.1,0
2452,0,0,0,0,0,0,0,0,0,0,327.7,354.8,1401,417.6,562.1,705.7,219.9,336,576.7,297.6
2453,0,0,0,0,0,230.2,0,0,184.9,355,1016,360.1,555.4,433.2,662.5,615.3,576.1,426.8,806.8,563.2
2454,0,212.7,0,131.1,0,156,0,0,0,158.4,0,217.9,349.6,230.2,0,324.5,0,169.4,354,191.2
2455,273.4,1442,498.1,1334,165,865.7,499.2,610.5,435,529.7,652.5,522.9,423.3,530.9,318.1,339.7,318.7,396.5,729,519.9
2459,0,0,0,0,0,0,0,0,0,0,0,0,585.1,424.2,370.6,549.3,0,0,568.7,0
2460,0,1111,0,0,0,1052,0,0,699,1123,1288,1223,690.6,0,0,723,0,542.9,1031,615
2461,0,675.8,0,425.9,90.51,1034,470.4,357.4,344.6,517.4,601.4,502.2,493.6,631.6,367.8,594.9,408,571.2,801.2,612.2
2462,90.74,490,0,270.1,0,0,0,0,0,0,0,0,0,0,0,0,0,0,0,0
2470,0,730.8,273,530.4,222.1,727.9,1283,527.6,624.2,828.5,1324,524.9,638.5,1430,742.6,997.6,1240,1403,1343,1391
2472,0,0,91.36,0,0,225.8,0,0,336.5,329,516.8,211.4,0,367.4,167.4,236.5,340.4,299.1,344,246.1
2473,0,0,0,397.5,0,0,183.4,0,0,202,292.7,140.1,221.2,188.5,0,207.4,0,0,0,0
2474,0,937.4,0,0,0,2027,267.1,0,1898,3242,2005,2307,1013,1526,795.7,1287,1282,2043,2027,1814
2479,0,0,0,398.6,0,0,0,0,0,0,0,0,697.2,238.3,318.3,418.9,174,192.7,1006,193
2480,209.2,291.4,0,580.4,0,0,0,0,0,0,0,0,0,0,0,0,0,0,0,0
2482,0,0,0,0,0,0,0,0,0,0,115.2,93.34,119,0,93.93,222,0,0,233.1,115
2486,159.9,519.4,0,1172,0,0,0,338.3,0,0,0,0,0,0,0,0,0,0,0,0
2489,741.4,3556,1158,1138,296,6744,1473,1117,0,0,0,0,0,0,0,0,0,0,0,0
2493,0,225.7,0,0,219.8,208.2,0,377.1,0,358.1,0,237.1,0,161.4,0,270.5,0,0,200.8,0
2495,411.3,3304,4099,2523,325,4540,2401,1660,1580,1813,1953,2143,2258,1782,1028,1282,3180,2157,4026,4080
2496,0,584.1,561.5,334.9,0,649.1,272.6,222.1,231.5,317.3,438.1,362.8,373.5,328.2,0,463.9,621.1,407.1,739.1,703.2
2501,0,0,0,0,0,0,0,0,68.13,87.24,0,79.25,0,0,0,0,0,0,0,0
2502,0,227.8,236.9,306.7,0,226.2,0,163.9,0,0,0,0,0,0,0,0,0,0,491.4,179.2
2503,0,0,0,0,0,228,94.06,0,0,0,158.2,0,391.8,160.9,129.5,719.7,341,184.9,652,210.9
2508,0,0,0,0,0,0,0,0,170.4,222.4,0,0,635.6,0,1625,1598,0,0,412.9,246.8
2509,0,0,0,0,0,465.6,169.7,0,308.9,390.6,368.4,356.5,674.6,368.3,345.2,560.2,239,502.6,573.7,0
2510,0,869.3,0,0,0,446.9,0,0,351.4,483.3,399.6,438.8,868,305.6,242.3,647.8,0,623,908.8,779.9
2511,311,1994,1036,1334,0,1463,993.6,887.9,674.2,676.1,682.9,917.8,1009,913.1,526.8,808.7,603,811.1,1299,833.6
2513,0,268.3,148,136.7,0,0,0,0,0,170.2,0,196.4,0,0,0,0,0,0,0,0
2518,0,1204,0,0,0,977.5,212.4,0,527.5,837.7,2080,1197,1427,1441,1234,2198,1998,1504,3167,2320
2519,0,0,0,0,0,0,0,0,0,0,502.5,0,568.9,412.5,404.8,701.9,532.5,512.4,825.4,695
2523,0,378.4,0,0,0,619.9,237.2,0,278.3,400.6,237.4,338.9,903.2,420.9,345.2,770.1,360.9,520,1073,812.8
2526,293.2,816.5,502.6,1316,0,1951,270.8,0,0,0,0,0,0,0,0,0,0,0,0,0
2531,0,493.7,0,0,0,0,0,0,240.1,415.4,1286,454.8,1074,728.5,1098,1331,987.3,813.7,1400,1164
2533,124.4,936.2,354,484.7,189,1319,604.8,617.2,233,330.7,194.1,222.5,299.9,331.2,0,438.6,0,264.9,1219,365.3
2536,228.9,386.6,314.4,762.5,0,269.3,210.8,213.1,0,0,0,0,0,0,0,0,0,0,0,0
2537,508.8,661.3,669.5,1211,0,316.6,383.9,338,0,0,0,0,0,0,0,0,270,0,0,0
2538,1730,4222,2941,7324,465.8,1709,1569,2035,0,0,141.1,0,0,0,0,0,105.7,0,0,0
2539,240.1,439.5,326.4,1028,0,206.4,222.8,273.8,0,0,0,0,0,0,0,0,0,0,0,0
2540,315.7,378.6,369.4,920.3,0,285.2,226.9,195.5,0,0,0,0,0,0,0,0,0,0,0,0
2542,0,351,369.7,919.1,0,0,0,188.1,0,0,0,0,0,0,0,0,0,0,0,0
2545,397.2,1421,616.9,1152,215.4,0,0,543.2,279.7,327.2,533.6,0,165.8,0,0,0,0,0,0,0
2546,376,1349,919.2,0,0,0,0,0,0,0,0,0,0,0,0,0,0,0,325.8,0
2549,0,672.6,0,0,0,1449,0,178.3,463,719.1,484.7,698.2,292.2,692,0,483,559.5,893.9,912.5,815
2554,0,687.6,0,360.2,0,596.8,0,0,425.6,767.4,756.6,783.3,3871,1307,1893,1641,449.2,1001,830.1,810.2
2555,0,191.2,123.9,262.4,0,0,0,0,0,0,0,0,0,0,0,0,0,0,0,0
2557,139.1,317.6,231.5,358.6,0,0,0,110.7,0,0,0,0,0,0,0,0,0,0,0,0
2558,260.4,359.2,361.1,713.8,0,106.1,171.2,118.4,0,0,0,0,0,0,0,0,0,0,0,0
2560,0,495.3,283.7,312,0,0,308.9,178.4,261.8,187,417.4,255.4,172,387.4,0,284.6,222.2,357.5,475.1,335.3
2563,0,446.4,455,692.8,132.1,0,442.1,1032,0,0,0,0,0,0,0,0,0,0,0,0
2567,281.2,765.7,780,1498,0,329.4,0,386.2,0,0,0,0,0,0,0,0,0,0,0,0
2571,0,854.1,0,0,0,1558,0,170.4,1022,1581,1373,1467,736.8,1094,455.4,815,909.5,1362,1708,1309
2572,1035,7726,3831,0,0,0,0,0,0,0,0,0,0,0,0,0,0,0,0,0
2573,0,0,0,0,0,0,0,0,0,0,0,0,944,344.8,574,419.7,0,0,0,0
2579,0,776,397,626.8,0,697.3,400.5,472.2,498.6,467.4,784.9,519.8,0,370.5,0,0,0,386.6,550.4,558
2580,0,392.9,172.6,312.9,0,363.6,162.3,184,0,213.5,196.6,328.1,0,0,0,0,148.2,0,218.8,359.2
2581,0,0,0,0,0,0,0,0,582.8,338.9,1959,520.1,0,652.5,296.4,0,392.8,514.7,474.8,342.1
2583,175.7,0,0,0,0,0,0,0,318,147.6,0,183.3,0,165.2,472.6,225.2,275.4,266.9,193.8,0
2584,492.8,1100,990.9,1963,0,0,0,573.5,0,0,0,0,164.3,0,0,0,0,0,0,0
2585,0,1402,0,0,0,1594,633.6,0,1053,1331,498.3,1100,1083,384.1,531,566.4,0,451.6,518.7,0
2588,0,537.9,0,266.6,0,444,232.4,178.7,0,0,245.6,0,0,0,199.2,0,257.9,189.7,317.7,270.6
2589,231.4,1830,928.2,1411,219.9,2529,1285,1096,764.9,755.9,1077,1097,1001,710.3,503.2,752.4,1069,1063,1259,1328
2595,167.6,0,0,0,0,0,0,0,0,0,0,213.1,422.2,222.9,170.4,466.8,193.7,0,315.9,197.6
2599,0,333.7,170.5,124,0,243.5,0,79.26,190.3,268.5,245.1,0,324.1,221,0,376.2,285.9,282.2,532.7,259.4
2603,0,769.5,503.6,0,0,606.6,468.3,262.6,191.4,282.4,407.1,351.8,217.2,330.6,0,166.7,0,255,296,0
2604,0,0,0,0,0,212.8,0,0,0,0,0,0,0,0,125.6,204.2,0,148.5,152.5,0
2605,0,0,0,0,0,0,0,0,0,0,0,0,127,0,98.46,159.6,0,0,0,0
2608,0,646.6,0,0,0,1637,0,0,666.9,1436,1007,729.5,236.2,1520,0,374.1,811.6,1393,1397,1356
2609,0,0,0,0,0,1375,394.4,221.1,0,0,0,0,0,0,0,0,0,0,0,0
2613,0,416.7,0,163.5,0,0,0,166.1,191.5,221.2,262,0,634.2,376.4,226.1,489.4,273.3,335.1,576.6,464
2614,0,0,0,0,0,0,0,0,0,0,243.8,141.8,278.7,190.4,149.9,0,0,0,246.6,0
2616,0,0,0,0,0,0,0,0,0,0,0,125.9,0,0,0,0,110.9,196.2,314.4,147.8
2618,159.7,882,615.2,998.2,0,243.3,354.7,0,0,0,0,0,0,0,0,0,0,0,0,0
2619,304.2,708.1,0,0,0,375.7,207.9,335.1,0,0,0,0,0,0,0,0,0,0,0,0
2624,0,1240,0,1465,0,0,0,0,0,297.3,503.8,0,0,1464,157.1,2340,615,0,0,0
2626,0,815.9,0,0,0,896.5,0,0,0,0,831.1,0,1315,434.8,559.6,872.1,624.5,0,1266,622.3
2629,0,0,0,0,0,0,0,0,0,102.9,0,0,429.4,142.2,201,436.9,168.7,0,332.9,166.7
2631,0,0,0,0,0,0,0,0,0,0,0,0,185.5,0,125.3,186.3,0,0,124.1,0
2633,138.1,337.4,333.1,535.1,0,0,0,0,0,0,0,0,0,0,0,0,0,0,0,0
2634,0,381.1,490.6,850.7,0,0,0,0,0,0,0,0,0,0,0,0,0,0,0,0
2635,0,468.4,487.4,849.9,0,0,179.8,308.7,0,0,0,0,0,0,0,0,0,0,0,0
2637,384.3,704.6,654.4,1555,0,653.6,337,450.5,0,0,0,0,0,0,0,0,0,0,0,0
2638,166.4,0,377.1,600.6,0,0,171.1,245.5,0,0,0,0,0,0,0,0,0,0,0,0
2642,0,0,0,0,0,0,825.7,0,0,1918,0,1762,841.9,0,1001,1400,517.5,1092,2495,0
2646,377.7,991.2,856,1739,0,453,293.7,499.5,0,0,0,0,121.6,0,0,0,0,0,0,0
2647,676.2,2249,2338,5169,153,964.8,823.7,1057,0,0,0,0,176.8,0,0,0,0,0,0,0
2648,237.3,781.6,722.2,1303,0,404.7,0,290.4,0,0,0,0,334.4,0,0,124.8,0,0,0,183.5
2649,0,0,0,0,0,0,0,0,383,559.2,1326,969.1,0,0,0,202.3,231.2,0,303.7,0
2650,0,0,0,0,0,356.3,0,0,509.7,894.3,1608,1172,455.3,430.1,0,663.8,705.5,412.7,802.9,543.5
2653,1004,2715,1324,3114,0,891,795,1064,866.8,1342,1404,1123,1330,770.5,785.4,1816,543.6,668.8,1615,527.7
2654,0,647.5,0,0,0,784.8,0,0,469.7,0,560.2,565.4,330,0,223.7,0,309.3,458.7,576.8,0
2662,0,902.3,917.5,1661,0,481.3,0,458.8,0,0,0,0,0,0,0,0,0,0,0,0
2664,0,0,0,0,0,0,0,0,218.3,317.6,456.1,0,0,474.1,171.1,0,306.2,264.1,389.4,0
2669,2250,6524,2394,6716,525.6,1543,1736,1449,1353,2115,2111,1668,3260,2729,2029,5315,2190,1788,5042,2795
2671,1637,3897,1763,4537,422.8,2066,1225,2147,875.5,1654,2092,1410,2379,1258,1269,2259,787.6,1133,2232,660.4
2674,209.1,463,536.8,838.5,0,0,257.3,225.7,0,0,0,0,0,0,0,0,0,0,0,0
2677,0,494.4,0,280.9,0,234.1,123.6,103.1,0,113.5,189,0,309.3,199.9,0,173.4,223.2,187,490,277.1
2680,0,242.1,0,0,0,455.7,178.4,0,377.6,257.9,832.4,464.5,410.1,798.4,356.4,300.2,671.1,526.7,937.2,794.1
2681,0,0,0,0,0,511.2,213.2,0,363.6,279.7,804.5,508.1,622.7,783.6,374.9,0,622.9,594.4,893.8,632.4
2682,0,231.6,439.8,0,0,297.8,355.4,104.4,213.8,117.9,428.4,223.3,310.9,299,313.7,455,227.6,0,429.3,0
2683,0,0,282.4,0,0,235,242.4,109.1,128.5,133.6,238.4,152.4,163.9,195.8,182,217,0,0,305.5,130.4
2684,1357,2278,2020,1409,4204,1597,1126,4266,1535,2369,2353,4039,3972,1117,1650,3883,1468,1380,2448,1240
2685,0,0,0,0,0,0,0,0,0,0,485.9,0,453.5,494.3,0,409.5,487.4,508.7,895.4,809
2686,0,308.2,0,0,0,569.3,434.1,133.6,526.3,421.3,194.3,0,511.1,1107,267.5,300.6,0,680.9,305.4,616
2687,0,1497,721.5,1796,0,0,735.4,0,331.8,600,0,0,334.9,1331,160.4,263.3,0,0,522.2,0
2689,162.3,1225,428,694.7,0,0,0,270.4,0,0,0,0,0,0,0,0,0,0,0,0
2694,179.1,566,432.1,868.7,0,245.1,0,326.6,0,0,0,0,170.4,0,0,0,0,0,0,0
2695,2954,6863,2343,7445,582.1,2192,1767,2314,1149,2028,2588,1598,4196,3357,2479,5235,1823,2314,5444,2364
2696,679.2,1668,0,1762,0,0,0,0,0,0,588.9,0,0,0,592.1,0,0,0,0,0
2698,0,1224,0,562.7,0,187.4,342.5,313.1,0,0,135,0,0,0,0,0,148.1,0,0,0
2699,546.5,3135,1008,4241,512,1138,2394,1657,407.5,398.5,719.2,706.7,364.9,285.1,0,281.6,775.5,380.6,512.6,1307
2700,587,0,346.7,950.9,2396,0,0,1217,0,0,0,0,0,0,891.8,0,253.6,0,139.5,0
2702,0,3668,344.1,520,131,7134,756.6,798.9,2030,2653,2399,1996,837.9,1722,1371,1517,1335,1811,1844,2105
2703,140.7,354,307.6,564.4,0,0,0,0,0,0,0,0,0,0,0,0,0,0,0,0
2708,0,236.6,368.3,195,0,192.8,0,0,0,0,0,0,0,0,0,0,0,0,0,0
2709,777,1551,1651,1379,0,940.7,0,899.8,243.7,0,0,0,0,0,0,320.7,0,0,0,0
2712,204.1,1450,0,509.2,0,1109,765.6,468.6,333.4,568.5,689,440.6,534.9,749.6,0,822.9,436.6,529.3,978,715.6
2716,101.7,635.9,664.2,0,0,1384,494.5,0,0,0,0,0,0,0,0,0,436.6,0,449.9,0
2717,0,0,0,0,0,0,0,0,0,140.9,0,181.5,304.3,0,177.9,279.4,256.9,218.1,324.4,173.6
2721,0,1137,0,0,0,1202,0,0,466.7,1111,578.3,550.2,0,415.1,0,0,0,370.2,385.9,426.4
2723,0,0,0,0,0,0,0,0,0,0,524.6,163.5,514.1,258.1,334.2,448.3,293.9,0,512.9,332.4
2731,0,874.3,0,0,0,0,0,0,0,0,530,0,731.1,332.6,363.1,503.1,302.3,444.5,988.6,463.2
2735,0,391.7,198.3,113.7,0,196.6,0,0,0,0,0,0,0,86.7,0,0,0,305.8,0,0
2737,0,0,0,0,0,124.3,0,0,0,0,0,153.9,260.4,0,0,334.3,247.7,95.89,348.3,0
2739,2668,4643,3604,4319,973,5553,1205,2084,986.2,904.8,1481,987,908,989.5,1189,978.7,557.2,613.7,883.3,603.9
2740,759.3,1675,776.6,2419,160.5,902,601.4,1168,412.4,683.1,868.7,527.4,1073,790.1,561.2,1435,582.4,690.2,1843,0
2741,180.4,797.3,762.8,1641,0,0,198.3,203.1,0,0,0,0,0,0,0,0,0,0,0,0
2742,0,0,0,0,0,0,0,0,186.5,0,390.1,256,0,0,136.6,0,186.1,203.8,334.2,213.4
2745,0,239.7,0,0,0,0,0,124.1,261.5,330.8,355.5,397.2,476,289.6,229.3,566.1,225.4,272.6,558.5,352.2
2747,1041,2428,832,2403,210.1,0,675.5,1001,446.4,753.8,938.1,567,1692,1413,936.6,2234,968.1,1050,3003,1146
2749,0,260.5,159,0,0,0,0,0,0,268.4,212.8,0,454.6,324.3,272.7,584.7,483.1,314.4,619,303.7
2761,0,296.6,216.2,342.2,0,512.7,263.3,266.1,152.4,128.8,310.7,134.7,0,0,0,0,0,0,146.4,0
2763,0,1073,251.2,416.2,0,0,0,0,0,0,0,0,136.3,336.2,0,180.3,0,0,322.5,0
2764,0,729.7,0,0,0,566,144.6,154.8,642.9,576.9,815.3,721.3,0,1021,242.1,0,397.8,744.5,933.4,909.4
2765,0,193.1,196.7,390.2,0,0,0,138.1,0,0,0,0,0,0,0,0,0,0,0,0
2766,691.8,2325,1848,3746,0,954.6,574.7,1116,0,0,0,0,230.2,0,0,0,0,0,167.5,0
2767,0,0,0,0,0,0,0,0,213.2,324.5,691.8,331.4,0,216.5,0,253.5,0,394.9,1107,636.7
2768,0,841.1,0,0,0,2572,779.7,0,0,0,0,0,0,0,0,0,0,0,0,0
2769,0,0,0,0,0,0,0,0,143.6,0,0,196.5,0,176.3,0,219.5,216.7,205.6,558,260.2
2770,0,491.3,376.8,735.9,0,0,136,348.4,0,0,0,0,0,0,0,0,0,0,0,0
2771,0,0,0,0,0,0,0,0,0,0,0,0,255.4,0,200.3,181.6,0,0,182.1,0
2773,0,518.6,442.5,925.7,0,0,0,331.7,0,0,0,0,0,0,0,0,0,0,0,0
2774,0,0,0,0,0,0,0,0,103.7,269.5,433.8,215.8,292.3,239.2,0,353.8,546.8,366,1044,669.5
2776,0,0,0,0,116.8,0,594.4,219.5,0,0,0,0,0,0,0,0,0,0,0,0
2778,0,0,0,0,0,0,0,0,0,0,390.8,0,238.3,220,184.7,401.4,339.4,234,0,0
2797,0,0,0,0,0,0,0,0,145.4,0,352.5,268.8,280.4,0,144.5,194.7,125.8,111.5,383.5,145.8
2799,0,0,0,0,0,0,0,0,0,0,0,0,266.1,0,225.2,0,377,0,297.4,697
2805,159.9,1046,0,0,0,550.5,258.5,0,374,0,806.7,587.8,1032,604.5,581.7,955,514.4,480.1,1097,726
2806,0,0,0,0,0,662.9,0,0,0,1117,699.9,771.9,306.4,478.8,260.9,411.8,397.1,630.8,587.6,597.4
2817,194.5,694.2,538.7,1286,0,309.2,0,455,0,0,0,0,0,0,0,0,0,0,0,0
2823,0,0,0,0,0,0,0,0,0,74.03,95.8,137.1,250.6,0,0,431.2,0,107.1,455.4,0
2825,0,0,0,0,0,0,0,0,111.2,0,0,0,160.6,143.7,179.5,0,0,0,258.4,146.2
2837,361.1,0,0,0,0,271.6,180.4,0,0,284,318.2,0,406.5,162.6,304.2,562,292.1,0,224.4,455.1
2844,0,177.8,158.3,219.3,0,0,0,0,0,0,0,0,0,0,0,0,0,0,0,0
2846,2149,9898,4164,8567,1278,6648,3469,3643,2805,3550,5437,3405,1976,4215,2272,2021,2109,3144,4250,3356
2849,798,2629,1472,1476,858.1,0,1263,891.5,0,0,0,0,0,0,0,0,0,0,0,0
2858,0,0,0,0,0,376.1,0,0,231.9,458,0,287.4,0,86.32,0,0,0,0,234.2,145.2
2867,0,980.1,0,326.8,0,1251,653.6,0,730.8,843.1,960.8,737.6,641.3,1236,595,593.1,876.4,1102,1464,1038
2868,5881,1621,1822,4389,7883,0,1719,4370,1520,0,0,4129,2765,1407,6508,3737,3122,2005,6382,2159
2870,0,305.7,0,0,0,539.8,0,0,170.1,462.7,296.6,298.6,0,287.4,0,299,281,426.8,340.2,465
2871,0,0,0,0,0,0,0,159.3,0,0,0,328,570.9,0,236.2,399.1,0,0,419.7,0
2880,0,0,0,0,0,629.5,0,0,393.5,616.5,462.4,563.1,0,436.3,173.1,0,339.1,505.3,634.7,487
2881,0,0,0,0,0,431.9,0,0,253.2,0,329,0,0,0,0,0,192.4,211.2,308.5,325.1
2883,0,1019,318.4,952.4,0,0,0,402,0,0,394.8,247.6,232.6,0,316,237.4,0,0,0,0
2889,176.8,817.9,411.9,627.6,182.5,608.2,568,500.2,637.4,885.3,820.4,1198,1379,1117,573.5,1225,769.4,713.9,1869,1155
2891,0,200.6,108.6,237.5,0,400.6,0,173.6,0,187.7,244.8,245.2,279.5,0,209.8,359,146.7,0,332.8,204.7
2903,0,1251,0,624.6,0,0,0,393.4,653,875.4,964.3,1075,1150,920.8,770.5,1361,664.3,637.3,1419,879
2908,0,0,0,0,0,358.7,0,0,260.2,317.1,293.1,0,575.6,414.9,377.9,580.8,360.1,451.8,768.7,532.6
2914,0,0,0,0,0,0,0,0,174.4,213,381.3,0,280.4,0,123.5,225.2,230.9,0,672,278
2921,0,313.1,0,0,0,572.3,0,0,215.8,495.2,0,321.6,0,507.3,0,159,303.8,486.1,478.5,484
2924,0,0,0,0,371.7,821.2,0,937.7,0,0,471.5,703.6,808.7,0,0,0,0,0,0,0
2933,0,631.1,303.7,496.5,0,502.6,261.3,344.9,191.4,306,249.6,431.6,183.2,220.3,120.5,130.9,304.6,526.8,477,417.8
2937,274.2,883.7,522.6,376.4,0,0,194.5,0,0,0,0,0,0,0,0,0,0,0,0,0
2938,0,0,0,447.6,0,475.5,292.5,319.9,371.9,450,602.7,573.1,631.3,283.1,376.7,562.7,215,0,610.7,0
2942,395.3,0,0,0,0,0,318.7,154.8,151.1,0,0,0,496.7,0,777.9,560.4,372.2,318.2,0,0
2944,0,384.2,0,232.8,0,365.6,294,174.9,179.1,178.6,0,265.5,260.5,187.7,258.9,277.8,302.6,0,271.3,187.3
2948,0,845.7,393.3,445,0,370.1,329,0,319.5,273.3,399.6,212.1,0,251.2,0,0,173.7,368.1,237,208.9
2950,0,1068,0,1043,0,1539,795.2,1020,990.8,1190,1166,1397,2430,1405,1158,1737,678.3,674.7,2921,1323
2955,0,270.2,156.1,145.2,0,124.9,0,102.2,0,0,0,0,0,0,0,0,0,0,0,0
2956,0,238.5,123.1,193.3,0,0,0,0,0,0,0,0,0,0,0,0,0,0,0,0
2957,0,447.1,244.8,324.4,0,301,109.9,119.1,92.76,148.6,0,150.8,129.7,119.6,0,0,90.14,0,203.9,110
2958,0,334.2,226.4,196.3,0,209.3,89,135.6,0,0,0,0,67.6,0,0,0,0,0,0,0
2959,0,1464,0,243.5,0,2909,310.7,308.5,773.7,1057,960.7,775,337.4,711.6,0,599.9,549.1,707,798.5,905.8
2964,108,320.7,134.8,222.5,0,0,102.9,152.3,0,0,0,0,0,0,0,0,0,0,0,0
2965,235,1170,697.5,675.7,141.2,0,284.8,504.4,0,0,0,0,0,0,0,0,0,0,0,0
2970,308.6,788.7,380.7,603.1,0,396.3,326.1,262.8,199.1,180.7,398,273.3,429.3,449.9,371.1,348.7,364.3,266,559.7,396.6
2973,0,0,228.3,225.5,0,392.7,336.8,261,172.4,0,191.9,0,340.6,294.2,209.3,560.7,303.8,264,769.8,624.4
2975,0,0,0,0,0,139.2,0,0,0,189.1,0,188.3,282.8,151.1,0,0,130.2,162.1,310.5,122.8
2976,167.6,757.1,182.5,635.9,0,510.8,456.4,581.8,0,0,179.6,0,981.1,289.9,501,352.7,317.3,222.2,356.6,264.9
2977,0,1918,0,0,0,1566,588.3,545.4,1264,1211,2165,1923,293.8,495.5,349.3,0,452.5,800.1,1215,893.5
2979,0,0,0,0,0,1587,0,0,584.1,627.4,968.2,699.3,965.5,620.9,648.9,897,526.1,650.9,1196,992.3
2980,1738,3430,3159,2211,2276,0,1857,0,0,0,0,0,0,0,0,0,0,0,0,0
2983,0,0,0,0,0,353.3,0,0,0,0,291.5,0,592.4,279.1,341.2,518.2,0,0,0,324
2984,351.2,2802,412.1,6244,130.6,1838,602.5,402.1,508.4,559.8,398.6,527.1,563.7,444.3,403.2,950,553.2,318.5,433.5,359.6
2985,466.5,607.3,419.6,0,0,918.6,658.9,549.3,493.7,901.1,757.2,657.6,1838,464.2,1494,2206,1013,521.6,944.4,1478
2987,0,0,0,0,0,0,0,0,0,199.8,251.1,161.1,0,0,0,154.7,0,0,0,129.7
2988,0,437.3,213.2,227.3,0,200.8,0,0,0,217.3,0,136.7,0,0,0,0,0,0,0,0
2991,0,494.5,248.8,265.2,0,266.5,107.6,122.8,0,0,0,0,70.38,0,0,0,0,0,0,0
2995,0,315.5,0,0,0,0,139.9,0,0,201.3,272.6,319.2,195,210.7,0,204.1,183.9,0,431.2,0
2996,0,251.1,0,0,0,215.9,0,111.1,121.6,188.3,173.3,211.8,131.5,0,0,0,0,0,326.1,196
3004,0,614.5,307.3,416.4,0,233.9,127.9,150.7,0,194,139.8,153.4,225.6,175,0,0,0,123.6,284.8,0
3005,0,521.3,303.6,279.7,0,234.2,0,174,0,0,0,0,0,0,0,0,0,0,0,0
3007,0,0,0,0,0,0,0,0,0,0,0,0,140.5,0,359.2,117.6,0,100.7,0,0
3008,0,126.9,518.1,454.7,0,0,336.7,226.6,0,0,0,0,0,0,0,0,0,104.5,92.25,0
3013,87.14,821.9,253.1,982.9,0,409,508.2,622.4,0,0,0,0,0,0,0,0,0,0,0,0
3015,153.8,863.7,362.4,534.6,0,588.9,213.8,413.4,0,99.28,0,99.23,129.4,0,0,84.55,0,0,133.6,0
3016,223,1605,703.7,1027,0,955.9,355.5,600.4,0,138.9,152.3,165,237.3,130.9,0,132.2,0,0,225,128.1
3017,0,267.2,151.1,180.5,0,141.1,0,0,0,0,102.5,166.3,147.7,0,0,0,0,0,149.3,0
3019,0,371.7,210.6,211.8,0,0,103.4,318.3,0,0,0,0,0,0,0,0,0,0,122.8,0
3020,117.4,1168,621.7,727.4,268.5,459.1,258.4,1108,323.3,507.9,256.3,420,167.6,246.5,143.2,118.9,65.76,636.4,306.2,505.8
3024,0,0,0,0,0,402.6,0,265.9,0,328.1,689.6,338.1,577,315.3,254,0,171.9,225.5,300.9,0
3026,165.1,573.2,310.8,708.7,0,227.6,249.2,136.8,0,0,0,0,0,0,0,0,0,0,0,0
3028,0,0,0,0,153.3,0,653.4,244.3,0,0,0,0,0,0,0,0,0,0,0,0
3029,551.5,1824,1088,1432,473.6,0,918.8,1492,0,0,0,0,0,0,0,0,0,0,0,0
3030,0,162.4,91.01,248.1,0,0,0,105.4,0,0,0,0,0,0,0,0,0,0,0,0
3031,0,251.9,265.4,428.5,0,0,0,0,0,0,0,0,0,0,0,0,0,0,0,0
3032,0,334.3,0,223.6,0,0,0,199.5,0,0,0,0,0,173.3,0,135.4,0,149.3,234.2,129.3
3034,0,274.9,0,293,0,898.5,295.3,427,205.3,400.1,688.3,324.9,808,369.9,381.3,349.1,298.6,382.2,520.5,384.9
3035,0,391.9,0,0,0,735.9,236.1,425.2,253.9,741.1,1736,693.2,720.9,450.9,355.9,414.1,266.3,360.5,502.3,245.5
3042,0,0,0,0,0,362.4,162,0,0,382.8,253.9,316.4,297.5,0,0,505.9,343.3,0,268.4,570.9
3043,0,187,0,0,0,258.5,0,0,0,244.8,209.7,194.8,236.2,0,117.3,325.8,246.9,105.1,0,436.7
3045,0,224,0,0,0,367.1,0,0,193.1,286.1,518.4,444.2,866.8,376.6,478.7,634.7,411.5,323.2,921,488.4
3047,0,0,0,0,0,0,0,194.6,137.3,150.3,349,188.2,219.9,0,109.2,225.4,0,0,221.4,188
3048,613.6,1211,1057,598.6,483.4,0,486.7,806.2,0,0,0,0,0,0,0,0,0,0,0,0
3049,0,193.5,0,0,0,0,0,0,0,0,149.5,0,241.5,133.6,90.64,175,0,126.4,185.1,218
3056,85.72,0,0,0,96.59,192.5,201.7,107.9,349.6,231.5,279.1,248.4,225.4,265.4,0,179.3,204.6,178.5,280.9,132.4
3058,0,0,405.1,0,137.6,0,224.4,289.5,0,0,0,0,0,0,0,0,0,0,0,0
3064,0,278.2,107.5,293.5,0,265.9,99.62,0,0,0,0,0,201.9,0,0,141.8,0,124,178,0
3065,87.32,565.2,0,428.7,0,355.9,0,235.4,0,120,118.9,156,346.8,155.2,110.9,202.1,150.7,164.9,305.1,217
3066,115.4,716.2,357.5,468.4,74.41,503.1,180.4,307.7,0,0,94.63,118.9,173.5,0,0,98.41,0,0,156.8,113
3067,88.83,748.4,0,559.5,0,516.2,199.1,376.6,0,0,0,0,95.67,0,0,0,0,0,0,0
3069,0,986.9,433.6,954.1,0,485.2,358.4,573,0,0,182.5,0,0,195.4,0,172.3,0,157.9,377.9,232.4
3070,0,920.6,437.8,681.5,124.8,376.7,0,436.5,0,0,190.5,172.6,0,183.7,0,160.4,140.3,0,244.6,193.5
3078,0,240.9,101.5,146.1,0,122.1,0,0,0,0,0,0,0,0,0,0,0,0,0,0
3079,416.4,2579,1152,1727,290,1755,659.9,1236,154.3,261.7,240.8,285.5,391.5,207.5,120,263.7,0,152.2,341.8,216.8
3080,0,156.4,0,0,0,0,0,0,0,0,0,0,0,0,155.9,0,2388,0,0,241.3
3082,278.4,672.8,726.7,458.5,76.7,441.6,278.1,386.4,0,0,0,0,0,0,0,0,0,0,0,0
3083,0,426.1,177.2,269.6,0,0,0,0,420.1,333.9,379.9,546.5,457,242,490.6,348.3,0,260.9,359.2,364
3090,129,200.3,0,543.6,0,0,0,0,0,0,0,0,0,0,0,0,0,0,0,0
3093,0,388.3,0,395.4,0,313.5,236.9,0,419.2,446.1,0,765.4,409.3,0,1079,656.1,757.2,518,740.6,664.3
3094,1323,1918,1477,2068,488.9,1079,1300,1073,761.6,607.4,1345,826.8,1091,1477,1354,1036,1278,1153,1628,1116
3097,0,350.3,0,0,0,450.4,0,365.2,157.3,352.2,827.3,0,919.9,519.7,361.5,461.3,0,286.8,357.1,259.6
3098,305.8,656.8,0,357.8,0,901.8,208.6,0,506.9,876.5,786.5,799.8,1266,236.9,1216,1830,883.9,575.4,791.4,1464
3100,0,0,0,0,0,0,105.4,0,0,0,0,0,401.2,193.6,180.4,189.4,132.7,0,0,0
3101,0,0,0,0,0,281.7,0,0,0,0,309.7,0,418.3,0,235.7,389.3,197.5,183.6,355.7,340.5
3105,0,462.1,132.2,0,0,403.9,285.2,210.4,321.6,440.8,323,555.4,394.1,0,0,0,0,229.2,365.5,0
3112,0,0,0,0,1421,397,0,412.4,1785,0,193.8,4003,478.7,355.5,0,2067,712.6,681.5,1486,2367
3113,263.5,303.2,286.6,341.7,0,0,0,0,0,0,0,0,0,0,0,0,0,0,0,0
3117,0,0,0,0,0,0,0,80.89,174.5,246.1,120.8,194.7,138.2,0,0,0,0,0,0,0
3120,0,0,0,0,0,0,0,0,0,311.8,0,0,0,0,0,0,85280,555.7,0,0
3121,0,0,226.1,0,0,107.9,349,599.3,0,0,0,0,0,0,0,0,0,0,0,0
3125,2992,2535,0,1297,387.3,3116,3384,2518,0,0,0,0,0,0,0,0,0,0,0,0
3126,0,341.3,185.6,217,0,206.5,0,123.1,0,0,0,0,184.2,0,0,0,0,0,125.2,0
3128,0,0,0,0,0,0,0,0,0,0,0,0,469.2,0,222.6,461.8,121.3,0,226.5,0
3129,0,0,0,0,0,0,0,0,0,0,259.8,240.6,179,150,180.4,189.4,0,0,295.7,0
3130,1479,1457,0,892.7,0,924.3,683.9,837.8,0,0,0,0,0,0,0,0,1383,0,0,0
3131,228.1,0,156.5,408.6,0,0,0,164.9,0,0,0,0,118.5,0,0,0,0,0,0,0
3132,0,0,0,0,0,0,0,0,0,248.7,231.9,377.5,979.6,222.2,322.8,994.6,223.4,243.4,731,276.8
3134,0,0,0,0,0,158.9,104.7,0,191.6,155.7,430.6,297,0,0,0,148.8,206.5,176.9,0,226.2
3137,3677,5465,4125,5428,1390,3839,3482,3253,1966,1513,3770,2536,2657,4561,4120,2642,3695,4383,5109,3542
3138,0,0,973.4,0,0,0,977.2,0,449.3,0,915.6,0,0,0,0,0,835.8,0,0,0
3146,0,0,0,0,0,0,0,0,110.6,0,505.2,255.2,0,0,0,0,0,0,0,0
3155,0,1934,383.8,1088,0,352.3,368.4,382.1,314.3,509.6,304.4,737.1,0,0,0,0,0,0,0,0
3158,265.5,1779,690,1169,0,1247,903.5,683.2,849.7,1017,1065,1267,1060,619.5,2149,1010,1641,1609,1559,1424
3159,302.6,3035,925.7,1487,381.8,3041,2257,1323,2694,3482,2672,5270,2183,1644,3271,1156,3207,4921,5151,4573
3163,132.9,0,0,101,93.42,0,0,0,0,280,88.79,244,0,0,0,0,0,0,0,0
3165,210.8,456.5,0,242.6,0,0,180.2,235.7,0,0,0,0,0,0,0,0,0,0,0,0
3166,410.9,2202,549.4,1549,421.5,1603,635,1333,659.4,983,1135,1774,2325,1242,900.3,1889,1226,1277,2200,1664
3167,0,0,0,241.3,0,0,162.1,0,316,315,0,514.2,254.1,0,244.6,0,358.6,0,0,376.7
3169,235.8,1359,194.9,246.2,0,807,203.1,0,219.4,899.2,623.7,774.3,265.7,0,163.6,0,0,0,0,0
3173,583.4,238.6,379.2,492.5,0,289.7,268.4,0,0,0,162.6,183.7,275.2,0,0,128.7,0,0,0,0
3175,0,618.6,229.9,645.4,0,409.1,394.9,465.4,384.4,473.5,561.5,896.2,595.2,398.4,1021,917.5,997,649.5,864.6,636.3
3179,969.4,1158,1328,393.6,233.2,2459,1998,564.8,0,0,0,0,0,0,0,0,0,0,0,0
3180,0,0,0,0,0,0,0,0,0,0,0,249,0,153.6,0,0,126.1,198.7,304.8,288.8
3185,0,0,0,0,0,0,0,0,358.4,539.5,443.5,299.8,0,601.8,203.7,0,256.6,574.5,598.3,745.6
3186,0,120.6,0,0,0,0,0,0,0,0,0,96.54,0,0,0,0,84.01,118,131.7,0
3187,624.6,1534,636.8,1087,0,574.1,369.3,644.3,318,444.1,462.8,644.7,890.1,516.3,431.6,738.2,340.1,0,911.7,487.8
3192,0,483.3,0,370,0,224.7,235.4,0,283.9,346.4,336,353.7,0,0,271,0,0,313.2,0,328.9
3193,0,1130,417.5,693.5,0,494.3,539.4,372.9,608.3,652.3,740.7,791.8,490.8,408.6,639.2,322.8,924.7,740.6,704.3,763.7
3195,0,330.2,0,222.6,0,225.6,195.9,0,215.8,199.5,260.2,441.2,229.9,160.4,480.2,203.3,452.7,402.8,472.5,383.5
3196,323.2,892.6,315.6,497,0,654.2,199.6,0,0,360.7,325.4,386.4,169.5,0,126.6,0,0,0,0,0
3200,187.1,0,248.5,525.9,0,0,0,145.1,0,0,0,0,0,0,0,0,0,0,0,0
3201,153.5,0,137.9,293.3,0,0,0,0,0,0,0,0,0,0,0,0,0,0,0,0
3205,0,0,0,0,0,0,0,0,146.1,0,0,0,230.8,0,321.5,190.2,0,0,0,0
3206,3522,3998,0,2338,587.6,4427,3892,3339,0,0,0,0,0,0,0,0,0,0,0,0
3207,655.8,1955,1059,331.3,0,1880,0,961.1,0,0,0,0,834.2,618.2,261.1,1122,690.8,343.9,1776,1064
3208,194.1,190.7,211.8,457.2,0,0,0,0,0,0,0,0,0,0,0,0,0,0,0,0
3209,0,512.1,98.48,272.7,0,0,0,0,0,0,0,0,0,0,0,0,0,0,0,0
3214,368.7,1630,833.5,2255,422.1,2143,1480,1957,902.1,1175,1421,1425,1407,912.3,699.5,1365,804.2,870.2,2279,1400
3215,470.1,455.1,0,335.3,0,0,510.9,395.2,0,0,0,0,0,0,0,0,0,0,0,0
3217,1351,1180,0,709.2,0,763.4,943,779.9,0,0,0,0,0,0,0,0,195.8,0,0,0
3218,272.9,1378,441.9,1470,0,722,649,914.7,491.7,664.6,489.1,928.8,0,0,0,0,0,0,0,0
3221,0,267.7,0,188.3,0,161,0,0,0,0,0,238.3,235.7,0,90.4,206.7,0,0,0,0
3224,0,595.2,0,133.1,0,0,160.9,0,212.2,371.8,249.6,462.9,420.4,332.4,196.2,220.7,408.4,608.1,580,496.8
3226,451.9,3809,1183,3004,250.1,2140,960.2,811.6,768.4,933.6,1731,957.4,419.8,1225,494.3,451.6,510.3,845,1189,924.2
3227,169,1773,1692,1080,0,620.9,791.8,482.1,528.4,0,0,0,0,0,453,331.9,0,0,0,0
3230,162.6,488.8,301.8,0,0,0,0,0,0,0,596.1,0,0,0,486.8,0,388.3,400.8,0,377.1
3231,135.9,482.4,115.3,0,0,350.6,0,0,81.86,265,187.3,257,138.6,0,0,0,0,0,0,0
3233,278.6,272,340.1,861.8,0,0,0,0,0,0,0,0,0,0,0,0,0,0,0,0
3237,0,1446,622.8,1142,0,854.8,859.2,671.5,419.7,749,863.5,1024,1490,954.1,614.9,1632,748,610.8,1664,1106
3241,268.5,0,1250,0,0,970.4,898.8,299,0,0,0,0,281.5,120.8,0,0,0,0,0,0
3242,118,1130,475.2,0,0,0,0,159.5,0,0,0,0,0,0,0,0,417.1,0,233.7,0
3246,0,101,271.6,225.1,0,1054,0,191.4,0,0,0,0,0,0,0,0,0,0,0,0
3248,0,191.8,0,0,0,0,0,0,138.2,214.1,295.2,0,0,161,0,0,0,165.7,252.5,171
3251,242.2,570.5,253.2,483.3,0,304.5,0,301.5,0,0,0,0,215.6,0,0,0,0,0,293.2,0
3254,0,286.2,0,0,0,109.5,0,103.9,0,0,0,0,0,0,0,0,0,0,0,0
3255,0,0,0,0,0,0,0,78.96,0,0,108.7,156.5,213.2,0,0,189.9,0,112.4,195.6,150.6
3256,0,125.9,0,124.9,0,233,133.3,110.9,0,128.4,177.2,132.6,0,0,60.05,125.3,0,0,177.3,136.1
3257,109,763.8,544.4,1170,0,338.7,175.7,348.1,0,0,0,0,0,0,0,0,0,0,0,0
3262,85.72,0,392.5,511.3,370.7,0,275,0,0,0,0,0,0,0,0,0,0,0,0,0
3264,0,984.8,264.5,294.5,153.9,467.2,237.6,485.2,281.3,415.8,188,323.9,257.3,286.3,0,160.7,0,459.9,237.9,318.9
3265,0,444.6,120.6,0,0,106.3,110.7,200.6,0,117.2,138.6,0,0,81.75,0,74.55,0,148.8,169.6,137.2
3268,0,310.3,0,133.9,0,306.5,0,207.3,101,0,0,160.1,118.5,0,0,118.5,125.7,0,258.8,215.8
3270,279.3,241.7,0,0,0,164.5,185,176.2,0,0,0,0,0,0,0,0,0,0,0,0
3271,1424,1363,1369,1300,1228,1320,1394,1399,1491,2107,1760,1427,1344,1422,1677,1383,1457,1501,1450,1392
3273,0,308.5,236,548.2,0,313.5,156.1,276.3,0,0,0,0,0,0,0,0,0,0,0,0
3274,0,0,0,538.8,0,340.7,250.5,291,343.8,527.3,649.8,575.7,422.5,331.9,200.2,455.7,261.1,308.6,841.6,349.7
3276,0,0,0,0,0,0,0,0,0,451.8,556.7,930.1,1012,867.1,0,848.2,0,0,1506,649.3
3281,0,592.1,0,765.3,0,606.6,440.7,465.2,436.3,534.2,678.2,696.2,528.2,692.9,0,614,417.1,561.6,1184,772.4
3282,438,1253,524.3,867.6,0,463.1,298.9,493,270.4,371.4,383.9,521.6,693.5,0,318.4,662.2,278,250.6,743.1,394.3
3287,198,2529,7784,1086,0,1683,1411,762.3,674.9,1382,456,2750,814,587.4,0,387.8,1364,287.6,934,311.7
3291,156.1,463.5,271.4,407.6,0,521.2,258.8,243.6,262.5,586.9,466.6,406.7,439.6,316.7,278.4,740.7,593.2,398.1,576.1,1048
3299,0,171.1,0,137.3,0,0,0,122.7,0,0,100.9,148,0,107.5,0,148.3,0,126.6,201.1,149.4
3301,0,0,0,0,0,219.6,400.4,186.2,0,0,0,0,0,0,0,0,0,0,0,0
3302,0,152.6,0,0,231.6,7556,7612,3856,0,0,0,0,0,0,0,0,0,0,0,0
3310,0,1277,351.3,333.9,0,2798,975.4,522.9,945,1185,1396,1417,1407,1627,717.6,1084,917.5,1180,3388,1991
3311,0,1142,168.7,171,0,2506,629.4,274.1,725,1325,1710,1561,1122,1491,436.5,842.6,981.2,1142,2151,1506
3312,244.5,706.4,199.9,955.3,0,515,402.3,516,225.8,415.2,328.3,474.4,0,0,0,115.6,87.44,0,279.9,199.7
3318,1403,2958,1705,1702,2032,2380,1624,3494,1238,1913,2510,2166,2946,1616,1562,2525,806.1,1238,2052,2085
3319,0,595.3,0,0,140.2,198.3,143.6,315.5,0,0,0,0,0,0,0,0,0,0,0,0
3320,910.2,343.4,358.6,891.9,366.6,272.6,643.4,793.7,0,0,0,0,0,204.8,0,0,150,175.9,223.6,194.2
3323,0,80.04,0,0,0,517.7,1028,368.7,0,0,0,0,0,0,0,0,0,0,0,0
3326,156.3,452.1,331.2,205.4,405.8,259.3,160.7,618.2,0,289.6,0,441,548.7,0,220.3,474.5,187.4,0,290.9,0
3333,921.2,634.1,2518,418.4,87.55,290.3,940.4,321.7,0,0,0,0,0,0,0,0,0,0,0,0
3334,13830,12130,12610,12460,10280,12250,13000,13200,14990,19170,16270,12830,13110,13210,16030,12930,14330,14440,12470,12990
3335,7062,2131,2769,6447,561.8,248.3,1190,1953,938.7,514,1442,1676,777.4,1326,1140,1759,1075,645.5,1957,724.2
3340,0,301,286.3,176.8,0,0,162.1,157.2,0,0,0,103,101.9,0,97.53,0,0,0,0,0
3346,0,0,0,0,0,180.6,309,119.5,0,0,0,0,0,0,0,0,0,0,0,0
3349,0,152.5,0,0,0,483.7,983,487.6,0,0,0,0,0,0,0,0,0,0,0,0
3352,700.4,1155,715.5,616.8,926.6,962.7,1150,1286,674.3,1038,1263,891.7,1099,781.7,735,1029,347.3,632.6,724.3,899.6
3366,1250,3564,4979,2053,469.4,1575,2545,1507,0,0,0,0,0,0,0,0,0,0,0,0
3367,0,836.4,0,524.7,0,595.9,239.2,533.7,247.7,287.6,0,257.5,453.1,213,329,224.7,0,0,0,0
3370,0,293.9,278.4,802.9,0,0,0,175.3,0,0,0,0,0,0,0,0,0,0,0,0
3371,243.4,799.6,433.3,562.9,0,583.5,243.9,587.1,227.8,238.9,0,219.9,428.6,0,241.5,0,101,0,182.4,0
3372,0,0,0,0,0,149.3,375.3,105.8,0,0,0,0,0,0,0,0,0,0,0,0
3373,0,124.1,141,383.7,0,0,0,107.3,0,0,0,0,0,0,0,0,0,0,0,0
3374,602.6,1089,1249,3249,0,651.5,418.9,907,0,0,173.1,0,0,0,0,0,0,0,0,0
3375,132.3,648.5,474.1,1131,152.3,551.1,545.5,622.1,503,729.4,852.4,875.4,739.5,721.7,305,877.2,327,278.9,616.6,389.4
3377,0,0,0,614,0,281.4,0,315.4,0,177.3,0,0,334,277.6,0,334.7,0,133,244.9,0
3378,0,0,0,0,0,0,295.1,314.5,0,274.9,410.3,327.1,460,466.6,0,592.1,269,0,625.4,359.4
3384,0,330.8,0,319.5,0,0,0,107,0,151.5,0,153.4,101.8,0,271.5,0,189,176.5,154.8,0
3385,209.5,313.7,512.8,1073,0,291.9,225.3,386.6,0,0,0,0,0,0,0,0,0,0,0,0
3386,0,223.1,0,0,0,187.8,0,0,0,0,0,0,263.1,198.1,90.75,224.4,0,103.9,255.8,0
3390,166.4,520.2,0,346.7,0,230.4,0,150.2,0,188.6,0,237.1,106.5,0,0,0,0,0,0,0
3391,201.9,353,227.4,176.3,261.4,253,309.6,461.5,182,188.5,401.6,261.9,351.8,220.8,189.1,276.9,0,163.8,203.9,278.6
3393,0,164,0,0,146.6,0,2438,206.7,352.4,455.3,408.6,880.1,401.7,290.8,0,423.8,800.7,1581,1589,620.1
3397,0,0,0,0,0,914.3,606.3,1202,0,0,0,0,0,0,0,0,0,0,0,0
3401,0,290,0,0,0,277.6,0,0,183.7,242.4,276.8,331.4,100.9,120.1,159.7,246,407.5,262.3,327.5,420.7
3402,0,0,0,333.5,802.5,0,1497,1095,1629,1371,1863,1194,1124,877.8,1140,914.6,921.4,1046,1174,1158
3405,0,633.9,0,0,0,574.1,0,0,289.9,520.5,432.5,686,221.7,278.5,326.2,620.7,859.7,614,584.3,846.1
3407,1580,1502,1424,1495,1226,1430,1469,1438,1694,2274,1933,1458,1412,1533,1740,1491,1559,1592,1495,1412
3408,0,709.1,667.5,476,0,586.3,339.6,577.7,0,0,0,0,0,0,0,0,0,0,0,0
3410,0,0,0,0,94.93,0,0,139.9,0,0,0,0,310.8,0,0,0,387.7,614.9,873.7,400.3
