ASV_ID,Lfc_symrk,Lfc_ccamk,Lfc_nsp1,Lfc_nsp2,DA_symrk,DA_ccamk,DA_nsp1,DA_nsp2,kingdom,phylum,class,order,family,genus,Lj_Gifu_LjSC_1_rhizo,Lj_Gifu_LjSC_2_rhizo,Lj_Gifu_LjSC_3_rhizo,Lj_Gifu_LjSC_4_rhizo,Lj_symrk_LjSC_1_rhizo,Lj_symrk_LjSC_2_rhizo,Lj_symrk_LjSC_3_rhizo,Lj_symrk_LjSC_4_rhizo,Lj_ccamk_LjSC_1_rhizo,Lj_ccamk_LjSC_2_rhizo,Lj_ccamk_LjSC_3_rhizo,Lj_ccamk_LjSC_4_rhizo,Lj_nsp1_LjSC_1_rhizo,Lj_nsp1_LjSC_2_rhizo,Lj_nsp1_LjSC_3_rhizo,Lj_nsp1_LjSC_4_rhizo,Lj_nsp2_LjSC_1_rhizo,Lj_nsp2_LjSC_2_rhizo,Lj_nsp2_LjSC_3_rhizo,Lj_nsp2_LjSC_4_rhizo
G11_LjRoot25,0.581816937776018,-1.28247217397538,1.08382017438899,0.577281415761401,0,-1,0,0,Bacteria,Proteobacteria,Betaproteobacteria,Burkholderiales,Oxalobacteraceae,Herbaspirillum,0.0257212374000695,0.0218709795993384,0.0235477752974942,0.0195241000610128,0.028795405153679,0.046308485758979,0.0278486248018198,0.0349519068511644,0.0143960379417443,0.0186114810640986,0.00624090117180974,0.00441732554142317,0.0423138116523979,0.0401868186194156,0.0634027167008697,0.0484021602306412,0.0162693694203801,0.0348791264054025,0.049036809591695,0.0460615516056537
G12_LjRoot70,-0.696582150288398,-1.36260412708947,0.104782066373889,-0.742554592318156,0,0,0,0,Bacteria,Proteobacteria,Betaproteobacteria,Burkholderiales,Oxalobacteraceae,Pseudoduganella,0.00755618019978541,0.00381717161720838,0.0104563535355231,0.00928750593180123,0.00398944427196523,0.0028962163334211,0.007858275315365,0.00447181910226122,0.00465877612692017,0,0.00727906255220639,0,0.0109477990756876,0.0131007207347852,0.00584383856151666,0.0044666423031632,0.00698337202498915,0.00585509536980495,0.00318017326461235,0.00274883453130514
G14_LjRoot22,0.854996770127146,-1.24348209120317,0.00268905821160042,0.534757812514304,0,0,0,0,Bacteria,Proteobacteria,Betaproteobacteria,Burkholderiales,Burkholderiaceae,Burkholderia,0.00167747200435236,0.00159755701016499,0.00256793273023279,0.00174564436309403,0.00173859049984477,0.00444499512134682,0.00360170951954229,0.00461947350658117,0.000608578863426509,0.00180992384660042,0.000560845803202788,0.000618769336541767,0.00143950299265096,0.00123591705045144,0.00232580865826248,0.00292362041661591,0.00120793462053866,0.00240669564280326,0.00303395840187155,0.00599914563251054
G15_LjRoot29,1.53582183663801,-1.51212951301106,1.07590067178431,0.954738235759567,1,-1,0,0,Bacteria,Proteobacteria,Betaproteobacteria,Burkholderiales,Burkholderiaceae,Burkholderia,0.000483595532786266,0.000381717161720838,0.000402812977291418,0.000305064063453325,0.000651971437441788,0.00094475506063469,0.00132694561246295,0.00196169422882214,0,0.000239046545777414,0.000178993341447698,0,0.000909159784832184,0.000689511617620274,0.00117267663441806,0.000609087586794981,0.000434101504256082,0.00107762491468803,0.00058485945096319,0.00117011199643394
G16_LjRoot125,-0.176761176043248,0.828250743204255,-0.306560188259194,-0.288022834094866,0,0,0,0,Bacteria,Proteobacteria,Gammaproteobacteria,Xanthomonadales,Xanthomonadaceae,Pseudoxanthomonas,0.0281089903432017,0.032134929947832,0.0204595424715933,0.0307606263982103,0.0245731139397703,0.0223953412734059,0.0318122285793065,0.0198911576105299,0.0607109879963066,0.0253389338524058,0.0430180663945968,0.0853729804056377,0.02288052125161,0.0252127078292093,0.020736831818626,0.0203029195598327,0.0239510786478682,0.0200797442436869,0.0176554446759513,0.0301257406066009
G17_LjRoot232,-0.923716497482646,-1.2042520129714,-0.751156497300857,-0.338034508571491,0,-1,0,0,Bacteria,Proteobacteria,Gammaproteobacteria,Pseudomonadales,Pseudomonadaceae,Pseudomonas,0.00959634885372746,0.0148869693071127,0.0183951259629748,0.0126771066368382,0.00797888854393046,0.00580792045472145,0.00792720755497346,0.00700303746203173,0.00631662889280618,0.00618106068367312,0.00701653898474977,0.00431419731866621,0.0136942192590348,0.00776676293810007,0.00662562298446203,0.00588784667235148,0.0221203027386143,0.00675311613204497,0.00901049091640165,0.00969521368473839
G1_LjRoot134,-0.323598298710713,-0.677017005183498,0.435911807011878,-0.0489856699829271,0,0,0,0,Bacteria,Proteobacteria,Betaproteobacteria,Burkholderiales,Comamonadaceae,Acidovorax,0.0250865182632875,0.0151273097422702,0.0179587452375757,0.0140159989153278,0.0140329090344613,0.0137376678489011,0.0129247949265872,0.0156302733715829,0.00862503147821707,0.0165283611651812,0.0103935466933963,0.00986593331041595,0.0159292370634139,0.0251086306039081,0.0285742206586534,0.0279774231534495,0.0140799879206538,0.0152663529580804,0.0223160434258142,0.0173845210898757
G20_LjRoot162,-0.544935707614564,-1.3464433371395,-0.710135595782657,-0.660476750837344,0,-1,0,0,Bacteria,Proteobacteria,Gammaproteobacteria,Pseudomonadales,Pseudomonadaceae,Pseudomonas,0.0430702271387768,0.0569041324417175,0.0586764236921166,0.0679275981289404,0.036230984166408,0.0451314138801555,0.0466498931550286,0.028265271684104,0.0181524385125493,0.0384181948570843,0.019128421756044,0.0175146098315572,0.0411205394348057,0.0278796867275518,0.0312518323072413,0.0380476712551265,0.0378234528056169,0.0272279895111175,0.0453814380231751,0.0334874909455619
G21_LjRoot111,-0.529073043581818,-0.986641701778352,-0.676509138356357,-0.412142692384106,-1,-1,-1,0,Bacteria,Proteobacteria,Gammaproteobacteria,Pseudomonadales,Pseudomonadaceae,Pseudomonas,0.0769068020734159,0.0702359577566341,0.0916063845856901,0.0891973425530473,0.0606488668115492,0.054795793516812,0.0677948576549252,0.0451822477219035,0.040208175942248,0.0536147252672199,0.0357509367318202,0.0371433482296322,0.0641336464883703,0.0442198110998361,0.0444444444444444,0.053640313477078,0.0655493271426684,0.0501454793634829,0.0647914610520159,0.0661020411953716
G22_LjRoot238,0.310874190005079,0.325947365068695,0.0726183149277134,0.0808815656961864,0,0,0,0,Bacteria,Proteobacteria,Alphaproteobacteria,Rhizobiales,Rhizobiaceae,Rhizobium,0.00321893276510858,0.0036757948906451,0.00532048807505749,0.00262694054640363,0.00420676808444582,0.00662877321232208,0.00449782863445233,0.00312183597705029,0.0048056744732645,0.00426868831745381,0.0048447531085177,0.00410794087315229,0.00340934919312069,0.00405901178674577,0.00304895924948695,0.00479148901612052,0.00318970235735991,0.00427457882826251,0.00336294184303834,0.00451328912910236
G24_LjRoot12,-0.179563026267324,0.154028814891402,-0.600513077128916,-0.262075557935324,0,0,0,0,Bacteria,Actinobacteria,Actinobacteria,Actinomycetales,Microbacteriaceae,Microbacterium,0.000831179821976395,0.000777571996098002,0.000889545324851882,0.00064402413395702,0.000465693883886992,0.000619511515170288,0.0012752464327566,0.000611711103611205,0.000944346512213548,0.00068299013079261,0.000775637812940025,0.00113441045032657,0.000947041442533525,0.000403299248042047,0.000410436822046321,0.00044666423031632,0.000924824943849914,0.000431049965875211,0.000493475161750192,0.000910087108337512
G25_LjRoot27,0.731954054312706,0.106446724276608,0.376821553961459,0.373462816995397,0,0,0,0,Bacteria,Actinobacteria,Actinobacteria,Actinomycetales,Intrasporangiaceae,"",0,0,0,0.000152532031726663,9.31387767773983e-05,7.7438939396286e-05,0.000241262838629627,0,0,0.000204897039237783,0,0,0,0.000143106184789114,0.000117267663441806,0,0,0,0.000127938004898198,0.000130012444048216
G27_LjRoot78,0.240205434822287,-0.926942429538302,-0.106028796135049,0.226098376215659,0,0,0,0,Bacteria,Actinobacteria,Actinobacteria,Actinomycetales,Micrococcaceae,Arthrobacter,0.00173792144595064,0.0013430789023511,0.00093989694701331,0.00157616432784218,0.00131946600434648,0.00241609490916412,0.00227476390707934,0.000928113398582518,0.000461680517082179,0.00112693371580781,0.000954631154387723,0.000532829150910966,0.00187514205621638,0.00114484947831291,0.00105540897097625,0.00113696349535063,0.00237812128418549,0.00143683321958404,0.00164491720583397,0.00115153879014134
G29_LjRoot226,-0.0359740381291917,0.176748791074453,0.125803326812432,0.0267986067902318,0,0,0,0,Bacteria,Proteobacteria,Alphaproteobacteria,Sphingomonadales,Sphingomonadaceae,Sphingomonas,0.00346073053150172,0.00378889627189572,0.00255114885617898,0.0034404447156125,0.00319776466935734,0.00188951012126938,0.0046701592334735,0.00369136010799865,0.0031268362293293,0.00290270805586859,0.0034605379346555,0.00598143691990375,0.00306841427380862,0.00438425311581193,0.00359620834554872,0.00337028464693223,0.00258573504709058,0.00312511225259528,0.00307051211755675,0.00499619249271002
G2_LjRoot102,0.659776871629096,1.12489731858867,0.822883893503439,1.11488231720862,1,1,1,1,Bacteria,Proteobacteria,Betaproteobacteria,Burkholderiales,Comamonadaceae,Acidovorax,0.0149158997143764,0.0191141334313545,0.0236316946677632,0.0222188326215172,0.0282520956224775,0.0399739805163628,0.032622182394706,0.025312183597705,0.0436078233862167,0.0443260594884404,0.0453807785017064,0.0386043313853558,0.0302485036745208,0.0379101293159524,0.0327763119319848,0.0389816055548788,0.0422588377404073,0.0557850497503502,0.0388748766312096,0.0359391541761854
G30_LjRoot2,0.475972263696199,0.117586051177409,0.414034004613323,0.102466438852577,0,0,0,0,Bacteria,Proteobacteria,Alphaproteobacteria,Rhizobiales,Rhizobiaceae,Shinella,0.000997415786371674,0.000890673377348621,0.00127557442808949,0.00113551623618738,0.00164545172306737,0.00175012003035606,0.00158544151099469,0.00105467431657104,0.00109124485855788,0.00119523272888707,0.00162287296245913,0.000842213819181849,0.00200772785817107,0.00126193635677673,0.000938141307534447,0.00170544524302595,0.001358926448106,0.00111354574517763,0.000950396607815184,0.00118868520272655
G31_LjRoot101,0.106212426021257,0.129393871014196,-0.480085160848599,-0.731360386808827,0,0,0,0,Bacteria,Proteobacteria,Alphaproteobacteria,Caulobacterales,Caulobacteraceae,Phenylobacterium,0.000287134847591845,0.000169652071875928,0,0,0.000263893200869295,0.000247804606068115,0,0,0,0,0.000202859120307391,0.000343760742523204,0.000227289946208046,0,0,0,0.0001132438706755,0,0,0
G32_LjRoot291,-0.00780113703164432,0.0379895418142964,0.573284986980439,0.555419764769491,0,0,1,1,Bacteria,Proteobacteria,Alphaproteobacteria,Caulobacterales,Caulobacteraceae,Caulobacter,0.0190869111846579,0.0195806766290133,0.0234806398012789,0.0206765643007254,0.0209562247749146,0.0174082735762851,0.0204384090439098,0.0238145460681741,0.0232728951565517,0.0296417716763993,0.0211212142908284,0.013836369886559,0.0277861959239336,0.029974240886738,0.0312909215283886,0.0341089048605189,0.0292735405696167,0.0282337727648263,0.0308696128961509,0.0331717464385877
G33_LjRoot104,0.869222311533248,0.40703202647244,-0.175028427712609,0.602449152198621,0,0,0,0,Bacteria,Proteobacteria,Alphaproteobacteria,Rhizobiales,Rhizobiaceae,Neorhizobium,0,0.000622057596878402,0.0007384904583676,0,0.000481217013349891,0.00142487648489166,0.000620390156476184,0.000696085048936888,0.000566607907328129,0,0.00116942316412496,0.000515641113784806,0.000587165694370786,0.000481357167017927,0,0,0.000773833116282581,0,0.000950396607815184,0.000798647870581899
G34_LjRoot233,0.0482598657548544,-Inf,-0.0505898454404508,-0.159333525984179,0,-1,0,0,Bacteria,Proteobacteria,Alphaproteobacteria,Rhizobiales,Bradyrhizobiaceae,Bosea,0.000241797766393133,0.000282753453126546,0.000218190362699518,0,0.000217323812480596,0.000325243545464401,0.000241262838629627,0,0,0,0,0,0.000416698234714751,0.000286212369578227,0,0,0,0,0.000237599151953796,0.000371464125852046
G35_LjRoot145,Inf,Inf,Inf,Inf,1,1,1,1,Bacteria,Proteobacteria,Alphaproteobacteria,Rhizobiales,Bradyrhizobiaceae,Bosea,0,0,0,0,0.00158335920521577,0.00153329100004646,0.00151650927138623,0,0.00216150423906657,0,0.00187346364048591,0.00259539360605019,0.00104174558678688,0.00124892670361408,0,0.00186786859950461,0.00141554838344375,0.00143683321958404,0.00106005775487078,0.00146728329711558
G36_LjRoot142,0.075066799239926,0.0150331513482113,-0.249147736869673,-0.228855107490458,0,0,0,0,Bacteria,Proteobacteria,Alphaproteobacteria,Rhizobiales,Bradyrhizobiaceae,Bosea,0.00302247207991416,0.00291236056720343,0.00255114885617898,0.00279642058165548,0.00276311704439615,0.00298914306069664,0.00323981526159785,0.00288980762740466,0.00243431545370604,0.00361984769320083,0.00247010811197823,0.00300790649707803,0.00217819531782711,0.00202950589337288,0.00287305775432425,0.00247695618629959,0.00235924730573958,0.00244261647329286,0.00210183865189897,0.00274883453130514
G37_LjNodule209,-2.23571443180509,-2.6671714116882,-1.58737248605999,-2.38005170237351,0,0,0,0,Bacteria,Proteobacteria,Alphaproteobacteria,Rhizobiales,Phyllobacteriaceae,Mesorhizobium,0.00429191035347811,0.00315270100236099,0.00214833587888756,0.00623686529726798,0,0.000929267272755432,0.00680705866133591,0,0.000482665995131369,0,0.00150354406816066,0.000635957373667927,0.00102280475793621,0.00149611011370437,0.00119222124499169,0.00121817517358996,0,0.00114946657566723,0.00126110319113938,0.000705781839118887
G3_LjRoot129,1.5235048139243,1.53668513063566,1.00961507328525,1.3797051491255,1,1,1,1,Bacteria,Proteobacteria,Betaproteobacteria,Burkholderiales,Comamonadaceae,Acidovorax,0.0184219673270768,0.0221820083977776,0.0216176297813061,0.0231340248118772,0.0644986029183484,0.0788483280932984,0.0602467774177983,0.0455619304758691,0.0633131872744061,0.0491752894170679,0.0698790005011814,0.0665520797524923,0.0369346162588075,0.0549657846121822,0.0505814521645656,0.0326877004913307,0.0577732480229508,0.0649089406947089,0.0585407756698468,0.0426812280604001
G4_LjRoot26,-0.105666252877454,0.540375698246972,0.274826269500074,0.476022605921106,0,0,0,0,Bacteria,Proteobacteria,Betaproteobacteria,Burkholderiales,Comamonadaceae,Pseudorhodoferax,0.00554623626664249,0.00995292155005443,0.00840872090095836,0.0129821707002915,0.00841353616889165,0.00935462387907135,0.0110980905769628,0.00514681066486669,0.0139133719466129,0.0106546460403647,0.0107634662657216,0.0168958404950155,0.0091863019925752,0.013881299924544,0.00783738884002736,0.0129126568400536,0.015382292433422,0.00951902007974424,0.0112219907153562,0.0137255994502331
G5_LjRoot105,0.381880272820351,1.38931638030971,0.919490582752456,0.870222580785309,0,1,0,0,Bacteria,Proteobacteria,Betaproteobacteria,Burkholderiales,Comamonadaceae,Acidovorax,0.0017076967251515,0.00216306391641808,0.00234974236753327,0.00228798047589994,0.00212666873641726,0.00425914166679573,0.00277452264424071,0.00227809652379345,0.00705112062452783,0.0032442031212649,0.00461802820935061,0.0088518391199725,0.00395863322979014,0.00650482658132334,0.00328349457637057,0.00300483209485524,0.0045486288054659,0.00714824526743058,0.00296085097050115,0.00230307758028268
G6_LjRoot130,0.602645334475553,0.091011981202038,0.629564257209123,1.03373638646284,0,0,0,1,Bacteria,Proteobacteria,Betaproteobacteria,Burkholderiales,Comamonadaceae,Variovorax,0.00403500022668541,0.00670125683909915,0.00667998187341602,0.00813504169208867,0.00748214840111767,0.0112286462124615,0.0105466326600951,0.00881707728653392,0.00533031142449425,0.0101082539357306,0.00726712966277654,0.00482983843245101,0.00791726645958027,0.00910675721385268,0.0108863480895143,0.0107199415275917,0.0115320008304551,0.0121412407054851,0.0149504697152466,0.0123326089782879
G7_LjRoot117,0.827058513478396,0.989545858810038,1.90486021193439,0.690225605276748,1,1,1,0,Bacteria,Proteobacteria,Betaproteobacteria,Burkholderiales,Comamonadaceae,Acidovorax,0.00143567423795923,0.00183789744532255,0.00171195515348853,0.00232187648295031,0.00260788574976715,0.0032214598788855,0.00434273109533329,0.00284762065474182,0.00384034248300176,0.00389304374551788,0.00213598720794253,0.00510484702646958,0.00933782862338056,0.00638773970285952,0.00635199843643115,0.00544118244203516,0.00318970235735991,0.00287366643916807,0.00372847899989034,0.00208019910477146
G8_LjRoot126,-1.18074315037631,-1.03608329735743,-0.684416212735711,-0.332067477933144,-1,-1,-1,0,Bacteria,Proteobacteria,Betaproteobacteria,Burkholderiales,Comamonadaceae,Variovorax,0.0531501715252905,0.0676063506425572,0.0648025377217569,0.0696901904955596,0.0259701955914312,0.0306813077888085,0.0297959605707589,0.0258817077286534,0.0241123142785193,0.0430283782399344,0.0300231498054939,0.0294602956342386,0.0343397227062656,0.0419691411026982,0.037037037037037,0.0455597514922646,0.0526395258856614,0.0499658752110349,0.0496033921848156,0.0495347411823703
G9_LjRoot131,-0.277259897152349,-0.0145624492693616,-0.277259897152349,-0.0272598971523494,0,0,0,0,Bacteria,Proteobacteria,Betaproteobacteria,Burkholderiales,Comamonadaceae,Polaromonas,0.00136011243596137,0,0,0,0,0,0,0,0,0,0,0.00130629082158817,0,0,0,0,0,0,0.00126110319113938,0
LjRoot1,0.367576034002998,-0.453890221718738,-0.344724573254181,-0.0773862211691022,0,0,0,0,Bacteria,Proteobacteria,Betaproteobacteria,Burkholderiales,Alcaligenaceae,Achromobacter,0.00152634840035665,0.00159755701016499,0.00114130343565902,0.00135584028201478,0.00170754424091897,0.00164170551520126,0.00196456882884125,0.00189841376982788,0.00136405607319735,0.000580541611173719,0.00143194673158159,0.000945342041938811,0.00164785211000833,0.00100174329352379,0.000801329033519007,0.00109635765623097,0.00156654021101108,0.00107762491468803,0.00126110319113938,0.00143013688453038
LjRoot10,-0.268438395486355,0.614676518593447,-0.291877475192745,-0.32350089264685,0,0,0,0,Bacteria,Proteobacteria,Alphaproteobacteria,Rhizobiales,Rhizobiaceae,Ensifer,0.00343050581070257,0.00395854834377165,0.00412883301723704,0.00338960070503695,0.00284073269171065,0.0044140195455883,0.00367064175915076,0.00196169422882214,0.00514144212205154,0.00413209029129529,0.00637216295553805,0.00771742866964593,0.00272747935449655,0.00283610438945698,0.00240398710055702,0.00454785398140253,0.00213275956438858,0.0038076080318977,0.00259531381364916,0.00367749484593525
LjRoot100,0.249999999999998,0.681424033433654,0.437272421874303,-2.13925097495664e-15,0,0,0,0,Bacteria,Proteobacteria,Betaproteobacteria,Burkholderiales,Comamonadaceae,Acidovorax,0,0,0,0,0,6.19511515170288e-05,0,0,0,0.000204897039237783,0,0,0,0.000104077225301173,0,0,0,0,0,0
LjRoot11,-0.538762595639031,-0.56865790234162,-0.738677010628773,-0.689172944732142,0,0,0,0,Bacteria,Proteobacteria,Alphaproteobacteria,Rhizobiales,Rhizobiaceae,Rhizobium,0.00383853954149099,0.00374648325392674,0.00364210066967658,0.00272862856755474,0.00243713132567526,0.00233865596976784,0.00303301854277246,0.00185622679716504,0.00289599597078822,0.00163917631390226,0.00152740984702036,0.00407356479889997,0.00267065686794454,0.00210756381234876,0.00244307632170429,0.00133999269094896,0.001585414189457,0.00323287474406408,0.00188251635778777,0.00219163834252707
LjRoot122,-0.160593258123623,1.65623633624912,0.0567465109927927,0.276403343382544,0,1,0,0,Bacteria,Proteobacteria,Betaproteobacteria,Burkholderiales,Oxalobacteraceae,Massilia,0.00952078705172961,0.0123987389195991,0.00760309494637552,0.00808419768151312,0.00810307357963365,0.00893645360633141,0.00997794168332529,0.00643351333108336,0.0337026777469991,0.0103131509749684,0.050153934273645,0.0410794087315229,0.00922418365027654,0.0112273306793641,0.00897097625329815,0.00913631380192472,0.016061755657475,0.00714824526743058,0.00855356947033666,0.0158986645864676
LjRoot149,-0.299252058648013,-0.192250481238535,-0.367105766863989,-0.422787817663676,0,0,0,0,Bacteria,Bacteroidetes,Flavobacteriia,Flavobacteriales,Flavobacteriaceae,Flavobacterium,0.198259056081969,0.140881908020302,0.146842114096776,0.136465324384788,0.154625892579944,0.144439109761953,0.103415592472599,0.10569946000675,0.126101737597582,0.162380903595943,0.149459440108828,0.107322103815744,0.098814304113948,0.110308849166081,0.132786084237272,0.139684086571649,0.137496932978503,0.132978914472503,0.119475819717074,0.079344737281997
LjRoot152,-0.149887558402809,0.289951218065033,-0.415050505671478,-0.32155935204666,0,0,0,0,Bacteria,Proteobacteria,Gammaproteobacteria,Pseudomonadales,Pseudomonadaceae,Pseudomonas,0.000891629263574678,0.00145618028360171,0.00161125190916567,0.000982984204460715,0.00170754424091897,0.000356219121222916,0.00170607293030951,0.00130779615254809,0.00207756232686981,0.00109278420926818,0.000823369370659412,0.00245788930904091,0.00310629593150996,0.000871646761897328,0.00134857812958077,0,0.000736085159390748,0.00100578325370883,0.00100522718134298,0.00113296558384874
LjRoot153,,,,,,,,,Bacteria,Firmicutes,Bacilli,Bacillales,Paenibacillaceae,Paenibacillus,0,0,0,0,0,0,0,0,0,0,0,0,0,0.000364270288554107,0,0,0,0,0,0
LjRoot17,0.0169152950163608,0.987595806449123,0.115533167642181,-0.680975956282353,0,0,0,0,Bacteria,Proteobacteria,Alphaproteobacteria,Caulobacterales,Caulobacteraceae,Brevundimonas,0.0328089344274682,0.0409427000127239,0.021097329685638,0.0297606941902244,0.0354858739521888,0.022581194727957,0.044926587164817,0.0245528180897739,0.0802274825820532,0.0247925417477717,0.0569556812486576,0.115091096596769,0.0389612849458292,0.0417739963052585,0.0260334212840809,0.0274089414057742,0.0395409848441953,0.0131829447896835,0.0114961435829952,0.0213034676176148
LjRoot18,1.42447939520773,-1.2283386784624,0.706323620350405,0.852101620537399,0,0,0,0,Bacteria,Proteobacteria,Gammaproteobacteria,Xanthomonadales,Xanthomonadaceae,Dyella,0.00571247223103777,0.00545714164534234,0.00741847233178362,0.00813504169208867,0.00940701645451723,0.0254928988492574,0.0163886399669125,0.0248481268984138,0.00220347519516495,0.0117815797561725,0.00208825565022315,0.00115159848745273,0.0105311008409728,0.00943199854291885,0.0118440340076224,0.0113290291143866,0.00485061246060057,0.014045044721434,0.0126293087692364,0.0232165078657529
LjRoot183,0.298642347169675,0.390756789414855,-0.0933781533368458,0.313954486726746,0,0,0,0,Bacteria,Proteobacteria,Betaproteobacteria,Burkholderiales,Oxalobacteraceae,Duganella,0.016336461591936,0.0220547693438706,0.0415568721572313,0.0253372652701512,0.0265600745110214,0.0363188625768581,0.0296753291514441,0.0303324333445832,0.0295265676152103,0.0407745108083188,0.0245220877783346,0.0379683740116879,0.0230320478824153,0.0247703796216793,0.0266002149907163,0.0192877735818411,0.0350301039956212,0.0357771471676425,0.0328435135431517,0.0220092494567337
LjRoot196,-0.115041559388748,-0.814403132708887,0.234549848663344,-0.493402900915177,0,0,0,0,Bacteria,Proteobacteria,Betaproteobacteria,Burkholderiales,Oxalobacteraceae,Pseudoduganella,0.0436747215547596,0.0645808886941032,0.0552357295110858,0.0594027523557725,0.0598571872089413,0.0219616832127867,0.0604708071965258,0.0846270671616605,0.0196424074540418,0.0718847112659222,0.0605952125247607,0.0113097284290134,0.0929805288279415,0.0689121328025395,0.047942929737125,0.0577008973890446,0.0607553366174056,0.0646934157117713,0.0256789852688526,0.0233465203098011
LjRoot219,-0.228753049987066,0.151291001101651,0.307682251295838,-0.285520364401352,0,0,0,0,Bacteria,Proteobacteria,Alphaproteobacteria,Caulobacterales,Caulobacteraceae,Phenylobacterium,0.00453370811987124,0.00537231560940438,0.00357496517346134,0.00606738526201613,0.00429990686122322,0.00320597209100624,0.0043599641552354,0.00466166047924401,0.00562410811718291,0.00594201413789571,0.00449869931505215,0.00534547954623582,0.00594742025911054,0.00482658132334192,0.00531613407602854,0.00812116782393308,0.00554894966309949,0.00262222062574087,0.00380158643126074,0.00432755706617633
LjRoot220,-0.308773362412601,0.159816473659571,0.346572082435974,-0.0974481767910596,0,0,0,0,Bacteria,Proteobacteria,Alphaproteobacteria,Rhizobiales,Bradyrhizobiaceae,Bradyrhizobium,0,0,0.0001846226145919,0.000220324045827402,0,0.000263292393947373,0,0,0.000482665995131369,0,0.000131261783728312,0,0,0.000286212369578227,0.000371347600899052,0,0.000188739784459166,0,0.000164491720583397,0
LjRoot221,0.570236179662443,0.712297279330347,0.412869117180534,0.405609770877223,1,1,0,0,Bacteria,Proteobacteria,Alphaproteobacteria,Rhizobiales,Rhizobiaceae,Rhizobium,0.112632422058001,0.131240015268686,0.0710461388697739,0.088163514338011,0.151629928593604,0.156256291913826,0.153150203350107,0.124008606142423,0.179698648535214,0.142027797698323,0.156941361781342,0.166569267789618,0.134858701416774,0.14589025056592,0.107417179712694,0.137572582937426,0.13353339750486,0.115090340888681,0.144533391819278,0.128340855481882
LjRoot223,0.257425664400845,-2.51361270545093,0.237461249030625,0.66837341914635,0,0,0,0,Bacteria,Proteobacteria,Betaproteobacteria,Burkholderiales,Burkholderiaceae,Burkholderia,0.0354535974973931,0.0286853378196881,0.0289521827428207,0.0301166022642533,0.0278950636448308,0.0371242275465795,0.0295891638519336,0.0590828552143098,0.0226643162931252,0.0207628999760953,0.00190926230877545,0.000928154004812651,0.0353435866353512,0.0396664324929097,0.047141600703606,0.0259065253583465,0.0114942528735632,0.0705844319120658,0.0592352962678656,0.117716981482513
LjRoot224,,,,,,,,,Bacteria,Proteobacteria,Alphaproteobacteria,Rhizobiales,Rhizobiaceae,Rhizobium,0,0,0,0,0,0,0,0,0,0,0,0,0,0,0,0,0,0,0,0
LjRoot227,0.39154095820335,-0.956723267067546,0.540530855539058,0.360553780652902,0,0,0,0,Bacteria,Proteobacteria,Alphaproteobacteria,Sphingomonadales,Sphingomonadaceae,Sphingomonas,0.00412567438908283,0.00442509154143045,0.0033232070626542,0.00394888482136804,0.00397392114250233,0.0039803614849691,0.00548011304887296,0.00818427269659129,0.00159489633173844,0.00580541611173719,0.00151547695759051,0.00120316259883121,0.00621259186301993,0.00426716623734811,0.00777875500830646,0.00519754740731717,0.00292546665911708,0.00481339128560652,0.00577548707826151,0.00800505191211159
LjRoot228,-2.21925040579007,-2.69451469721689,-2.84973555248619,-2.56141038892312,0,-1,-1,0,Bacteria,Proteobacteria,Alphaproteobacteria,Rhizobiales,Phyllobacteriaceae,Mesorhizobium,0.00194949449154463,0.00684263356566242,0.00093989694701331,0.00960951799877974,0.000651971437441788,0,0.00184393740952644,0.000653898076274047,0,0.00198067137929857,0,0,0.00128797636184559,0,0,0,0.00139667440499783,0,0,0.000668635426533683
LjRoot229,0.424025594172395,0.618466904354917,0.0391252399652195,0.836245269964626,0,0,0,0,Bacteria,Proteobacteria,Alphaproteobacteria,Rhizobiales,Bradyrhizobiaceae,Bradyrhizobium,0.000876516903175107,0.00128652821172579,0.00154411641295044,0.00159311233136737,0.00138155852219808,0.00176560781823532,0.00187840352933067,0.00196169422882214,0.00180475111223034,0.00283440904278933,0.0017183360778979,0.00175317978686834,0.00164785211000833,0.00199047693388494,0.00214990716309978,0,0.00235924730573958,0.00247853730378246,0.00259531381364916,0.00185732062926023
LjRoot230,1.2617733349409,-Inf,0.951517430500616,1.10427406824,0,-1,0,0,Bacteria,Proteobacteria,Betaproteobacteria,Burkholderiales,Burkholderiaceae,Burkholderia,0.000196460685194421,0.000353441816408183,0.000402812977291418,0.000338960070503695,0.000636448307978889,0.00055756036365326,0.000516991797063487,0.00170857239284509,0,0,0,0,0.00125009470414425,0.00102776259984909,0.000508159874914492,0.000203029195598327,0,0.000898020762240023,0.00138904119603758,0.0016530153600416
LjRoot231,,,,,,,,,Bacteria,Proteobacteria,Alphaproteobacteria,Rhizobiales,Phyllobacteriaceae,Phyllobacterium,0,0,0,0,0,0,0,0,0,0,0,0,0,0,0,0,0,0,0,0
LjRoot237,0.632784999559513,1.41956837205606,1.09366836935431,0.979767143508612,1,1,1,1,Bacteria,Proteobacteria,Alphaproteobacteria,Rhizobiales,Bradyrhizobiaceae,Bosea,0.00179837088754893,0.00175307140938459,0.00161125190916567,0.00189817639482069,0.00321328779882024,0.00288072854554184,0.00282622182394706,0.00213044211947351,0.00505750020985478,0.0035856981866612,0.00514307534426386,0.00529391543485734,0.00369346162588075,0.00325241329066167,0.00383074367243233,0.0043448247858042,0.00413340127965574,0.00290958726965767,0.00424023101948313,0.00286027376906075
LjRoot240,0.0887938599266665,-1.24402503837309,-0.797523190336205,0.0141120645188142,0,-1,0,0,Bacteria,Proteobacteria,Alphaproteobacteria,Rhizobiales,Rhizobiaceae,Neorhizobium,0.00111831466956824,0.00233271598829401,0.00263506822644803,0.00128804826791404,0.00162992859360447,0.00173463224247681,0.00199903494864548,0.00200388120148498,0.000776462687820029,0,0.000835302260089258,0.00111722241320041,0.00149632547920297,0.00131397496942731,0.00127039968728623,0,0.00152879225411925,0.00168827903301124,0.00206528493621377,0.00172730818521201
LjRoot243,0.377001712891737,0.140830242625799,0.470306773774541,0.654062343633929,0,0,0,0,Bacteria,Proteobacteria,Alphaproteobacteria,Rhizobiales,Bradyrhizobiaceae,Bradyrhizobium,0.00265977543032446,0.00251650573282626,0.00260150047834041,0.00237272049352586,0.00296491772741385,0.00384097139405579,0.00294685324326187,0.00350151873101586,0.00249727188785361,0.00478093091554827,0.00278036323715424,0.00183911997249914,0.00293582847185393,0.00288814300210756,0.00306850386006059,0.00584724083323182,0.00326519827114357,0.00366392470993929,0.00477025989691852,0.00443899630393195
LjRoot244,0.176667448491246,-0.315881280997504,-0.824678239452342,-0.683678261546976,0,0,0,0,Bacteria,Proteobacteria,Alphaproteobacteria,Rhizobiales,Phyllobacteriaceae,Phyllobacterium,0.00037780900998927,0.000183789744532255,0.000503516221614273,0.000423700088129618,0.000217323812480596,0.000294267969705887,0.000689322396084649,0.000548430644616942,0.000629564341475699,0,0.00031025512517601,0.000343760742523204,0.000189408288506705,0.000221164103764994,0.000390892211472686,0,0.000188739784459166,0,0.000328983441166795,0.000390037332144648
LjRoot246,,,,,,,,,Bacteria,Proteobacteria,Alphaproteobacteria,Rhizobiales,Phyllobacteriaceae,Mesorhizobium,0,0,0,0,0,0,0,0,0,0,0,0,0,7.80579189758801e-05,0,0,0,0,0,0
LjRoot247,-0.317520409466702,-1.35303575500143,0.288274481060461,-0.0206747528394942,0,-1,0,0,Bacteria,Proteobacteria,Gammaproteobacteria,Xanthomonadales,Xanthomonadaceae,Pseudoxanthomonas,0.000256910126792704,0.000325166471095528,0.000302109732968564,0.000338960070503695,0.000217323812480596,0.00055756036365326,0.000310195078238092,0,0,0.000239046545777414,0,0,0.000321994090461399,0.000338250982228814,0.000390892211472686,0.00044666423031632,0.000188739784459166,0.000323287474406408,0.000475198303907592,0.000278598094389034
LjRoot248,-0.57659050734002,-1.42468781386027,-1.10434633967863,-0.326865730186762,0,-1,0,0,Bacteria,Proteobacteria,Alphaproteobacteria,Rhizobiales,Rhizobiaceae,Rhizobium,0.00247842710552961,0.00125825286641313,0.00370923616589181,0.00113551623618738,0.00113318845079168,0.00126999860609909,0.00161990763079892,0.00113904826189673,0.000797448165869219,0.000956186183109654,0.000918832486098184,0.000360948779649364,0.000568224865520115,0.000689511617620274,0.00101631974982898,0.00154302188654729,0.00137780042655191,0.00125722906713603,0.00173630149504697,0.00176445459779722
LjRoot257,-0.928876800581249,-0.199534236265221,-1.23198584175329,-0.606847012256258,0,0,0,0,Bacteria,Proteobacteria,Alphaproteobacteria,Rhizobiales,Rhizobiaceae,Ensifer,0.000695168578380257,0.00106032544922455,0.00174552290159615,0.00093214019388516,0.000683017696367588,0.00114609630306503,0,0,0.00132208511709897,0,0.00116942316412496,0.00130629082158817,0,0.000988733640361148,0,0,0.0010191948360795,0,0.000932119749972585,0.000687208632826285
LjRoot258,-0.250000000000001,0.188873085646381,0.324761503948674,-0.250000000000001,0,0,0,0,Bacteria,Proteobacteria,Alphaproteobacteria,Rhizobiales,Rhizobiaceae,Rhizobium,0,0,0,0.000627076130431835,0,0,0,0,0,0.00105863470272855,0,0,0,0,0,0.00154302188654729,0,0,0,0
LjRoot259,-0.225554570627271,-1.5509593071967,-0.0986968156643026,-0.127111570709554,0,-1,0,0,Bacteria,Proteobacteria,Alphaproteobacteria,Caulobacterales,Caulobacteraceae,Asticcacaulis,0.0478306206646416,0.041508206918977,0.0579211493596952,0.0467086977154091,0.034833902514747,0.0370467886071832,0.0303301854277246,0.073426425919676,0.0113531436246118,0.0308370044052863,0.0236509868499559,0.00880027500859402,0.0386582316842185,0.034098300939297,0.0630509137105443,0.0491330653347951,0.0309155766944114,0.0498221918890765,0.0464414957780458,0.0527850522835757
LjRoot261,0.249999999999998,0.339698997148627,Inf,0.605552973929841,0,0,1,0,Bacteria,Proteobacteria,Alphaproteobacteria,Rhizobiales,Bradyrhizobiaceae,Bosea,0,0,0,0,0,0,0.000120631419314814,0,0,0,0,0.000154692334135442,0.000170467459656035,0,0.000429981432619955,0,0,0.000323287474406408,0,0
LjRoot277,-0.0940738489578963,-0.995407771145857,-0.319395193362247,0.504547894807131,0,-1,0,0,Bacteria,Proteobacteria,Gammaproteobacteria,Pseudomonadales,Pseudomonadaceae,Pseudomonas,0.00155657312115579,0.00248823038751361,0.00201406488645709,0.00184733238424514,0.00184725240608507,0.00185853454551086,0.00239539532639415,0.00134998312521094,0.000545622429278939,0.00208311989891746,0.00108589293811604,0.000739085596424888,0.00181831956966437,0.00120989774412614,0.00162220267761165,0.00166483940390628,0.00239699526263141,0.00215524982937606,0.00325328069598275,0.00347318957671663
LjRoot28,Inf,Inf,9.17192410507022e-16,9.42055475210265e-16,1,1,0,0,Bacteria,Proteobacteria,Betaproteobacteria,Burkholderiales,Burkholderiaceae,Rhizobacter,0,0,0,0,0.000434647624961192,0,0,0.000168747890651367,0.00012591286829514,0.000409794078475566,0.000119328894298465,0.000584393262289447,0,0,0,0,0,0,0,0
LjRoot285,0.378014772555317,-0.361441597108771,0.160736218115244,0.319786384359465,0,0,0,0,Bacteria,Proteobacteria,Alphaproteobacteria,Caulobacterales,Caulobacteraceae,Caulobacter,0,0,0.00125879055403568,0.00161006033489255,0.00141260478112387,0,0.00115461501344179,0.00204606817414782,0,0,0.00128875205842343,0,0.00157208879460565,0,0.00201309488908433,0,0,0,0.00210183865189897,0.00234022399286789
LjRoot288,1.29452502127569,0.358742973506139,5.43895982204207e-16,0.552600317851841,0,0,0,0,Bacteria,Proteobacteria,Betaproteobacteria,Burkholderiales,Comamonadaceae,Variovorax,0,0,0,0,1.55231294628997e-05,0,5.16991797063487e-05,2.10934863314209e-05,2.098547804919e-05,0,0,0,0,0,0,0,0,3.59208304896009e-05,0,0
LjRoot289,-0.0344475866308333,-1.18085301481624,0.59433590057221,-0.559470459957729,0,0,0,0,Bacteria,Proteobacteria,Betaproteobacteria,Burkholderiales,Oxalobacteraceae,Massilia,0.0132686524308232,0.0139538829117951,0.0150551350262668,0.023761100942309,0.0166873641726172,0.0134124243034367,0.0156648514510236,0.0171700978737766,0.00243431545370604,0.0180992384660042,0.00663468652299468,0.00857683052595394,0.0272369118872642,0.0183436109593318,0.0269129287598945,0.0255816786453892,0.0174961780193647,0.00689679945400338,0.0167964323573491,0.00692780594714065
LjRoot295,1.04125902452162,1.41381156590368,-0.755681971532979,1.17760712156502,0,0,0,0,Bacteria,Proteobacteria,Betaproteobacteria,Burkholderiales,Oxalobacteraceae,Noviherbaspirillum,0.000136011243596137,0.000282753453126546,0.000453164599452846,0.000406752084604434,0.000605402049053089,0.00100670621215172,0.000706555455986765,0.000295308808639892,0.000860404600016788,0.00133183075504559,0.000954631154387723,0.000326572705397044,0.000208349117357376,0.000286212369578227,0.000214990716309978,0,0.000377479568918332,0.00125722906713603,0.000657966882333589,0.000594342601363273
LjRoot296,-0.401413851156819,-0.191787066308036,0.368099022038455,0.464899241210027,0,0,0,0,Bacteria,Proteobacteria,Betaproteobacteria,Burkholderiales,Burkholderiaceae,Cupriavidus,0.00104275286757039,0.000876535704692294,0.000839193702690455,0.00096603620093553,0.000729587084756287,0.00113060851518578,0.00049975873716137,0.000590617617279784,0.000713506253672459,0.00112693371580781,0.000715973365790793,0.000756273633551048,0.000984923100234866,0.00111883017198761,0.000977230528681716,0.00190847443862427,0.00162316214634883,0.00132907072811523,0.00124282633329678,0.00100295313980052
LjRoot3,0.362681807966181,0.772323558526083,0.524985758909112,-0.32652956924146,0,1,0,0,Bacteria,Proteobacteria,Alphaproteobacteria,Rhizobiales,Hyphomicrobiaceae,Devosia,0.00832691058016352,0.00882190773754824,0.0064617915107165,0.00623686529726798,0.00859981372244645,0.00938559945482987,0.0102881367615634,0.00974519068511644,0.0122555191807269,0.00843492811528873,0.0122670103338822,0.0198693709178412,0.0104174558678688,0.00948403715556943,0.0103000097723053,0.0124659926097373,0.00711548987411056,0.00513667876001293,0.0059582556566875,0.00549766906261028
LjRoot30,0.294834841172774,-0.485367772383688,0.53191293259937,-0.126917426277465,0,0,0,0,Bacteria,Proteobacteria,Alphaproteobacteria,Rhizobiales,Rhizobiaceae,Rhizobium,0.00074050565957897,0.00125825286641313,0.000520300095668082,0.000508440105755542,0.000760633343682086,0.000836340545479889,0.00122354725305025,0.000717178535268309,0.000440695039032989,0.000478093091554827,0.00065630891864156,0.000464077002406325,0.00117433138874157,0.000962714334035855,0.000938141307534447,0.00101514597799164,0.000585093331823415,0.000646574948812817,0.000456921446064993,0.00100295313980052
LjRoot58,-Inf,-Inf,-Inf,-Inf,-1,-1,-1,-1,Bacteria,Proteobacteria,Betaproteobacteria,Burkholderiales,Burkholderiaceae,Rhizobacter,0.000634719136781974,0.00113101381250619,0.000671354962152364,0.000796556165683683,0,0,0,0,0,0,0,0,0,0,0,0,0,0,0,0
LjRoot71,-0.589142033589461,1.15670880739105,-0.355988150837918,-0.13337848228464,0,0,0,0,Bacteria,Proteobacteria,Gammaproteobacteria,Pseudomonadales,Pseudomonadaceae,Pseudomonas,0.00805488809297124,0.0124694272828807,0.0249744045920679,0.024032268998712,0.0103539273517541,0.0132730342125234,0.0119425105121665,0.00717178535268309,0.0528834046839587,0.0121572243281085,0.0494976253550035,0.0468030250945342,0.0118948405182211,0.0162360471469831,0.0085996286523991,0.0135217444268486,0.0236302210142876,0.0117461115700995,0.0145301019848668,0.0103267026986869
LjRoot8,0.303620484791052,0.665007671159272,0.876030532921076,0.460018869204048,0,0,0,0,Bacteria,Actinobacteria,Actinobacteria,Actinomycetales,Microbacteriaceae,Agromyces,0.000151123603995708,0.000141376726563273,0.000436380725399037,0.000559284116331096,0.000357031977646694,0.000154877878792572,0.000741021575790998,0.000295308808639892,0.000923361034164358,0.000478093091554827,0.00031025512517601,0.000240632519766243,0.00075763315402682,0.00027320271641558,0.00058633831720903,0.000487270069435985,0.000490723439593832,0.000359208304896009,0.000475198303907592,0.000222878475511228
LjRoot80,0.0783110031025122,0.582526961347077,0.190324384375169,1.18202478846817,0,0,0,0,Bacteria,Actinobacteria,Actinobacteria,Actinomycetales,Mycobacteriaceae,Mycobacterium,0,0.00021206508984491,0.000335677481076182,0.000355908074028879,0.000186277553554797,0.000123902303034058,0.000379127317846557,0.000210934863314209,0.00023084025854109,0.000375644571935936,0.000357986682895396,0.000240632519766243,0.000246230775058717,0.0001951447974397,0.000117267663441806,0.00044666423031632,0.000603967310269332,0.000323287474406408,0.00060313630880579,0.000334317713266841
LjRoot82,-0.27175489976834,-0.796374561867797,-0.647302219414175,-1.40125493764461,0,0,0,-1,Bacteria,Bacteroidetes,Flavobacteriia,Flavobacteriales,Flavobacteriaceae,Flavobacterium,0.0761511840534373,0.047120862963539,0.0612275725482956,0.0409294285133211,0.0635516920211115,0.0252141186674307,0.0340869924863859,0.0774974687816402,0.0346680097372618,0.0344227025919475,0.0291520488771151,0.0284118253695428,0.0352488824910978,0.0330705383394479,0.0444444444444444,0.0288301457749624,0.0237057169280713,0.0256833938000647,0.0142193954015426,0.0213406140302
LjRoot89,0.136361843938579,1.0680925065424,-2.2605246277034,0.670784445637063,0,1,-1,0,Bacteria,Proteobacteria,Alphaproteobacteria,Sphingomonadales,Sphingomonadaceae,Sphingopyxis,0.000997415786371674,0.00131480355703844,0.00109095181349759,0.00106772422208664,0.00117975783918038,0.000867316121238404,0.00139587785207141,0.00156091798852514,0.0025182573659028,0.00140012976812485,0.00187346364048591,0.00446888965280165,0.000303053261610728,0.000247183410090287,0.000312713769178149,0,0.00203838967215899,0.00132907072811523,0.00153525605877837,0.00235879719916049
