"","ASVid","Lfc_symrk","Lfc_ccamk","Lfc_nsp1","Lfc_nsp2","DA_symrk","DA_ccamk","DA_nsp1","DA_nsp2","Kingdom","Phylum","Class","Order","Family","Genus","Hv_WT_HvSC_only_endo_1","Hv_WT_HvSC_only_endo_2","Hv_WT_HvSC_only_endo_3","Hv_WT_HvSC_only_endo_4","Hv_WT_HvSC_only_endo_5","Hv_symrk_HvSC_only_endo_1","Hv_symrk_HvSC_only_endo_2","Hv_symrk_HvSC_only_endo_3","Hv_symrk_HvSC_only_endo_4","Hv_symrk_HvSC_only_endo_5","Hv_symrk_HvSC_only_endo_6","Hv_ccamk_HvSC_only_endo_1","Hv_ccamk_HvSC_only_endo_2","Hv_ccamk_HvSC_only_endo_3","Hv_ccamk_HvSC_only_endo_4","Hv_ccamk_HvSC_only_endo_5","Hv_ccamk_HvSC_only_endo_6","Hv_nsp1_HvSC_only_endo_1","Hv_nsp1_HvSC_only_endo_2","Hv_nsp1_HvSC_only_endo_3","Hv_nsp1_HvSC_only_endo_4","Hv_nsp1_HvSC_only_endo_5","Hv_nsp1_HvSC_only_endo_6","Hv_nsp2_HvSC_only_endo_1","Hv_nsp2_HvSC_only_endo_2","Hv_nsp2_HvSC_only_endo_3","Hv_nsp2_HvSC_only_endo_4","Hv_nsp2_HvSC_only_endo_5","Hv_nsp2_HvSC_only_endo_6"
"1","P1_A1",0.427824252861967,0.0671060160361895,1.10659658643526,0.646506586936588,0,0,0,0,"Bacteria","Proteobacteria","Gammaproteobacteria","Pseudomonadales","Pseudomonadaceae","Pseudomonas",0.0693564138406449,0.020323843626419,0.00831866901295793,0.00210716435881999,0.00400307929176289,0.0184552530553305,0.0102446118116901,0.0152466142994951,0.0115543437979777,0.0118084215782749,0.0148665960239763,0.00960159698597014,0.00655143574017285,0.0159329740954904,0.00838448049101271,0.0122489620319751,0.012665246447019,0.0191983911701431,0.0181310090156026,0.0217951880171312,0.0502938885348063,0.0158189268980509,0.0163052046032926,0.0322513954930742,0.0135385817033879,0.0212927481743909,0.0177937542125365,0.00954766875434934,0.0091928320755303
"2","P1_A6",-0.206283463465195,0.131681082100284,0.0935302298955038,0.693261100804874,0,0,0,0,"Bacteria","Proteobacteria","Alphaproteobacteria","Rhizobiales","Rhizobiaceae","Neorhizobium",0.00783818113347248,0.00887323666555177,0.0159974404095345,0.0151849622048298,0.00703104952527585,0.00760750889303702,0.00902914939335402,0.00646446423873417,0.00624702207634073,0.0118231086697901,0.0158946053235066,0.00906739393257795,0.0125917665644457,0.0110098641221647,0.0153989478298992,0.0103890736252795,0.0105640995710158,0.0106164063230755,0.014754316510862,0.00701840931004328,0.0107924367962609,0.0121910021591293,0.0125441974641353,0.0233615877610089,0.0105770169557718,0.0218530836526643,0.0171646820939115,0.0151148225469729,0.0156837168856176
"3","P1_A8",-0.175021724915469,-1.45386218216699,-1.29698121865778,0.324477088394001,0,-1,-1,0,"Bacteria","Proteobacteria","Alphaproteobacteria","Rhizobiales","Rhizobiaceae","Rhizobium",0.0510375377387996,0.067995356798552,0.13300271956487,0.0986353602247642,0.0482935591480626,0.0936263633055096,0.03490113515508,0.073226343944576,0.0454232622161046,0.0860516691879507,0.0838381122586155,0.0299997188404982,0.0866322832450516,0.0271039581804186,0.0141111354669005,0.0214544703075391,0.018005661423527,0.0276634552427275,0.0670015635916032,0.0169293898692737,0.031357552581262,0.0236035427346034,0.0317771321757539,0.0718863522254054,0.0950304292641651,0.130684693803774,0.0695574028308245,0.0951148225469729,0.105997080654679
"4","P1_A9",-0.631538347024827,-2.52319501080668,-1.8317533897121,0.237916637856507,0,-1,-1,0,"Bacteria","Proteobacteria","Alphaproteobacteria","Rhizobiales","Rhizobiaceae","Rhizobium",0.000708500086168929,0.00110177661479135,0.000767877139657655,0.000568599906348251,0.00102643058763151,0.000669179022998626,0.000260456232500597,0.00108993873792611,0.000436762136693314,0.000558109477580155,0.000442834775182274,8.43478505356088e-05,0.000511104915900009,0.000143217744678566,0,0.000206654267410622,0.000145912977500219,0.000350762323449631,0.000748527895139559,0.000179384263515483,0.000283266057644643,0,0.000247731009166047,0.000443013674355415,0.00133433136980506,0.00189791049092618,0.000898674455178612,0.000974251913709116,0.00077642162800087
"5","P1_B10",-0.441684733317492,-0.783889677210002,-0.790653612458088,0.378427508747002,0,0,0,0,"Bacteria","Proteobacteria","Alphaproteobacteria","Rhizobiales","Boseaceae","Bosea",0.00144253170697458,0.00245932280087355,0.00281554951207807,0.00270921131848284,0.00112907364639466,0.00143227790887425,0.000737959325418358,0.00186667668909184,0.0011382285986553,0.00204150572062215,0.0021034651821158,0.000674782804284871,0.00248582845460459,0.000895110904241035,0.000904208680403332,0.00122113885288095,0.0014007645840021,0.00105228697034889,0.00172993113543365,0.000672690988183062,0.00107641101904964,0.00107222067182703,0.00159899105916267,0.00251041082134735,0.00195268005337325,0.0043561564601258,0.00283082453381263,0.00180932498260264,0.00267089040032299
"6","P1_C1",-0.514546376336797,-0.324808979771543,-0.00310209438664538,-0.0709462175470108,0,0,0,0,"Bacteria","Proteobacteria","Betaproteobacteria","Burkholderiales","Comamonadaceae","Polaromonas",0.0165954975138668,0.0330336238613335,0.0223004319308911,0.0211719847481437,0.0224788298691301,0.0148158583688468,0.0143685021596163,0.0142318437503915,0.0150484408915242,0.0162586103074008,0.0208132344335669,0.00946101723507746,0.0116160208159093,0.0260119228772445,0.0244410346339325,0.0194255011365985,0.0250094843435375,0.0174211953979983,0.0201769852623174,0.0262797946050183,0.0220522625876354,0.0234419752361089,0.0271152850032655,0.0315130393691485,0.0138965730465063,0.0208227893861615,0.0221073915973938,0.0206541405706333,0.0234479331656263
"7","P1_C2",-0.526848281350118,-1.52856666481042,-0.706202460977686,-0.884564286562147,0,0,0,0,"Bacteria","Proteobacteria","Alphaproteobacteria","Rhodobacterales","Rhodobacteraceae","Rhodobacter",0.000440418972483389,0.0015346174277451,0.000671892497200448,0.000401364639775236,0.000513215293815756,0.000563519177262001,0.000195342174375448,0.000526177321757432,0.000502938218010482,0.000381864379396948,0.000585174524348005,7.02898754463407e-05,0.000441408791004553,0.000143217744678566,0.000383603682595353,0.000225441018993406,0.000262643359500394,0.000303994013656346,0.000665358129012941,0.000426037625849272,0.000637348629700446,0.000146879544085895,0.00038285701416571,0.000561150654183526,0.000260357340449767,0.00115682163256453,0.000314536059312514,0.000222686151704941,0.000124227460480139
"8","P1_C9",NA,NA,NA,NA,NA,NA,NA,NA,"Bacteria","Proteobacteria","Betaproteobacteria","Burkholderiales","Burkholderiaceae","Chitinimonas",0,0,0,0,0,0,0,0.000175392440585811,0,0,0,0,0,0,0,0,0,0,0,0,0,0,0,0,0,0,0,0,0
"9","P1_D2",NA,NA,NA,NA,NA,NA,NA,NA,"Bacteria","Proteobacteria","Gammaproteobacteria","Pseudomonadales","Pseudomonadaceae","Pseudomonas",0,0,0,0,0,0,0,0,0,0,0,0,0,0,0,0,0,0,0,0,0,0,0,0,0,0,0,0,0
"10","P1_D3",-0.528179836253742,-1.61001468285486,-0.581794180955534,0.502185939010412,0,-1,0,0,"Bacteria","Proteobacteria","Gammaproteobacteria","Xanthomonadales","Rhodanobacteraceae","Luteibacter",0.00897433442480644,0.0185728057921971,0.003711406175012,0.00568599906348251,0.0165768539902489,0.0107186043508376,0.00306036073188201,0.00919557509928465,0.00882788924771031,0.00687355882914506,0.00317892106470132,0.0012371018078556,0.00443731995167735,0.00213036395209366,0.00246602367382727,0.00529786394634504,0.00423147634750635,0.00598634365354036,0.0105292923916298,0.00459672175258425,0.00746406061893634,0.00440638632257685,0.00488705718082112,0.0209102454295756,0.017378852475022,0.0127250379582098,0.0279487755560548,0.00848990953375087,0.00385105127488431
"11","P1_E1",-0.244889934941897,-0.550636731107265,-0.67702347907492,0.390919579039038,0,0,0,0,"Bacteria","Proteobacteria","Alphaproteobacteria","Rhizobiales","Rhizobiaceae","Rhizobium",0.0302229541262151,0.0369095165955103,0.0605023196288594,0.0343501237540973,0.0334616371567873,0.0407612204886181,0.0174939769496234,0.0341764698512923,0.0255307321721637,0.0404629371245612,0.0421009346976862,0.018767396744173,0.0270885605427005,0.0301831396910077,0.0232902235861464,0.0285370756542486,0.0291242303090437,0.0237816855298849,0.0421171695665192,0.0152925084646949,0.0255789250053112,0.0182571273298768,0.0245704119091052,0.0359431761127027,0.0448465518924724,0.0763321524112501,0.0491125589755111,0.0535281837160752,0.0461194447032517
"12","P1_E8",-0.497685817510686,-0.878814157523859,-0.897152387985006,-0.0938143505271139,0,-1,-1,0,"Bacteria","Proteobacteria","Betaproteobacteria","Burkholderiales","Comamonadaceae","Polaromonas",0.0101615507854138,0.016900466287603,0.01993281075028,0.0172921265636497,0.00939183987682833,0.0175160544265605,0.00603390271959716,0.0136179702083412,0.00907935835671555,0.00972285458310691,0.00778123962105996,0.00535608850901116,0.00782919802992287,0.00871838020730769,0.00775427444103463,0.00794679591951756,0.00898823941401348,0.00972780843700309,0.0103130509997006,0.00576271946543489,0.0102542312867361,0.00603674926193029,0.00524739319415355,0.00779704066865531,0.0124971523415888,0.0132492227604656,0.0172545495394293,0.0225469728601253,0.0105593341408118
"13","P1_F10",0.887944216092489,0.86853855041634,0.753906732907291,0.996785164089437,0,0,0,0,"Bacteria","Proteobacteria","Betaproteobacteria","Burkholderiales","Comamonadaceae","Rhizobacter",0.0155295559427838,0.0395262360556397,0.0319308910574308,0.0252525252525253,0.0226327944572748,0.0687141196773853,0.0385258177240466,0.0538955913857256,0.053337921541638,0.0383039346718169,0.0396495279064986,0.0643011780583125,0.0651194126939875,0.0281243846112533,0.0330173169662429,0.060662420860809,0.0451746578340678,0.0511879150687494,0.0652716324561695,0.035226584747853,0.0322073507541959,0.0562401774304893,0.031056460149089,0.0210283824094037,0.110326423015589,0.0388077507049382,0.0392271399685464,0.0821990257480863,0.0626106400819901
"14","P2_A1",-1.38143215698747,-1.56541167306724,-1.36238538880768,-0.408192000698576,0,-1,0,0,"Bacteria","Proteobacteria","Alphaproteobacteria","Rhizobiales","Nitrobacteraceae","Bradyrhizobium",0.00121913077890329,0.00218387864717571,0.00147176451767717,0.00160545855910094,0.00369515011547344,0.00115051832024325,0,0.000876962202929054,0.000661760813171687,0.00114559313819084,0.00129687327017666,0.000281159501785363,0.000952513706904563,0.000411751015950876,0.00063020604997808,0.000864190572808056,0.00107975603350162,0.000631372182209335,0.000881599520942147,0.000695114021122497,0.00120388074498973,0.000411262723440506,0.000788235029164696,0.00147671224785138,0.00100888469424285,0.0024401706311908,0.00116827679173219,0.00242171189979123,0.00077642162800087
"15","P2_A8",-1.0335451696665,-0.838599540441235,-0.663762974017469,-0.306187246551699,0,0,0,0,"Bacteria","Proteobacteria","Alphaproteobacteria","Rhizobiales","Phyllobacteriaceae","Mesorhizobium",0.000465950507120107,0.000885356208314479,0.000479923212286034,0.000501705799719045,0.000564536823197331,0.000622219091560126,0.00023875154645888,0.000225504566467471,9.26465138440362e-05,0.000396551470912215,0.000347941609071787,9.8405825624877e-05,0.000185856333054549,0.000268533271272311,0.00068500657606313,0.000544815795900731,0.000525286719000788,0.000397530633242915,0.000648724175787618,0.000515729757607014,0.000283266057644643,0.000146879544085895,0.000360336013332432,0.00050208216426947,0.000195268005337325,0.000795314872388114,0.000718939564142889,0.000389700765483647,0.000403739246560452
"16","P2_B1",-1.3846510443961,-2.78550629524123,-0.992949855487653,-2.6391078369703,0,-1,0,-1,"Bacteria","Proteobacteria","Alphaproteobacteria","Caulobacterales","Caulobacteraceae","Asticcacaulis",0.00102126138546873,0.0010230782851634,0.000159974404095345,0.000468258746404442,0.00343854246856556,0.000868758731612252,0,0.000300672755289961,0.000344115622849277,0.000249680555759543,0.000363757136756868,0.00022492760142829,0.000209088374686367,0,0,0,0,0.000795061266485829,0.000166339532253235,0.00134538197636612,0.000637348629700446,0.000367198860214738,0,0.000265808204613249,0.000325446675562209,0,0,0,0
"17","P2_B12",-0.162483315043931,-0.125574699589924,-0.24498011388215,0.982662705083216,0,0,0,1,"Bacteria","Proteobacteria","Alphaproteobacteria","Rhizobiales","Boseaceae","Bosea",0.00153827496186227,0.00247899738328054,0.00447928331466965,0.00321091711820189,0.00159096741082884,0.00189013724039963,0.00125887179041955,0.0027436388920209,0.0021573402509397,0.00242337010001909,0.00317892106470132,0.00106840610678438,0.00304339745376824,0.0031149859467588,0.00172621657167909,0.00227319694151684,0.00318090290950477,0.00217472640538771,0.00304401344023421,0.00123326681166895,0.00213865873521705,0.00165973884817062,0.00265747809832669,0.00398712306919874,0.00309174341784099,0.00780854601981057,0.00678499213659852,0.00384133611691023,0.00506226901456567
"18","P2_B3",NA,NA,NA,NA,NA,NA,NA,NA,"Bacteria","Actinobacteria","Actinomycetia","Micrococcales","Microbacteriaceae","Agromyces",0,0,0,0,0,0,0,0,0,0,0,0,0,0,0,0,0,0,0,0,0,0,0,0,0,0,0,0,0
"19","P2_C12",-0.425353679769575,-1.50568104098851,-0.733043694888431,-0.136300698064948,0,-1,0,0,"Bacteria","Proteobacteria","Betaproteobacteria","Burkholderiales","Sphaerotilaceae","Ideonella",0.019091205024606,0.0405493143408031,0.00819068948968165,0.0127433273128637,0.0153964588144727,0.0296082367719743,0.00672845267293209,0.0160233522506609,0.00906612314045212,0.0111181282770573,0.010912714102706,0.00556695813535018,0.0113372363163275,0.00538856764353103,0.00969969311705392,0.00202896917094065,0.0058657016955088,0.0169768964549621,0.00906550450780132,0.0132071664013274,0.0226754479144536,0.00591924562666158,0.00358083913249105,0.0100711775303464,0.0122042503335828,0.0260284867327019,0.0113232981352505,0.0194850382741823,0.0165533091089785
"20","P2_C2=P4_E2",NA,NA,NA,NA,NA,NA,NA,NA,"Bacteria","Proteobacteria","Betaproteobacteria","Burkholderiales","Oxalobacteraceae","Massilia",0.000217018044412105,0,0,0,0,0.00116225830310288,0,0.0010022425176332,0.000582349515591085,0.000543422386064888,0.000237232915276218,0.000435797227767312,0,0,0.000493204734765454,0.000281801273741757,0,0.000467683097932841,0.001131108819322,0.000269076395273225,0.00116139083634304,0.000484702495483454,0.0010810080399973,0.000974630083581913,0.000976340026686627,0.000271130070132311,0,0.00100208768267223,0
"21","P2_D12",-0.294949494060793,-0.372551774574386,-0.57900589524619,-0.275752972049977,0,0,0,0,"Bacteria","Proteobacteria","Betaproteobacteria","Burkholderiales","Comamonadaceae","Rhizobacter",0.0146487179978171,0.0294331752808547,0.0472244440889458,0.0218074787611211,0.0242237618681037,0.0318623134810223,0.016148286415037,0.0316833915886797,0.0284292445338557,0.0130715114485878,0.0132692277277831,0.0284252256305002,0.0315955766192733,0.0131044236380888,0.0206323980710215,0.0137519021585978,0.0174220095135261,0.0201571415209054,0.0208090754848797,0.0121757068861134,0.0182706607180795,0.0270552120206219,0.00977411436164223,0.00570010927670634,0.0321541315455463,0.0253958499023932,0.024623680071894,0.0413917884481559,0.0183546072859406
"22","P2_D3",0.424576093485431,-1.43682047299452,-0.697821318508216,-0.867145488197569,0,0,0,0,"Bacteria","Proteobacteria","Alphaproteobacteria","Rhizobiales","Nitrobacteraceae","Bradyrhizobium",0.000299995531981439,0.000472189977767722,0.000191969284914414,0,0,0.00021131969147325,0,0.000338256849701206,0.000158822595161205,0.000220306372729008,0.000110708693795568,0,9.29281665272744e-05,3.58044361696414e-05,0,0.000112720509496703,0,0,0.000266143251605176,6.72690988183062e-05,0.000453225692231428,0,0,8.8602734871083e-05,0,0.000325356084158774,0,0.000139178844815588,0
"23","P2_D8",-0.832217979974335,-Inf,-Inf,-0.82703799157267,0,-1,-1,0,"Bacteria","Proteobacteria","Alphaproteobacteria","Rhizobiales","Phyllobacteriaceae","Mesorhizobium",8.93603712285136e-05,7.86983296279536e-05,0.000447928331466965,0,0,0,0,0.000150336377644981,0,5.87483660610689e-05,0,0,0,0,0,0,0,0,0,0,0,0,0,0,0,0.000307280746149953,0,0,0
"24","P2_D9",0.195862886473503,-0.542619272397364,-0.542619272397365,-0.542619272397364,0,0,0,0,"Bacteria","Actinobacteria","Actinomycetia","Micrococcales","Intrasporangiaceae","Pedococcus",0,0,0,0,0.000153964588144727,4.69599314385001e-05,0,6.26401573520753e-05,0,0,9.48931661104873e-05,0,0,0,0,0,0,0,0,0,0,0,0,0,0,0,0,0,0
"25","P2_E10",-3.05639442203234,-2.56160929976493,-3.75877099282598,-3.28588820081136,-1,0,-1,-1,"Bacteria","Proteobacteria","Alphaproteobacteria","Rhizobiales","Phyllobacteriaceae","Mesorhizobium",0,0.00110177661479135,0.00307150855863062,0.0022409525720784,0.00241211188093405,0.000810058817314127,0,0.000125280314704151,0,0,0.000142339749165731,0,0.000418176749372735,0,0,0.000319374776907325,0.000846295269501269,0,0,0,0.00019828624035125,0,0,0.000265808204613249,0,0,0,0.000334029227557411,0
"26","P2_E3",0.166666666666663,0.294349732345359,0.167785245004819,Inf,0,0,0,1,"Bacteria","Actinobacteria","Actinomycetia","Micrococcales","Intrasporangiaceae","Terrabacter",0,0,0,0,0,0,0,0.000112752283233735,0,0,0,0,0,0,0.000191801841297676,0,0,0,0,0,0.000113306423057857,0,0,0.000236273959656221,0.000162723337781105,0.000216904056105849,0,0,0.000124227460480139
"27","P2_E4",NA,NA,NA,NA,NA,NA,NA,NA,"Bacteria","Actinobacteria","Actinomycetia","Micrococcales","Intrasporangiaceae","Phycicoccus",0,0,6.39897616381379e-05,0,0,0,0,0,0,0,0,0,0,0,0,0,0,0,0,0,0,0,0,0,0,0,0,0,0
"28","P2_F5",0.00750619386345313,-0.449091603960588,-0.0832787338773804,0.398157349219199,0,0,0,0,"Bacteria","Proteobacteria","Alphaproteobacteria","Rhizobiales","Phyllobacteriaceae","Mesorhizobium",0.000159572091479489,0,0.000223964165733483,0,0,0.000152619777175125,0,0.000175392440585811,9.26465138440362e-05,0,0,0,0.00032524858284546,0,0,0,0,0,0,0,0.000155796331704554,0.000161567498494485,6.75630024998311e-05,0.000147671224785138,0,0.000379582098185236,0.000224668613794653,0,0
"29","P2_G8",-1.87608366285221,-1.68350061684483,-1.61109359554848,-3.08295687880519,0,0,0,-1,"Bacteria","Proteobacteria","Alphaproteobacteria","Rhizobiales","Rhizobiaceae","Rhizobium",0.000242549579048823,0.00110177661479135,9.59846424572068e-05,0.000234129373202221,0.00220682576340775,0.000246539640052126,0,0.000137808346174566,6.61760813171687e-05,0.000176245098183207,0.000173970804535893,0.000267101526696095,0.000185856333054549,8.95110904241036e-05,0,0.000131507261079487,0.000262643359500394,0,0.000332679064506471,0.000246653362333789,0.000254939451880178,7.34397720429476e-05,0.000135126004999662,0,0,9.03766900441038e-05,0,0.000139178844815588,0
"30","P2_H11",0.363462358117817,-0.712833528235966,-0.0169659019528531,-0.778527928848822,0,0,0,-1,"Bacteria","Bacteroidota","Sphingobacteriia","Sphingobacteriales","Sphingobacteriaceae","Pedobacter",0.374968883442162,0.198004997343931,0.2432890737482,0.297277409860191,0.300692840646651,0.290681975604316,0.53729950296269,0.394094285964846,0.237386838900948,0.409020811608677,0.338578816682219,0.197149042651896,0.119017749279807,0.252546590522566,0.203967558088558,0.0992504086118469,0.191788017626288,0.38635300720232,0.155893409627732,0.36776016323968,0.276977551164932,0.316114154781664,0.214512532936964,0.182669305059216,0.116867901194389,0.152989660906659,0.13363289148506,0.172303409881698,0.232957545265381
"31","P2_H12",-1.05286371972341,-1.08272483683351,-0.900558294409898,-0.19595679831148,0,0,0,0,"Bacteria","Proteobacteria","Betaproteobacteria","Burkholderiales","Comamonadaceae","Variovorax",0.000255315346367182,0.000354142483325791,0.00140777475603903,0,0,0.000387419434367626,0,0,0,0,0.000158155276850812,0,0.000232320416318186,0.000232728835102669,0,0,0,0,0.000232875345154529,0,0.000495715600878125,0,0,0,0,0.000578410816282264,0,0.000501043841336117,0.000590080437280661
"32","P2_H2",1.19231437488272,0.986424427799481,0.00361840399199781,0.602882067309945,0,0,0,0,"Bacteria","Proteobacteria","Betaproteobacteria","Burkholderiales","Comamonadaceae","Rhizobacter",0,0.00177071241662896,0.00534314509678451,0,0,0.00278237593773113,0.00247433420875567,0.00254319038849426,0.00299115887553603,0.00327522140790459,0.00245140679118759,0.00295217476874631,0.00355450236966825,0.00157539519146422,0.00191801841297676,0.0012774991076293,0.00440657192050661,0.00240856795435413,0.00246182507734788,0,0.0019403724948658,0,0,0,0.00527223614410779,0.00146410237871448,0.00359469782071445,0.00320111343075852,0
"33","P2_H3",0.166666666666673,6.16822097313025e-15,0.70928936442776,6.14065630173201e-15,0,0,0,0,"Bacteria","Proteobacteria","Betaproteobacteria","Burkholderiales","Comamonadaceae","Rhizobacter",0,0,0,0,0,0,0,0,0,5.87483660610689e-05,0,0,0,0,0,0,0,0,0.000182973485478559,0,0,0,9.00840033331081e-05,0,0,0,0,0,0
"34","P2_H9",NA,NA,NA,NA,NA,NA,NA,NA,"Bacteria","Proteobacteria","Alphaproteobacteria","Rhizobiales","Phyllobacteriaceae","Mesorhizobium",0,0,0,0,0,0,0,0,0,0,0,0,0,0,0,0,0,0,0,0,0,0,0,0,0,0,0,0,0
"35","P3_A2",0.85956081728601,0.928780414474235,1.74869630627056,2.63092473375514,0,0,0,1,"Bacteria","Proteobacteria","Alphaproteobacteria","Rhizobiales","Phyllobacteriaceae","Mesorhizobium",0.000746797388124007,0,0.000287953927371621,0,0,0.000399159417227251,0,0.000400897007053282,0.000185293027688072,0.000396551470912215,0.000506096885922599,0.000435797227767312,0.000766657373850014,0.000143217744678566,0.000383603682595353,0.000432095286404028,0,0.000444298943036199,0.000748527895139559,0.000493306724667579,0.000580695418171518,0.000381886814623327,0.000472941017498818,0.000826958858796775,0.000878706024017965,0.00155447906875859,0.000674005841383959,0.00069589422407794,0.00127333146992143
"36","P3_C6",-1.1443580010935,-2.24405880893371,-1.98710429468916,-1.74112680083097,0,-1,-1,-1,"Bacteria","Proteobacteria","Alphaproteobacteria","Sphingomonadales","Sphingomonadaceae","Sphingomonas",0.000248932462708002,0.000767308713872548,0.000479923212286034,0.000167235266573015,0.000205286117526302,0.00021131969147325,0,0.000137808346174566,0.000132352162634337,0.000176245098183207,0.000253048442961299,0,0.000116160208159093,0.000125315526593745,0,0,0,0,0,0.000156961230576048,9.9143120175625e-05,0,0.000135126004999662,0.00038394518444136,0,0.000307280746149953,0,0,0
"37","P4_A5",NA,NA,NA,NA,NA,NA,NA,NA,"Bacteria","Proteobacteria","Alphaproteobacteria","Rhizobiales","Methylobacteriaceae","Microvirga",0,0,0,0,0,0,0,0,0,0,0,0,0,0,0,0,0,0,0,0,0,0,0,0,0,0,0,0,0
"38","P4_A8",0.265894347940318,-0.131413048478446,-0.192296913006306,0.0977124225193843,0,0,0,0,"Bacteria","Proteobacteria","Gammaproteobacteria","Enterobacterales","Yersiniaceae","Rahnella",0.0776477797139192,0.0607551104727802,0.00559910414333707,0.00190648203893237,0.00959712599435463,0.0161307364491248,0.00766175417272589,0.0180528933488681,0.0172190163587273,0.0364680482324085,0.0142814214996283,0.0117243512244496,0.0230694173403959,0.0154138097710306,0.0095626918018413,0.00935580228822634,0.0102722736160154,0.0123702179403236,0.0313882697361855,0.00683902504652779,0.0167268607039162,0.00843088583053038,0.00794991329414679,0.0204376975102631,0.0142220197220685,0.023696768129564,0.0188721635587508,0.0072651356993737,0.0105282772756918
"39","P4_B10",-0.942670419360697,-1.05995045558299,-1.25961872573,-1.22470059817415,0,0,-1,-1,"Bacteria","Proteobacteria","Betaproteobacteria","Burkholderiales","Comamonadaceae","Variovorax",0.00999559581027517,0.00918802998406359,0.00806270996640538,0.00946551608803264,0.00718501411342058,0.00608131112128576,0.00180148894146246,0.00537452550080806,0.00346762666101964,0.00662387827338552,0.00643691976782805,0.00611521916383164,0.00780596598829105,0.00499471884566498,0.00221942130644454,0.0037197768133912,0.00271398138150407,0.00820783836872135,0.00640407199174956,0.00289257124918716,0.00348417250902911,0.00257039202150317,0.00171159606332905,0.00212646563690599,0.0051420574738829,0.00401272503795821,0.00467310716692878,0.00528879610299234,0.00248454920960278
"40","P4_B11",Inf,0.166666666666671,0.242482310651709,Inf,1,0,0,1,"Bacteria","Proteobacteria","Betaproteobacteria","Burkholderiales","Comamonadaceae","Variovorax",0,0,0,0,0,0.000375679451508001,0,0,0,0,0.000268863970646381,0,9.29281665272744e-05,0,0,0,0,0,0,0,0.000127469725940089,0,0,0,0,0.000542260140264623,0,0.000222686151704941,0
"41","P4_B2",-1.3236186049406,-1.6319124451857,-1.54796683429482,-0.781316756335013,-1,-1,-1,0,"Bacteria","Proteobacteria","Gammaproteobacteria","Xanthomonadales","Xanthomonadaceae","Pseudoxanthomonas",0.00922964977117362,0.00999468786275011,0.00902255639097744,0.00919793966151582,0.00795483705414421,0.00642177062421489,0.00180148894146246,0.00448503526640859,0.00312351103817036,0.00412707271579009,0.00335289186923722,0.00452666797874434,0.00422823157699099,0.00182602624465171,0.00257562472599737,0.00263014522158973,0.00262643359500394,0.00313347675615003,0.00485711434179447,0.00365495436912797,0.00494299270589902,0.00226194497892279,0.00141882305249645,0.00392805457928468,0.00647638884368796,0.00639866965512255,0.00359469782071445,0.00740431454418928,0.00493804155408553
"42","P4_B4",0.267725292975996,0.286923765943871,0.508159787085937,0.106779202211516,0,0,0,0,"Bacteria","Proteobacteria","Gammaproteobacteria","Pseudomonadales","Pseudomonadaceae","Pseudomonas",0.00764031174003791,0.00893226041277274,0.00166373380259159,0.00127098802595491,0.00128303823453939,0.00343981497787013,0.00195342174375448,0.00291903133260671,0.00366615490497115,0.00374520833639314,0.00594663840959054,0.000534203053392189,0.00246259641297277,0.0066596251275533,0.00649386234107847,0.00546694471059009,0.00557387574050836,0.0029464035169769,0.00412522039988024,0.00311680157858152,0.00852630833510375,0.00362792473892161,0.00371596513749071,0.00788564340352639,0.00182250138314837,0.0033077868556142,0.0038193664345091,0.00264439805149617,0.00170812758160191
"43","P4_B5",0.0235994438110719,-0.609596786325131,-1.16297027908827,1.08308601297651,0,0,0,0,"Bacteria","Proteobacteria","Alphaproteobacteria","Rhodospirillales","Azospirillaceae","Azospirillum",0.000689351435191391,0.000649261219430618,0.00159974404095345,0.00120409391932571,0.000513215293815756,0.000363939468648376,0.000260456232500597,0.000526177321757432,0.00160146116787548,0.00390676634306108,0.00132850432554682,0.00022492760142829,0.00144038658117275,0.000716088723392828,0.00167141604559404,0.000657536305397434,0.000116730382000175,0.000280609858759704,0.000249509298379853,0.000224230329394354,0.000325755966291339,0.00060220613075217,0.000968403035830912,0.000738356123925692,0.00100888469424285,0.00442845781216109,0.00458323972141092,0.0011134307585247,0.00201869623280226
"44","P4_B8",NA,NA,NA,NA,NA,NA,NA,NA,"Bacteria","Firmicutes","Bacilli","Bacillales","Planococcaceae","Paenisporosarcina",0,0,0,0,0,0,0,0,0,0,0,0,0,0,0,0,0,0,0,0,0,0,0,0,0.000130178670224884,0,0,0,0
"45","P4_C7",-0.57427830493146,-1.44479747821399,-0.624734453102075,-0.692317298212627,0,0,0,0,"Bacteria","Proteobacteria","Gammaproteobacteria","Pseudomonadales","Pseudomonadaceae","Pseudomonas",0.0431546764197129,0.0302201585771342,0.00479923212286034,0.0431466987758378,0.00528611752630228,0.0110121039223283,0.0067501573589738,0.00888237431252427,0.0160278468950183,0.0133065049128321,0.0158313432127663,0.0015885511850873,0.00383328686925007,0.0114753217923701,0.0139193336256028,0.0089424937534051,0.00685790994251029,0.0154101580768871,0.00823380684653515,0.00838621431934884,0.0272501947454146,0.0075642965204236,0.00824268630497939,0.0179272866889158,0.00533732547922023,0.0075735666256959,0.02394967423051,0.00517745302713987,0.015186807043697
"46","P4_C9",0.372514352161213,-0.311903474162656,0.466093145489697,-0.209069766198247,0,0,0,0,"Bacteria","Proteobacteria","Gammaproteobacteria","Pseudomonadales","Pseudomonadaceae","Pseudomonas",0.00170422993700094,0.00173136325181498,0.00175971844504879,0,0,0.00156141772033013,0.000477503092917761,0.00121521905263026,0.000966170787230663,0.000719667484248094,0.00118616457638109,0.000407681277588776,0.000650497165690921,0.00153959075529458,0.00063020604997808,0.000826617069642488,0,0.00123936020952203,0.00116437672577265,0.000605421889364755,0.00293180369662205,0.000455326586666275,0.000945882034997635,0.00088602734871083,0.000618348683568197,0.000741088858361651,0,0.000862908837856646,0.000931705953601044
"47","P4_D3",NA,NA,NA,NA,NA,NA,NA,NA,"Bacteria","Firmicutes","Bacilli","Bacillales","Bacillaceae","Bacillus",3.19144182958977e-05,0,0,0,0,0,0,0,0,0,0,0,0,0,0,0,0,0,0,0,0,0,0,0,0,0,0,0,0
"48","P4_D7",0.204174090490321,1.24265856246982,-0.454891074697233,0.240353344174548,0,0,0,0,"Bacteria","Proteobacteria","Gammaproteobacteria","Pseudomonadales","Pseudomonadaceae","Pseudomonas",0.00163401821674996,0.00125917327404726,0.00111982082866741,0.000234129373202221,0.00379779317423659,0.000622219091560126,0.000911596813752089,0.00105235464351486,0.00116469903118217,0.00810727451642751,0.000980562716475035,0.0012792757331234,0.00894433602825016,0.0107055264147228,0.00241122314774222,0.00114599184654981,0.00122566901100184,0.000420914788139557,0.000565554409661,0.000627844922304191,0.00303094681679768,0.00205631361720253,0.00038285701416571,0.00076789036888272,0.00364500276629674,0.000289205408141132,0.00624578746349135,0.00136395267919276,0.000931705953601044
"49","P4_D8",NA,NA,NA,NA,NA,NA,NA,NA,"Bacteria","Proteobacteria","Alphaproteobacteria","Rhizobiales","Phyllobacteriaceae","Aminobacter",0,0,0,0,0,0,0,0,0,0,0,0,0,0,0,0,0,0,0,0,0,0,0,2.95342449570277e-05,0,5.42260140264623e-05,0,0,0
"50","P4_E4",-0.0662042532754559,-0.232870919942123,0.114909366011752,0.384895075163003,0,0,0,0,"Bacteria","Actinobacteria","Actinomycetia","Corynebacteriales","Nocardiaceae","Rhodococcus",7.0211720250975e-05,0,0,0,0,0,0,6.26401573520753e-05,0,0,0,0,0,0,0,0,0,0,0.000133071625802588,0,0,0,0,8.8602734871083e-05,0,0.000144602704070566,0,0,0
"51","P4_E5",0.0826983042440362,-0.875238496781512,-0.67490690139861,-0.101622656560813,0,0,0,0,"Bacteria","Proteobacteria","Alphaproteobacteria","Caulobacterales","Caulobacteraceae","Caulobacter",0.00573182952594323,0.00928640289609853,0.00774276115821469,0.00946551608803264,0.0044136515268155,0.0108712241280128,0.00392854817355067,0.00809310832988813,0.00606172904865265,0.00985503840674431,0.00827152097929747,0.00195405853740827,0.00355450236966825,0.00660591847329884,0.0068500657606313,0.0033628285333183,0.00300580733650451,0.00495744083808811,0.00545593665790612,0.00426037625849272,0.00363996884073366,0.00418606700644801,0.00416638515415625,0.00528662984730795,0.0051420574738829,0.0108994288193189,0.00458323972141092,0.00940848990953375,0.00621137302400696
"52","P4_F10",0.205635829301503,-1.05637181101395,0.181235423030368,1.31242977279424,0,0,0,0,"Bacteria","Actinobacteria","Actinomycetia","Micrococcales","Micrococcaceae","Arthrobacter",0.00106594157108298,0.00570562889802664,0.00447928331466965,0.000702388119606663,0.000872465999486785,0.00314631540637951,0.000933301499793806,0.00548727778404179,0.00186616549314416,0.00204150572062215,0.00112290246564077,0.000801304580088284,0.00418176749372735,0.000554968760629442,0.000657606313020605,0.000507242292735163,0.000583651910000875,0.0011692077448321,0.00560564223693403,0.00163688140457878,0.00416401104737625,0.00091065317333255,0.00153142805666284,0.00821052009805369,0.00247339473427279,0.00815197744197817,0.00260615592001797,0.0088517745302714,0.00180129817696202
"53","P4_F5",NA,NA,NA,NA,NA,NA,NA,NA,"Bacteria","Actinobacteria","Actinomycetia","Corynebacteriales","Nocardiaceae","Rhodococcus",0,0,0,0,0,0,0,0,0,0,0,0,0,0,0,0,0,0,0,0,0,0,0,0,0,0,0,0,0
"54","P4_G1",-0.485764817873421,-1.02008387661011,-0.50034060702072,0.301223717210087,0,-1,0,0,"Bacteria","Proteobacteria","Alphaproteobacteria","Rhizobiales","Nitrobacteraceae","Tardiphaga",0.00372122117330167,0.00602042221653845,0.00348744200927852,0.00458224630410061,0.00200153964588145,0.00265323612627526,0.00180148894146246,0.00319464802495584,0.00221028111599344,0.0035836503297252,0.00292587262174002,0.00112463800714145,0.00209088374686367,0.00252421274995972,0.00238382288469969,0.00152172687820549,0.00178013832550267,0.00194088485642129,0.00384244319504974,0.00186111173397314,0.00348417250902911,0.00240882452300868,0.00286016710582618,0.00440060249859712,0.00393790477430273,0.00858578555418986,0.00283082453381263,0.00590118302018093,0.00375788067952421
"55","P4_G10",-0.0931293508784531,-0.221841011136335,-0.388507677803002,0.185536806019512,0,0,0,0,"Bacteria","Actinobacteria","Actinomycetia","Propionibacteriales","Nocardioidaceae","Nocardioides",4.46801856142568e-05,0,0,0,0,0,0,0,3.97056487903012e-05,0,0,0,2.32320416318186e-05,0,0,0,0,0,0,0,0,0,0,0,0,0.000126527366061745,0,0,0
"56","P4_G3",-2.02418729899664,-3.70074324095928,-2.65349019389485,-1.85650816669609,-1,-1,-1,-1,"Bacteria","Proteobacteria","Alphaproteobacteria","Sphingomonadales","Sphingomonadaceae","Sphingomonas",0.00624884310233677,0.0106636236645877,0.00543912973924172,0.00528463442370727,0.00656915576084167,0.00349851489216826,0.000889892127710373,0.00206712519261848,0.00119116946370904,0.00164495424970993,0.00145502854702747,0.000477971153035117,0.00113837003995911,0.000447555452120518,0.000246602367382727,0.000338161528490109,0.000846295269501269,0.00151997006828173,0.00181310090156026,0.000650267955243626,0.002379434884215,0.000734397720429476,0.000427899015832264,0.00147671224785138,0.00178995671559215,0.00455498517822283,0.00139294540552685,0.00228253305497564,0.000962762818721078
"57","P4_G7",NA,NA,NA,NA,NA,NA,NA,NA,"Bacteria","Proteobacteria","Alphaproteobacteria","Rhizobiales","Methylobacteriaceae","Microvirga",0,0,0,0,0,0,0,0,7.94112975806025e-05,0,0,0,0,0,0,0,0,0,0,0,0,0,0,0,0,0,0,0,0
"58","P4_H10",0.181835243454386,1.09173189348156,1.30702780125068,1.05096066545848,0,0,0,0,"Bacteria","Proteobacteria","Alphaproteobacteria","Caulobacterales","Caulobacteraceae","Asticcacaulis",0.0548608850506482,0.0563873531784288,0.0267477203647416,0.0858920329119005,0.0579420066717988,0.0500123269820026,0.0791135806220563,0.0391375703135766,0.0458203187040076,0.0683243497290232,0.0955890493286309,0.0417943599403942,0.0370783384443825,0.21765516747525,0.21473586146427,0.155197354825377,0.181282283246272,0.0883687213544102,0.0901726604344789,0.14693813485212,0.0937610650803767,0.160230894643303,0.283877215503457,0.3259103931008,0.075275816057539,0.113766177427518,0.125005616715345,0.0420320111343076,0.117363893288611
"59","P4_H11",NA,Inf,NA,NA,NA,1,NA,NA,"Bacteria","Proteobacteria","Alphaproteobacteria","Rhizobiales","Alsobacteraceae","Alsobacter",0,0,0,0,0,0,0,0,0,0,0,0,0.000743425332218195,0.000161119962763386,0,0,0,0,0,0,0,0,0,0,0,0,0,0,0
"60","P4_H6",0.0667435675782344,-0.390301795730327,-0.0660254110308725,-0.390301795730328,0,0,0,0,"Bacteria","Actinobacteria","Actinomycetia","Corynebacteriales","Mycobacteriaceae","Mycobacterium",0,0,0.000127979523276276,0,0,0,0,0,6.61760813171687e-05,0,0.000110708693795568,0,0,0,0,0,0,0,0,0,0.000127469725940089,0,0,0,0,0,0,0,0
"61","P4_H7",NA,NA,NA,NA,NA,NA,NA,NA,"Bacteria","Proteobacteria","Betaproteobacteria","Burkholderiales","Comamonadaceae","Ramlibacter",0,0,0,0,0,0,0,0,0,0,0,0,0,0,0,0,0,0,0,0,0,0,0,0,0,0,0,0,0
"62","P5_A1",-0.0779205036098846,0.802219083578713,0.273468087195768,0.104166636606441,0,0,0,0,"Bacteria","Proteobacteria","Betaproteobacteria","Burkholderiales","Comamonadaceae","Rhizobacter",0.122883276206525,0.238377240443072,0.27662773956167,0.255067228577162,0.359815242494226,0.233320419352188,0.18260152366896,0.206612295010085,0.41778283657155,0.157240001762451,0.22015214537633,0.524657688306576,0.489127404516309,0.274333589931793,0.350723366944323,0.507035638467753,0.395103160475093,0.235221214105322,0.367809973718354,0.277485032625513,0.289851993484881,0.279423644669007,0.282413350449294,0.122980596001063,0.363068311257201,0.223808835225219,0.335250505504381,0.321363952679193,0.252181744774682
"63","P5_A10",-0.411166433954807,-1.2654356049542,-0.795700461455328,-0.135291328835747,0,0,0,0,"Bacteria","Proteobacteria","Gammaproteobacteria","Xanthomonadales","Xanthomonadaceae","Stenotrophomonas",0.0203805475237603,0.0157396659255907,0.0220444728843385,0.00505050505050505,0.00985373364126251,0.00765446882447552,0.00792221040522649,0.0132546572956991,0.0120175763671978,0.00729948448308781,0.0116085973208496,0.0144515983917676,0.00908372827804107,0.00483359888290159,0.0031510302498904,0.0062747750286498,0.0018676861120028,0.0210691235618745,0.0152866030140723,0.0043724914231899,0.00543870830677714,0.0057429901737585,0.00376100713915726,0.0122567116571665,0.0118788036580206,0.00735666256959005,0.0101999550662772,0.0139178844815588,0.016957048355539
"64","P5_A4",NA,NA,NA,NA,NA,NA,NA,NA,"Bacteria","Bacteroidota","Sphingobacteriia","Sphingobacteriales","Sphingobacteriaceae","Mucilaginibacter",3.19144182958977e-05,0,0,0,0,0,0,0,0,0,0,0,0,0,0,0,0,0,0,0,0,0,0,0,0,0,0,0,0
"65","P5_A5",1.25081901115605,-0.172983405004654,-0.00969875986080098,1.20191384922605,0,0,0,0,"Bacteria","Proteobacteria","Alphaproteobacteria","Rhizobiales","Boseaceae","Bosea",0,0,0,0,0.000205286117526302,0.000352199485788751,0,0.000488593227346187,0.000224998676478374,0.000308428921820612,0,0.000126521775803413,0,0,0,0,0,0,0.000249509298379853,0,0,0,0,0,0,0.000524184802255802,0,0.000473208072372999,0.000621137302400696
"66","P5_A6",NA,NA,NA,NA,NA,NA,NA,NA,"Bacteria","Bacteroidota","Sphingobacteriia","Sphingobacteriales","Sphingobacteriaceae","Mucilaginibacter",0,0,0,0,0,0,0,0,0,0,0,0,0,0,0,0,0,0,0,0,0,0,0,0,0,0,0,0,0
"67","P5_B10",-0.017635421990245,0.294069179852491,1.1873461852109,0.749177962000078,0,0,0,0,"Bacteria","Proteobacteria","Betaproteobacteria","Burkholderiales","Comamonadaceae","Pelomonas",0.000759563155442366,0,0,0,0,0.000457859331525376,0,0.000413425038523697,0,0,0,0.000702898754463407,0,0.000984621994665139,0,0,0,0.00100551866055561,0.000815063708040853,0,0,0.000793149538063834,0.00186924306916199,0.00141764375793733,0,0.000596486154291085,0.00112334306897326,0,0
"68","P5_B3=P4_C1",NA,NA,NA,NA,NA,NA,NA,NA,"Bacteria","Proteobacteria","Gammaproteobacteria","Pseudomonadales","Pseudomonadaceae","Pseudomonas",0.00332548238643254,0.00493832018415409,0.000415933450647896,0,0,0.00179621737752263,0.00138909990666985,0.00179150850026935,0.00493673566626079,0.00384801797700001,0.00335289186923722,0.000463913177945849,0.000929281665272744,0.00814550922859342,0.00723366944322665,0.00343797553964944,0.00338518107800508,0.00198765316621457,0.00259489670315047,0.00262349485391394,0.00845549182069259,0.00251164020386881,0.00222957908249443,0.00552290380696418,0.000943795359130406,0.00146410237871448,0.00076387328690182,0.0020598469032707,0.00102487654896115
"69","P5_C1",-0.940650350783296,-3.04077083476732,-2.58659471852834,-0.431461390320389,0,-1,-1,0,"Bacteria","Proteobacteria","Alphaproteobacteria","Rhizobiales","Phyllobacteriaceae","Mesorhizobium",0.0005616937620078,0.00100340370275641,0.00102383618621021,0.000501705799719045,0.000975109058249936,0.000657439040139001,0.000347274976667463,0.000538705353227847,0.000158822595161205,0.000675606209702293,0.000332126081386705,0.00015463772598195,0.000348480624477279,0.000143217744678566,0,0,0,0,0.000299411158055824,0,0.000580695418171518,0.000146879544085895,9.00840033331081e-05,0.000265808204613249,0.000455625345787093,0.00186175981490854,0.000718939564142889,0.000556715379262352,0.000403739246560452
"70","P5_C5",1.56385406841102,-0.00226688279537507,-0.655055213084983,2.29946435669537,0,0,0,1,"Bacteria","Actinobacteria","Actinomycetia","Micrococcales","Cellulomonadaceae","Cellulomonas",0.000242549579048823,0.000590237472209652,0.000319948808190689,0.000401364639775236,0,0.000798318834454502,0.000455798406876045,0.000876962202929054,0.000701466461961989,0.000646232026671758,0.00120198010406617,0.000646666854106335,0.000627265124059102,0.000196924398933028,0.000219202104340202,0,0.000262643359500394,0,0.000815063708040853,0.000112115164697177,0.000311592663409107,0.000190943407311664,0,0.000324876694527304,0.00185504605070459,0.00144602704070566,0.00076387328690182,0.00448155880306193,0.00124227460480139
"71","P5_D10",-1.13998443183763,-1.12947565140636,-1.11896063386497,-0.464554378637546,0,0,0,0,"Bacteria","Actinobacteria","Actinomycetia","Propionibacteriales","Nocardioidaceae","Aeromicrobium",7.0211720250975e-05,0.000196745824069884,0.000191969284914414,0,0.000205286117526302,9.39198628770002e-05,0,8.76962202929054e-05,0,7.34354575763362e-05,0,0.000126521775803413,6.96961248954558e-05,7.16088723392828e-05,0,0,0,0,9.98037193519412e-05,0,0,5.87518176343581e-05,0.000112605004166385,0,0,9.03766900441038e-05,8.98674455178612e-05,0.000167014613778706,0.000217398055840243
"72","P5_D12",-0.226558948482426,-0.966842243087213,-1.01524436316227,-0.483175466832652,0,0,0,0,"Bacteria","Proteobacteria","Alphaproteobacteria","Rhizobiales","Phyllobacteriaceae","Phyllobacterium",0.000102126138546873,0.000196745824069884,0.000287953927371621,0,0,0.00011739982859625,0,0.000112752283233735,7.94112975806025e-05,8.81225490916034e-05,9.48931661104873e-05,0,0.00016262429142273,0,0,0,0,0,0.000133071625802588,0,0,0,0,0,0,0.000144602704070566,0,0.000334029227557411,0
"73","P5_D2",NA,NA,NA,NA,NA,NA,NA,NA,"Bacteria","Proteobacteria","Alphaproteobacteria","Rhizobiales","Methylobacteriaceae","Microvirga",0,0,0,0,0,0,0,7.51681888224903e-05,0,0,0,0,0,0,0,0,0,0,0,0,0,0,0,0,0,0,0,0,0
"74","P5_D4=P4_F1",NA,NA,NA,NA,NA,NA,NA,NA,"Bacteria","Firmicutes","Bacilli","Bacillales","Paenibacillaceae","Paenibacillus",0.000114891905865232,0,0.000191969284914414,0,0.000410572235052605,0,0,0,5.2940865053735e-05,0,0,0,0.000185856333054549,0.000125315526593745,0,0,0,0,0,0.000201807296454919,0.000169959634586786,0,0,5.90684899140553e-05,0,0.000343431422167595,0.000359469782071445,0,0
"75","P5_E7",-0.596970879304159,1.10507578316353,0.616075411643689,0.496733467449277,0,0,0,0,"Bacteria","Proteobacteria","Betaproteobacteria","Burkholderiales","Comamonadaceae","Pelomonas",0.000536162227371082,0.000727959549058571,0.000383938569828827,0.00301023479831427,0,0.000586999142981251,0,0.000350784881171621,0,0.000749041667278629,0.000838222967309304,0.000590434953749262,0.000789889415481833,0.00245260387762044,0.00383603682595353,0.000695109808563001,0.00154667756150232,0.000654756337105977,0.000582188362886324,0.00116599771285064,0.000651511932582678,0.00110159658064421,0.00193680607166182,0.00126997253315219,0,0.0009579929144675,0.0016176140193215,0.000779401530967293,0.00139755893040157
