Feature,Lfc_symrk,Lfc_ccamk,Lfc_nsp1,Lfc_nsp2
Feature75,-0.231737900206421,0.118750202410269,-0.795119991126475,-0.094468433453098
Feature163,0.29889654931439,0.596760039446955,-0.174926914197113,0.523470948065542
Feature169,-0.347319763714291,-0.131062859362092,0.30511968721866,0.302937372937559
Feature215,-1.97010983382626,-0.0780263473156153,-2.41599521614644,-2.33998053064738
Feature232,0.0373999720702538,-0.0744436916386043,0.113227761595037,0.0466985247546289
Feature250,-0.562114490814783,-4.59369201714544,-1.53662493556362,-3.64184073652708
Feature264,-0.130743391224545,-0.147459893934654,0.606644858761359,0.523821873006694
Feature265,0.0615256053340214,0.660915157110013,0.124633648843492,0.976341516832281
Feature273,-0.934502341245219,-0.376527420247858,-0.46157893840541,-0.325445723401579
Feature281,-0.713697753144363,-3.71383873809272,-1.59059651512266,-0.958817146090975
Feature282,-0.733124780765149,-3.30451633038437,-3.30227308563678,-1.57522560263669
Feature287,-0.431764052965939,0.159016756287204,0.0856040128109182,0.0856556538375227
Feature288,-0.436701173515582,-0.182451983866304,0.162354956509274,0.19948444011282
Feature333,-0.85360973076596,0.375602533321413,0.654337945309364,0.433286842538837
Feature336,0.269607702783838,0.341293995041066,1.49269784670555,1.59908081403751
Feature352,-0.185733981038712,-19.414369943911,-6.4236292659932,-3.59317602247487
Feature358,-0.255460392890474,0.092014552413594,-0.0769723661145733,0.566800584610129
Feature359,-1.82743792062403,-6.37092282230612,-2.42633317729478,-2.05433731114603
Feature374,-2.60259459425518,-0.676451822159306,0.376565547954461,-0.512790152496077
Feature384,-0.29971554240326,-0.0371329945324725,-0.523955367142557,0.843098844467111
Feature397,-0.342371731838623,-0.278224869368031,-0.143284090969405,0.044264367063027
Feature400,-0.1991477017024,0.346508812897964,-0.799696284336939,-0.68083305999729
Feature406,-0.326896105852787,-3.74082505864924,-3.17431181168944,-2.08908894806295
Feature410,-0.507146159627175,-0.9770493173988,-1.25136747900633,-0.323404748915841
Feature414,-0.453106818300573,-0.24640345648295,-0.310575567380487,0.115309788201321
Feature428,-0.137193286411442,-5.45191796864608,-10.6784612688585,1.4599376407104
Feature441,-0.303651320303258,0.0236114973567978,-0.563111777017129,0.320823038680964
Feature453,-0.970004042055487,-0.31746159377656,-0.100998489863013,-0.409473024373991
Feature454,-0.993585266326953,-0.400234979315094,-0.0695227221598671,-0.351587956483796
Feature455,-0.192540227448542,-1.53588459353666,-1.54887024336464,-1.63243449998252
Feature472,0.771548054902087,0.976117182413946,0.957403394067136,1.3368006888801
Feature481,6.2167637013147,3.43375544117954,6.06667127563234,7.09282362443436
Feature483,-0.0131218614546971,0.734365437220023,0.562729539616237,1.76142678879428
Feature488,-1.17590602050358,-5.39204717557336,-4.03204249841508,-5.38820199301678
Feature494,-0.404592042518776,-4.20572117473765,-3.25864083362248,0.643542049240046
Feature497,-0.414576430953218,-0.673477414244243,-0.866634622756453,-0.302190345714243
Feature507,0.27100652269269,0.0718017358341752,0.0735566094505122,-0.300092764397313
Feature513,0.440830689586469,-0.260373169103794,-1.63907150460521,-1.37382184575549
Feature514,-0.149088338891719,-2.42367387811531,-4.93616636755986,-0.939610695755837
Feature515,-0.66407578901636,-2.79621500772226,-1.50245357330498,-1.08200782234068
Feature516,-0.103912694215772,0.382867909700374,0.559626282080349,0.858777235989473
Feature519,-1.06963961737209,-15.6529360987366,-4.48026951220693,-4.46475711813808
Feature524,-0.454300618463354,0.364293268730773,-0.212426731455776,-0.825142515169146
Feature525,-0.295299977141778,-1.0489249384422,-0.310731899879143,-1.00120587672624
Feature531,0.666208599642805,-105.843328873301,-5.82888361137864,-11.2777895312611
Feature533,-0.166751832488393,0.522617744420956,0.383776527843141,1.06540532292057
Feature534,-0.29535710303957,-4.95915488276471,-2.7740663102008,-2.08073116713185
Feature536,-1.37365066966806,0.801071669234533,0.868588808274049,-0.189771151232611
Feature537,-0.903630514687209,-3.6900440333642,-1.52103976598162,1.09144069277133
Feature539,-1.93984770796413,-0.587279585746558,-0.0901361837107118,0.217540888721384
Feature551,0.473960153803382,-3.43154555335946,-1.95346471361249,-0.257438129411315
Feature567,0.0442533443740849,0.192550794701886,0.125899107960982,0.153811122279929
Feature573,-0.185563104245248,-2.50317384452382,-1.40933709824157,-0.531825111148287
Feature587,-0.169515346732855,0.607816601583965,0.971132978022723,1.26744022835813
Feature588,-0.113990374286852,0.999442587724038,-0.378674433134105,-0.0922965850282956
Feature591,-0.362411883166537,-0.175234417481807,0.0676263319971447,-0.034067415673318
Feature612,-8.27257223399019,2.59673495867714,2.2907002454041,2.156881278678
Feature625,-0.587373483774052,-2.56481152525082,-1.97399014441243,-1.19607583913959
Feature630,-0.171521999791794,-0.226881297676637,0.433933008949949,0.382170912648972
Feature631,-0.485570093191096,-3.33748854172295,0.883491187200942,0.109191883661302
Feature632,-0.0339887188841834,-0.411288535286655,-0.0450882182833034,0.0907140820927125
Feature635,-0.087025339809075,-0.747531395861996,-0.650155723473809,0.247517811552194
Feature647,0.974810000508718,0.689810977446041,-4.70899740453901,1.00995453841892
Feature650,-0.150518753139565,-0.304256054093896,0.251158975758583,0.685365913900839
Feature655,-1.31382160817983,-5.8548103053552,-4.27307813468791,-5.45286627171188
Feature656,-1.17973221420441,-0.548005020070359,-0.213427764524806,0.648127490204768
Feature665,-0.160679985979306,-3.67538338654421,-3.34638550502869,-1.36588843312842
Feature666,-0.312173078596215,-0.804967684163686,-0.786013479701458,-0.556152982469431
Feature668,-0.556175255225159,-0.650490962044545,-1.04734894160232,-0.642727611799125
Feature669,-0.506727254336618,-0.826792948451105,-0.970677624099382,-0.637209238167957
Feature677,0.38198639917421,-4.55738497310071,-18.7378200075487,-5.23551909956312
Feature684,0.950660204938866,1.90535299197095,2.71388657445913,3.92258631697936
Feature697,0.813565242594116,-0.448007085613955,0.418331768313415,0.365209725393121
Feature699,8.06608848591489,12.3616945987381,12.6378132789006,12.5271209941118
Feature701,-0.338030470590219,-0.0476609649815625,0.267311380141333,0.327384884209909
Feature702,-0.32242488988545,0.352875606159919,0.267686865200997,0.342554638665558
Feature703,-0.489576877175494,-0.358325808572587,-0.732308885030221,-0.514837706902615
Feature704,-0.403565235646634,-0.0238595636261622,0.138437576686922,-0.183353950301968
Feature714,-0.84364780138435,-0.54872380261763,-0.171417431193754,-0.236923804044328
Feature723,-4.4029866124513,-2.18139351642833,1.2971220838428,1.42130634117731
Feature731,-0.0394877392825778,-1.09879238897775,-0.513507795284639,0.456301649733811
Feature749,-1.01445296192231,-1.88307422024754,-1.07867071869567,0.647273886220912
Feature753,-0.327808270864597,-0.783164775639327,-3.17305894482947,-0.463488769268448
Feature764,0.14830592071192,-4.08031477505115,-5.62347401019157,-4.78891506914631
Feature767,4.12605351248891,5.12256450930043,6.05837967851136,-2.21125193350451
Feature784,0.0645753742687854,-0.0638192209175007,1.10493746946635,1.07040478892451
Feature795,0.163753818127141,0.319059428374266,2.14823534386171,1.46346098451161
Feature797,0.167286171412955,-1.40224089825647,0.160730865773541,-9.84102016423126
Feature800,3.38304563732468,-1.17385938384355,-0.566473878107052,0.381803208447943
Feature802,-5.10793319911507,0.551672659153501,-16.5933164824985,-9.45369254519301
Feature803,-0.2952698190293,0.0251347185639339,-0.685712328164631,0.0959567671115997
Feature804,-0.425818390237483,-0.22369021153472,-0.178690174954515,-0.160980481577896
Feature809,0.515857968092122,0.626967025605227,0.806808959618903,0.941921432912172
Feature810,-0.851614901600893,-0.849007953504588,-1.38474666388813,-0.77155759490221
Feature816,-1.2210189361491,-2.32146967792452,-1.68389550701289,-0.329783409394206
Feature817,0.00321849283434117,-0.471422099529629,-0.669638287992417,-0.374275430003407
Feature818,-0.614864747172376,-0.486146133198725,-0.319105132947842,-0.313431594872183
Feature822,-14.6035385053764,-3.76781640969643,-2.96630522681522,-1.31062621363556
Feature823,1.08127510387136,-4.43211395845604,-6.20565716584043,-30.288274173571
Feature824,-0.0799629698371779,0.962689335449888,1.20915710310382,1.3244218571013
Feature825,-0.428777153068072,-0.376545008158129,-0.552305718801879,-0.264728020004491
Feature833,-1.65594974199197,-0.98015211483152,-1.02479785127089,-0.0560606172768608
Feature834,-0.62019022760308,-4.49853440936347,-4.68266702306203,-5.66938243877547
Feature837,-0.187269282939816,-0.353738672455887,0.0760361314015638,0.191210510822432
Feature839,0.685077647279939,0.0957869515411672,0.575555392264496,-1.12815811241585
Feature840,-6.41269757364945,-4.21295953811464,-7.37401207780791,-9.786835641334
Feature841,0.217821475134781,0.045821805605151,0.279180196648957,1.06031635186639
Feature843,-3.15728801527922,-0.689697144782079,4.49920196264018,3.67898468367089
Feature844,-7.58320328354846,1.5619824987997,7.17599790548821,7.34141008151836
Feature845,-2.58409984748192,3.47555643060678,4.58231245053387,5.08193803700877
Feature853,0.0797519359718568,-10.3078343880599,-2.59127675414718,0.547285939187124
Feature855,-0.486772378570651,-0.291763435638081,-0.740263884641681,-0.520355260430151
Feature860,-0.625996034146517,-0.251721876551509,-0.870995264119816,-0.152338085503293
Feature871,-0.296236254974776,-0.925926896812014,0.00352516759308642,0.0440004328444726
Feature877,-0.947753669847593,-0.386421491607653,0.147152288819969,0.518038721783311
Feature879,-0.633776129008168,-0.421967036882091,-0.52847890502355,-0.264465252746706
Feature888,-0.103343887776067,0.196402795493682,-3.30288640102499,0.709027391120581
Feature891,-0.220975886475228,-0.497279922672544,-0.374556257809749,-0.289914616414261
Feature897,-0.0669186822783987,1.3581065265295,1.21472281655853,1.44354089593339
Feature898,-1.33179762370085,-1.26383456913163,-0.515699014285777,-0.975052201071007
Feature921,-2.8034996507094,-53.8635901264583,-29.5815060696528,-15.6227867630353
Feature923,-0.876402631045216,-0.558481852056679,-0.167482855628297,-0.359282159995755
Feature924,-0.855268684912938,-0.391856061202292,-0.0750214694951086,-0.264793383292191
Feature930,-0.505289182473224,-5.68045585261867,-4.15971909686403,-9.55648399580106
Feature933,-0.420143759942949,-1.17894074930307,-0.784104026794463,-0.575734436921298
Feature935,-0.584731814574253,-1.79772719868826,-1.64050853833888,-1.50256335544002
Feature937,-0.294514407867043,-4.14301837234266,-1.70337707994935,-1.0924529230511
Feature938,-0.00271612744680746,0.558637021003693,1.05344149427651,1.09185900554137
Feature942,-0.493292434729444,-0.348735643521555,-0.763466390664666,-0.54631865720562
Feature943,-0.334482665195911,1.4105751013073,1.22891964640437,1.31703516065866
Feature945,-1.1070924166874,4.79108569752912,3.10623857991342,2.99342504061749
Feature952,-0.983035122533056,1.81638439524119,2.5082282628197,2.36579749335971
Feature954,1.47274881597957,-4.64104396586155,2.13164941464658,-9.70547758104085
Feature966,-1.47866632745678,0.968311992912466,0.76162475157465,0.42081574170322
Feature969,-1.26323984718237,-0.114309993341181,0.577366975199515,1.1462135610426
Feature970,2.4247551720377,0.156409622780753,5.19566487061654,4.55484117962312
Feature978,0.0320231888772699,1.06418886833119,0.0043431617090203,-0.298295830351472
Feature979,-0.693869233380645,-0.36143796635711,0.626030816512429,-0.133579883675743
Feature987,-0.372973885269568,-1.4267348059193,-1.17926026618578,-1.21793870249112
Feature988,-1.49800018362647,-1.82264114366859,-0.348448183545283,-0.462076372341972
Feature990,-1.5126266925092,-2.055239173828,1.65905012670115,-0.511727635014728
Feature996,-1.53545996634535,0.96938743515161,0.68174476998646,-0.0434688507110791
Feature1001,0.086326721267809,-0.116814969396052,-0.0897897508133659,-0.43954180488893
Feature1004,-0.984204892353108,-0.749643501668801,0.268365050387258,-0.401460644254913
Feature1007,-0.061909818638861,0.827011661955743,0.688136072412012,-3.41555975502433
Feature1009,-0.714332536019039,0.363849469009597,0.370021364162657,-0.240819304499044
Feature1013,-4.22594664691877,-1.30515421978834,-0.515709073232943,-0.777574369568544
Feature1018,0.333716655846774,0.104324270963821,0.120365707468629,-0.263281188850145
Feature1025,-0.0216294906764543,-0.577355176670432,0.317130930486793,0.305746465612787
Feature1031,-2.86155175410994,0.70623102828268,-0.114549878817724,-0.155687423225129
Feature1034,-0.141386285767485,-0.340934678141054,-0.378538193400681,0.607644185952
Feature1036,-1.14513537809926,-0.109151998323757,-0.0322837194349947,0.418834267566277
Feature1081,-6.10440425053771,-0.193662054248551,3.20218120710213,2.27045178133515
Feature1083,-1.94780024710119,-10.2415095026907,-9.95271463434459,-95.6564648969718
Feature1087,-0.326479326683208,-5.28479100043883,-4.41058587098047,-6.63885064606218
Feature1090,1.91456147141454,2.58014479346418,3.17276296501207,3.19040306681309
Feature1093,3.38438166038446,-0.0116583110978713,0.278638444907152,1.32620111350973
Feature1116,-0.880054971412542,-0.076595770458527,-1.91180412808099,-3.47205262589716
Feature1120,0.981843828965989,1.89404935782282,1.85577991702334,2.14461338466282
Feature1126,-0.776649832608749,-4.27384702370728,-1.77401648534139,0.205401778820674
Feature1135,0.11363799704444,0.338758584033113,0.825301003736111,0.947546096624934
Feature1139,-0.777791675826739,-0.263319647343316,-0.360206108841199,-0.532764995147758
Feature1146,-0.71747092215079,-0.327025626345172,-0.315611123790005,-0.6506880482278
Feature1150,-0.677059939156439,-3.1042697595298,-12.1570315828894,-11.0808300597786
Feature1153,0.0624252055327466,0.130595266573065,2.66051562190252,-3.10623111886219
Feature1154,-0.354430838794092,0.198361431637936,0.952287549710928,1.28241382674966
Feature1156,-2.67372797282507,2.80842092490109,4.70282025039936,4.42958189269174
Feature1157,-3.40067583841445,-0.274588722068982,0.379902383250504,0.350131728150201
Feature1169,-0.461618652029515,-0.27004161466289,-0.0378248234857392,0.27947859025115
Feature1175,-0.394168534532489,1.01696742917707,0.946427438577438,1.121557125224
Feature1176,-1.80082887269369,0.0798833246235538,0.255643873464505,-0.0470765505600566
Feature1179,-0.225439582550019,0.604777013660434,0.894990938021766,1.11855772758704
Feature1184,-1.23320047251208,-2.05107459661124,-2.41518419495653,-2.61452907100108
Feature1190,-3.25864521079398,-2.94708666366447,-1.96655096398953,-0.182159949545582
Feature1197,-0.857599616591531,-1.83588484652858,-1.14559447879321,-1.18700701002806
Feature1199,0.744571066263349,0.21201329898078,0.165393112071598,0.93159431647754
Feature1207,-0.95012313878916,-0.634555542739003,-0.259320450536482,-0.128691579892364
Feature1238,-0.431627867306828,-6.02082729470439,-19.7041461861614,-8.73695547169821
Feature1240,4.77444175586108,0.7528381378648,-3.92981186199354,0.987492032933205
Feature1241,-1.21192777930074,-4.04197140764512,-21.7431261674962,0.535718086172074
Feature1243,3.62169067305033,3.15266831411209,2.97125193677876,4.10466532214421
Feature1252,-4.15023939370943,-3.38915546109016,-1.28863710571994,0.8070724354702
Feature1255,2.31837289301519,3.95605533005868,2.98108344858171,2.64521448274224
Feature1263,-0.224219150875789,0.211562191809484,1.08170393169378,0.902991175664318
Feature1264,-0.515032164455163,-0.666809374287159,-0.420862927700302,-0.30598146888707
Feature1267,-0.71127747354285,-3.51876610725244,-4.11316836726512,-6.60930862086109
Feature1268,-0.398442887192067,-2.99982348776998,-0.633540225014301,-0.154649214280548
Feature1272,-0.931258325355134,-1.16817037512381,-0.698381050040263,-1.42537798813988
Feature1273,-0.872080190236486,-4.54561491638725,-4.57667637397517,-11.6019127182622
Feature1275,-1.89104648430958,1.15508427681567,0.145635870998266,0.954720303786478
Feature1277,-0.150148734682809,0.0203764508045972,0.338284781738817,0.366602331552679
Feature1279,-1.34334043784437,-7.03269359188126,-4.63557928062794,-13.9103704100518
Feature1282,-1.47177827447704,-9.80014659059907,-4.37417294633059,-22.725373288743
Feature1286,-1.4233094824409,-3.91424420830422,-2.14703933823516,-3.33867363987459
Feature1289,-0.420531298447376,-1.30677585759157,-1.14424300186596,-0.432417778370924
Feature1291,-0.0033501802225225,-3.21324383498351,3.29009855223194,-0.0146164854659454
Feature1293,-0.472071125496228,-0.463092587519592,-0.355106628020208,-0.107034862410507
Feature1298,0.0268595869726697,0.188665906840955,1.21806433837775,0.963550361826799
Feature1305,-2.07906563940493,-5.48984656214151,1.89391077004536,1.08075575893199
Feature1310,0.840305232963095,-0.0985868515851247,-5.94707758899156,-0.00121892268107721
Feature1311,-0.0432381762017846,-5.96224598128798,-7.60320506407324,-21.5715190436626
Feature1314,-0.0531997476104658,0.24114466347731,0.533101158762029,0.83523804125813
Feature1333,-1.27693485795957,-6.08793429556623,-0.427423040661692,-7.54301011487342
Feature1338,-0.831429632855769,-0.422645412120881,-0.753608119024377,-0.474433260013741
Feature1339,-0.48472631592979,0.523728991921152,-3.67794865498821,-0.826958539928595
Feature1340,0.171004887881922,1.21323245419005,1.22890932561325,1.76889617354332
Feature1341,0.0751366388090253,1.12240122928808,1.42235016541339,1.29516042377479
Feature1346,-7.95364347068717,1.3808021286254,0.355641231739958,0.628759023507452
Feature1349,0.506357131417188,0.173772073744008,0.913005397817299,1.21818203344245
Feature1357,-0.683451801325177,-0.704099343095556,-0.627901895933682,-0.689203013927405
Feature1359,-0.666073289096853,-0.610011414180754,-1.2487035926512,-0.220953645108577
Feature1363,1.286564331113,2.46246567366356,1.11388840517728,-0.719502477556153
Feature1367,0.33483928593281,0.250463696686392,0.120407297790426,-0.209723513182377
Feature1383,0.712622370425235,-0.196394328267413,-0.208133967409488,0.0516802588073539
Feature1384,-0.487410673662781,0.211496409579047,0.174190773835676,0.631604289627622
Feature1388,-1.46836045420722,-3.07136926705582,-3.39572498154718,-3.30089184090476
Feature1389,-1.22725525407022,0.282065732469949,-0.902419334972725,-0.272858971882847
Feature1390,-1.38602861166627,-1.37748416573089,-1.90758800668652,-1.7218785046509
Feature1397,-0.900735061218014,-0.764532324234771,-1.18669600599459,-0.750812343254896
Feature1400,-0.519144566173438,-0.623687757716109,0.911547200614485,-0.0895162416607718
Feature1403,-1.48161344751494,0.882795992836043,0.625036300149902,0.631598386370253
Feature1407,0.406353696041544,1.26463841350205,1.53032366667813,1.55252087361956
Feature1408,-0.144610013780472,2.4966476575132,2.13339048179456,2.59247389873664
Feature1421,0.357668818858322,-8.38526820745782,-6.29446358162206,-6.62925451961114
Feature1422,0.372003854617897,-0.419455670790265,-0.198052204694476,0.00380228175857677
Feature1429,-0.579677077282988,0.30622828245509,0.495457935520478,0.337797161036616
Feature1430,0.24011652490702,1.05914398212777,1.41920881516027,1.47620059541142
Feature1436,1.55138371232533,1.61182811173163,1.68832604931504,1.7167176816314
Feature1453,-0.540847433820433,-0.808456142449859,-0.85827626514126,0.112952245449299
Feature1454,0.115115062511239,0.674898060278993,0.720930884875212,0.908450707631533
Feature1455,-0.896854517637074,-1.65991507323539,-5.14438865133859,-1.66144051019151
Feature1459,0.968034318311444,-0.0654335958897265,0.528174920399373,1.02332551050492
Feature1462,-0.959656365678216,-2.10636788303286,-1.97074281766075,-1.88831309453085
Feature1463,0.411525416747648,0.426243857305689,0.275462735188056,0.785689397647923
Feature1464,-0.903457226073078,-0.385298800630948,-0.579047828901495,-0.847981004433494
Feature1465,-0.343544930145567,-0.772352794585176,-0.180754841380064,0.475140347283726
Feature1475,0.104757414370119,-0.367825525485391,0.407687056776764,0.375572582946313
Feature1482,-0.826131071503494,-2.85484760870682,-12.0363174810086,-3.00130104131172
Feature1487,0.189380712075888,0.76395930155603,0.991712335606169,1.40666794810374
Feature1492,1.05659265121958,1.12178244131625,1.49677743794671,1.87552679819686
Feature1493,0.702698751151674,0.838502744268025,1.22482468729115,1.77583768140354
Feature1494,1.78728987877192,2.11363001785586,2.43729288765163,2.71772486867322
Feature1496,-0.436044137419582,0.196979599117078,-0.159782516068541,-0.132223402074566
Feature1498,-0.123156324402175,0.187847515264022,-0.855623697832917,-0.201288141706052
Feature1501,0.100671183497854,-1.65615877188881,-2.28279346511218,-1.85106944895096
Feature1504,-1.0983880540121,-3.54537669848106,-1.1717018999113,-3.38054829616533
Feature1505,-3.72572450024179,4.20581776586588,-1.83386086682126,1.46335927796606
Feature1509,-0.47860437402982,-0.577561451336367,-0.660321074146584,0.388948890142385
Feature1512,-2.62564758058769,0.27256545653409,4.20558814392336,6.15566897120705
Feature1520,-0.187945882488536,-1.77841787953187,-1.90601332353813,-3.71618910437789
Feature1521,-0.514249960602353,-0.262689502021841,-0.278617068246504,-0.31382895615397
Feature1522,-0.196590874747841,0.463844551499716,0.301231868871599,1.13623971492146
Feature1524,-1.03701374525558,-0.799665096453,-0.215721062119426,-0.331115640255872
Feature1526,0.194597449529216,0.720233807483019,0.805815362394794,0.897820715300562
Feature1527,0.759190701698128,-1.77150720483081,-1.91478346557367,-1.81971605137742
Feature1528,-0.162069079124269,0.213171363807395,0.17275872448746,0.233879010120662
Feature1534,-1.59371943353068,-2.92401925145321,-1.45925459503055,-3.19423127684024
Feature1537,-0.422749533545717,-0.84049295064061,-0.815934441200108,-0.575310986931874
Feature1538,0.0455348390512104,-0.198132676796528,0.142199947084389,0.206059837514179
Feature1539,0.087340838161301,0.545778734762705,0.379378257994833,0.510571713164538
Feature1540,-1.22626980092843,-3.46416166936486,-9.2281609486134,-13.7951475729067
Feature1541,-0.882426689605725,-3.18697582841136,-1.44797941322139,-1.56961106223866
Feature1547,0.0326417291082023,1.22161309707889,1.2571941487998,0.460102052715077
Feature1548,-0.166951973205098,-0.550806415267823,0.148082382558448,0.229237477052356
Feature1550,-0.240501222635213,-0.307573143741759,0.359849308882087,0.328735973172225
Feature1551,-0.0825749392552352,-0.505333658497641,-0.107827411115111,0.0255248466824548
Feature1565,0.831468833339423,-7.92299698711753,-7.39431137868745,-12.6762471849606
Feature1566,-0.278506475234694,-0.11912266884543,0.337738705271949,0.545280000645758
Feature1569,-1.08863013163594,-0.25763232064574,-0.743785495594775,-0.136021318001709
Feature1571,-0.619755779270444,-0.0944274625421442,0.0242218126401787,0.388197277454092
Feature1574,0.379880164503715,0.125793132037577,0.126495431899355,-0.236044967879934
Feature1580,-0.125116468897361,-0.341576269737087,0.0207694136895589,-0.225855949510206
Feature1586,-0.411586093291016,-0.116593216930352,0.0327404800704728,-0.214840694436724
Feature1587,-1.20040193884249,-0.735543365475634,-0.169532875900935,-0.166868669359108
Feature1593,-1.08223880224985,-5.98858323612154,-3.27670327615388,-5.87991425696142
Feature1594,-0.417146664165837,-3.79828139754626,-2.42778476829748,-6.36580324406915
Feature1604,-0.333251205004074,-0.368237030569177,-0.52686734101441,0.202807757149604
Feature1605,-1.15290014466084,0.100473509910228,1.24951583305903,-0.152374063376572
Feature1606,-1.79810663616738,0.0331787179945072,1.32563195176745,-0.133517586151382
Feature1607,-0.600678859843129,-2.08449549073476,-1.77636865974002,-1.73573256921662
Feature1608,0.250715832941373,-0.195939921498994,-0.0469970602192246,0.777055764265387
Feature1610,0.417115133890462,-0.354058465190612,-0.299848132512031,-2.01550415156093
Feature1612,0.0861076002515533,-5.43578855271372,-11.6406712363138,-8.10488005470008
Feature1614,0.653878437337929,0.91035975447725,1.35476171537256,1.62545138581819
Feature1618,0.35869437302847,0.448012369027814,4.53905530744547,4.05418020399131
Feature1619,-0.262634634757724,-0.612420025892511,-0.794928210509438,-0.694162805135116
Feature1627,-0.394445467678668,-3.33161347335254,0.934908491509315,0.836692768714
Feature1628,-0.524370572319191,-5.87641145644408,-3.21349031841433,1.27440325714452
Feature1633,-1.24920155259353,2.45660317085691,2.47990346304276,3.06233962649379
Feature1634,-1.02483746094578,-1.09361351190833,1.6739836285545,-0.716489917988845
Feature1642,1.73973042519654,1.95130037289,2.85521077606104,3.03990767764316
Feature1643,-3.07634209442229,-6.17425670168688,-0.553465997655395,2.54133611744165
Feature1644,-0.35384803506212,-1.20060507515784,-2.74724617083655,-1.01853416035063
Feature1645,-0.880030817757905,-1.0912186673327,-0.938912578158897,-0.352855649750665
Feature1646,-2.67445366782103,0.365715220060466,-1.70383582639017,6.28754530523305
Feature1648,-3.20312471685643,1.85780788181008,0.0615941230569397,2.63087560956863
Feature1650,-4.73620993732466,3.1413555360586,3.22521415288462,4.4119630639026
Feature1653,-0.332360385945125,-7.60783947641854,-2.90043665639936,-3.03703436780734
Feature1658,0.674111319753259,-0.467955784449378,-1.92635677275585,-1.14640930646397
Feature1659,-0.215905749649989,1.31752690674701,1.44486819964303,1.4128042005361
Feature1662,-3.88343444490019,-4.96150152063864,-5.76501290136907,0.00923545721803827
Feature1665,-1.03882955137165,-2.93720150491016,-2.35579120913068,-2.81198307618217
Feature1689,8.93663766535,1.39439809332793,-5.04299374373947,-0.0123903188881977
Feature1690,-0.452014040881992,-0.306211798495347,-0.0341128494776692,-0.179563956933429
Feature1691,-0.0979694333453877,0.51657793810507,0.477992585915889,0.614962114712202
Feature1692,-0.556628072405242,-0.905540315368328,-0.107866300978001,-0.512832521442468
Feature1693,-0.627908733353429,-0.580167982414771,-0.129022186936001,-0.492580157827558
Feature1696,0.998652975727097,1.47820943564404,1.67160962410709,1.51767866909541
Feature1698,-0.138311223893155,-1.13464862627732,0.209071017423502,-0.351919156034613
Feature1699,0.0724249313154054,0.231200474749474,0.446346419202674,0.981928223387999
Feature1700,-0.283180955400778,-0.92013022717217,-0.332940273612481,0.147184538206014
Feature1701,0.427976135481712,-0.558171906951285,-0.56141270722002,-0.0581541749592321
Feature1702,0.35060151353947,-1.2340741914952,-1.11157581278008,0.257132876775256
Feature1704,-1.12814620384319,-5.65112459288381,-5.52961146835181,-1.36831825807776
Feature1705,-1.3216021938673,-5.83782415738468,-2.15151746544633,-1.42646942486065
Feature1711,-0.540385475539603,-3.68805327882698,-2.64487737809986,-2.17061007056671
Feature1727,-0.563357668098357,-1.04708645377523,-0.838175899285598,-0.338981109554384
Feature1734,-0.109375680176076,0.927933534774456,0.655504279361763,1.28920841721441
Feature1735,0.367235356627078,0.888359271280996,0.405385106395845,0.837393313622417
Feature1739,-2.58959146518984,0.112830527095862,-0.00937817936164365,-0.0294757682359673
Feature1741,-0.393109758997399,-0.841588037642396,-0.454982535376216,-0.304914127112278
Feature1745,-10.1797387621301,-6.58025795216395,-3.15020414254925,-4.11759421383299
Feature1746,-1.27145094615944,-18.0865941642713,-6.86608819218919,-6.05914634127917
Feature1754,-2.00247264669639,0.0501070116281591,-0.21036232098995,-1.26547950672993
Feature1762,-0.228783056712872,0.570098125412093,0.544715036826664,0.847128672582268
Feature1763,0.0347553635224913,1.01167164678167,1.11018689107234,1.52150550637985
Feature1767,-0.364767552848664,-2.07714300097804,-1.83815392672668,-2.8587281438402
Feature1775,-0.202830555429641,0.392679535917709,-0.815797337728314,-0.660136893929115
Feature1776,-0.140844393126259,0.791329526389426,-0.225818191788134,-1.20344836034235
Feature1782,-0.382018798735208,-5.44872540383546,-9.59051719828255,-11.9178664282579
Feature1784,-0.861601927966748,-0.782728167039083,-0.26089295340404,-0.419374821455746
Feature1785,-3.29803242305689,-1.0652714174085,0.494002526058209,-3.16696032701141
Feature1787,-0.91776915152072,-4.09812459503017,-12.9649494731854,-3.153341681633
Feature1789,-1.38968634256702,-8.09790787193541,-9.86503651557644,-5.35553235868086
Feature1792,-1.55521644851827,1.5930215819451,1.95514501528889,1.75279568634823
Feature1799,-0.0165129423619756,0.360806700304512,1.82956385269954,2.0610743166292
Feature1803,1.5154704998737,2.00283334669384,2.60756257122342,3.00063282830112
Feature1806,-0.962633598959748,-1.0632759241041,1.13143779733547,0.403452142317897
Feature1809,-1.15554939649729,-4.6424835779071,-3.88540766635524,-8.57184973510998
Feature1816,-0.898888600892386,-0.365238327176773,-0.243494874233673,-0.416863427403267
Feature1819,-0.0174184219631109,-0.0478079702593463,-0.231442902592598,0.185433690499766
Feature1820,-0.0853470070795235,1.07103539131489,1.34779548916875,1.34503420498474
Feature1821,0.291020003360902,1.71209268637749,1.51208337373022,1.68829813822134
Feature1822,-1.23808241921684,-5.66018333202786,-4.78645303939693,-5.46694209744752
Feature1830,-1.10017673831519,-0.966713811679047,2.22706141524205,1.56302541025282
Feature1831,-6.61197884014845,3.98016489133689,5.91091016533186,5.54460882051629
Feature1832,-0.623789454994359,1.11719683817429,2.94819089980659,2.12059958017935
Feature1833,-1.18669108497033,0.339230906295455,5.18699355575268,4.45044400023341
Feature1834,-2.17742774728524,-0.0398034066374859,4.06643269249554,3.19257091455734
Feature1841,0.2892080028291,0.0710920199692,0.0881478641051138,-0.315408087988955
Feature1842,-0.47871834691078,-0.0425835610902476,-0.137944117726791,0.0471376922736051
Feature1844,-0.104528128010932,0.391263479829301,1.74313322977265,1.28094197498162
Feature1846,-0.162411310014437,0.132981893261701,0.153258301933019,0.152045645676985
Feature1857,1.20213897915489,1.46348042238119,-5.40157451330257,2.35007156662297
Feature1860,-0.895773875034795,-1.9503140162075,-4.8655286546456,-1.14418635702466
Feature1861,0.0941908253917129,-0.112428279631358,4.42833410911753,3.33803792298443
Feature1862,-2.679642842136,2.78443285167862,3.87636106791723,4.25245610584494
Feature1863,-0.387102015114096,1.34323334118157,3.16608979979885,2.4584263330094
Feature1864,-0.169607657904912,0.598320244014485,0.505087492271331,1.34264377467222
Feature1865,-2.0661216316343,0.0958548666877942,0.116146709014968,2.44771683417686
Feature1866,-1.12991626979219,-2.7902970027545,0.41250849904098,-0.904857250826154
Feature1868,-0.610865494943005,-0.972918737667459,-1.41412324591088,-1.15903137621296
Feature1869,-0.0349141675975457,0.79773148053873,1.57139450602086,1.8757602289035
Feature1870,0.0301928593786035,1.19390846927906,1.06011636498046,1.9026499958729
Feature1871,-22.8602537116212,2.52868462743959,2.86047159366365,-1.5189210955094
Feature1872,-0.0637677850182326,0.247872800837007,0.287234517403899,1.0296471787232
Feature1875,0.144011824631976,0.87518381934695,0.223506419128823,1.06363746001986
Feature1880,-1.25517092553063,1.7829804040187,1.31269780449023,1.83505696408308
Feature1881,0.266761701892471,0.070806770002768,0.0781316171090025,-0.29828427269429
Feature1883,-0.10695245811181,0.669941827666047,0.890176921060214,0.824719032119681
Feature1889,-0.497563823790311,0.304020183334166,0.902178339617428,0.564307964239876
Feature1891,0.0428720505337173,-1.5224978999052,-5.26457848592496,0.464639401184406
Feature1893,-0.349021980923974,0.626077470688,0.167085577510878,-0.396911005226776
Feature1894,-0.107935919579812,1.07662495661492,2.43027601941446,1.9759034699344
Feature1896,-0.79638231935968,-3.01705131602375,-1.03682271972897,-2.85075852388243
Feature1897,-0.628388930364011,0.847780833731143,6.72470238197959,0.390746571643405
Feature1899,-0.281289802144438,-34.7250603757398,-3.70451147314216,-4.19136049596806
Feature1900,0.577139446480273,2.37773735181795,3.43287084407596,3.39921617580598
Feature1901,-0.126972555019193,0.145467032508332,0.207608594510062,0.681402154953816
Feature1902,-0.362040902865875,-0.293151803002392,-1.85053856470712,-0.409959924848627
Feature1903,-0.0808194173949085,1.39807885863666,2.72824705444388,2.41488765852128
Feature1904,-0.1262251929104,-0.0314529238514236,0.685767405064302,0.531040018728986
Feature1905,-0.12957478759526,1.62807201040701,2.91998970435968,2.58751041299393
Feature1910,-0.436858302937019,-0.167481715668001,0.00840488586825915,0.0639034002621223
Feature1912,1.37476215470147,1.85628206626422,2.00713015519858,2.43746726797672
Feature1917,-0.434676113035553,0.145387818306403,-0.796204218991743,-3.80919252713545
Feature1920,-0.60553970383559,-11.3222239851363,-4.18807377084943,-7.76576685128397
Feature1922,-1.33531071095988,-8.8736841875853,-6.34850250770002,-9.97284876142196
Feature1926,-0.633186291778692,-3.83673281348227,-3.0435142191982,-5.63009305790373
Feature1928,-0.16642767786919,0.485966374516759,0.979878573251566,0.977474466765248
Feature1929,-2.45350653574503,3.42108238449979,3.63171228341322,3.23954289404212
Feature1930,-0.172653087022014,-6.35531281788732,-1.942927651313,-3.24333377595499
Feature1933,3.4048548676848,5.85824749668541,6.41157501010348,6.17642469021264
Feature1938,0.391245679170552,0.63238490602669,-0.136083386071763,0.409390984171659
Feature1941,-2.86775515747641,-2.95605817218901,-1.661738486474,-2.26798736776811
Feature1947,-0.715980919998508,-7.12721300726688,-2.68197268127589,-5.1629605309457
Feature1948,-0.387918030068779,-2.42303088791974,-5.8168766969405,-4.76016790758591
Feature1949,-0.709944600451234,-2.2869725303155,-4.84665554564158,-5.59664524051618
Feature1952,-1.05973886328709,-2.99083113982215,-31.4218700568692,-5.69409510727512
Feature1953,-0.364676184501451,-4.13075124209245,-5.36246990574604,-8.27570786699449
Feature1954,-1.19789013568369,-1.7984658148356,-2.64871608458233,-4.88867485829019
Feature1955,-1.04212519287696,-4.00609177215361,-2.80458954837542,-2.86097819617829
Feature1956,-1.43191525609283,-37.3531120956477,-3.75479806131801,-7.12920958504143
Feature1968,-0.972482353544581,-3.98537044416782,-7.42765256274157,-4.06358194592236
Feature1970,-0.510349167711252,-0.390810169263284,-0.728545736833082,-0.461533264548484
Feature1971,-0.777031939987088,0.426741416457686,-1.43350786956255,0.163790277346205
Feature1972,-0.794513886146345,0.0636075328261722,-0.212560291864179,-0.541823211372131
Feature1974,0.741075159660849,0.232270233249392,0.210617312108451,0.318598176373377
Feature1980,-1.14964797460219,2.67043676294825,3.2571615030791,3.86125694979541
Feature1982,-2.70750412800638,-2.73183952421775,-4.1778647045524,-11.14114723733
Feature1984,-1.2199845152963,-3.2847018888077,-3.16060894731803,-3.32760982098416
Feature1986,-0.228404409606173,-0.694192563940821,-0.967078227628095,-0.642123728861168
Feature1987,-1.03792856544649,-1.707988323481,-2.01263418976064,-3.16423820071822
Feature1988,-0.973495835904635,-5.95149895953894,-5.25991424628693,-7.11644025975163
Feature1989,-0.978760681185199,-3.84210876114173,-3.17829900918565,-5.50166546415339
Feature1990,-0.798736033528328,-4.2159840784824,-4.08757000955389,-5.25515967773089
Feature1991,-0.530426078340094,-3.39841768600114,-3.69296653659753,-4.85375500026915
Feature1992,-0.891314430035867,-2.81257173851762,-3.56536250279721,-2.83482345782537
Feature1993,-1.07183748654003,-2.37809502350294,-2.68399200797026,-4.41725020762193
Feature1994,-0.831602212235997,-5.59568061627236,-8.37424231903854,-2.66810643740013
Feature1996,-3.30214432988585,-0.205114952714562,0.811970001668332,0.100822378256711
Feature2007,1.42962326183397,2.59120620064997,3.41490618724946,3.26357261539031
Feature2008,2.45643996109651,-2.88929286839193,2.65541009143972,2.91714977717651
Feature2010,-0.746398284208079,1.51022866066038,2.50446997696099,1.68652770919024
Feature2012,-2.67915835050226,-3.06101423820854,-4.38019499410508,-9.37938234333541
Feature2013,-2.52581534072024,-2.58424090555491,-3.10153106485611,-2.29721322861518
Feature2015,-0.968710935970377,-0.684504505527153,-2.37800047849907,-9.77480114407714
Feature2016,-1.20459559990763,-3.56841949725328,-3.61036540236167,-4.44243003399772
Feature2020,-0.840234914264978,-2.78478443165265,-2.11186246894358,-1.32545407295351
Feature2024,-2.54983284135291,-1.7328201333812,-5.751033266548,-2.20147771311444
Feature2025,-3.21179067144645,1.24047905613182,2.04028146872208,1.76541472096603
Feature2026,1.88567602097837,3.66489094296999,3.00040798452657,3.55476113681778
Feature2027,1.99670932364665,-7.19995134064184,2.47953448172182,-3.24124265599315
Feature2033,-0.221523892838745,-0.100889110509015,-0.188189682420255,-0.687312812416507
Feature2034,-6.71431471754564,6.25329154737425,5.16318636653873,3.7155765106952
Feature2035,-1.06499835410811,-0.269517423447948,0.217114405742789,0.351598198471291
Feature2039,-0.508797922051639,0.104543565643568,-0.601947706705789,0.37664512429155
Feature2046,0.333486644509294,-6.09412456296503,-4.28192494286619,-7.87422239670468
Feature2047,-0.227324359398044,-0.280639516697182,0.0663956469701166,-0.1381902269108
Feature2048,0.307613260893448,-0.00389516713317273,0.496572711226767,0.675981004832907
Feature2052,-0.40849881120123,-0.617820906279746,-4.32534186395537,0.326408500385092
Feature2054,-0.087357600790854,0.38614672321622,0.339466606982891,0.977484431703926
Feature2069,1.43070782905681,0.00280317025606142,4.11462531296336,-8.37984159790214
Feature2070,-0.588135304581869,-0.696621568691626,-0.920851401800031,-0.63253964600915
Feature2073,-0.544906754202195,0.0210558143304969,-0.384104557280271,-0.832453781163497
Feature2074,-1.04014183857288,-2.85937376413694,-1.21355522804849,-1.2112078898021
Feature2077,-0.372938567839938,3.31243187110833,2.93363367641935,0.923676951892473
Feature2082,0.0605043285584543,0.830864693571026,-5.51988125562205,-0.385609452769336
Feature2084,-1.02289091287883,-0.240072031038144,-4.04947890551915,0.0557496069448252
Feature2085,-1.52353951106402,3.56562809040637,5.28129718494753,4.52400519786094
Feature2086,-3.34336902948684,2.71181151854204,4.66276472654895,3.84381404726566
Feature2088,0.774176458695278,0.503932309397539,1.36668529043414,1.61808554872376
Feature2089,-1.04647374522507,-1.28846764036841,0.80683070898856,0.40837957834315
Feature2090,-2.39720172984138,-3.71243957322044,4.6843459755907,3.46830269135233
Feature2094,-2.17888380517268,0.629087498564535,1.56766419926808,0.271860957300598
Feature2095,-3.22353780177567,0.234105123269118,1.47904665468461,-3.43680459667752
Feature2098,-0.151123935285635,0.332257030757164,0.100068360723936,0.314863011465147
Feature2099,0.34476068714377,0.922611468740001,0.832135435450021,1.14512872268808
Feature2100,-0.675776558809371,-0.0886662446862073,-0.692204870172674,-0.31825098929363
Feature2101,-0.837304273044233,-0.143125105691861,-1.21700609941724,-3.12729047036247
Feature2105,-1.24707127873997,-0.124875957592106,-1.22925327799403,-1.4634224462651
Feature2111,-0.298082722930545,-0.17500993539409,-1.01405817887705,-0.367111978768016
Feature2112,2.91493249021361,3.24153906163788,3.70195200645385,-4.33600342346865
Feature2113,0.0584213443457754,0.873104940986663,2.07380226988589,2.05109742523321
Feature2114,-0.244417991173694,1.25982819755891,2.15248191211242,1.91861841257549
Feature2115,0.163447664551966,0.157903455073476,1.776886877468,1.88042617449766
Feature2116,-0.289788018713332,1.10925308316971,-0.116750029592205,1.45189965616264
Feature2117,-0.168351813034587,0.564438539964719,1.02498423311085,1.32682821266279
Feature2118,-1.03752514831225,0.602833532799603,1.60377109134602,0.589606795303113
Feature2119,0.00413081956392767,1.16035813935563,2.70821344075306,2.32561230315735
Feature2120,-35.3239981490222,-4.57090090671109,-7.38449389817214,-86.4321128317552
Feature2122,-0.217485392774007,-0.159834789717326,-0.42556311967635,-0.3208431144943
Feature2123,0.303799088062608,1.01069039525821,-1.7750735638775,-1.85121097866335
Feature2128,-0.820543114594668,0.478402864998743,-0.184772081327393,-0.202558677269987
Feature2129,0.359370125729443,0.50797093728048,0.876661487523505,1.37962659669857
Feature2136,-6.5045695192394,-19.9811667541043,-20.8227942404698,-10.5659489503616
Feature2138,-7.64955367005849,-41.1450388033402,-3.09736791282735,-3.23753840371888
Feature2139,-0.591907414822117,-5.44916483035422,-3.3717065736989,-5.64318030889067
Feature2140,-1.28131005564008,-1.19177388737784,-2.13754980324671,-1.77239488642831
Feature2141,-1.41948799883048,-5.9491348299156,-6.21187174965448,-5.50191752025743
Feature2142,-0.427874204159854,-4.88742721058947,-5.68307501026406,-5.10079603641868
Feature2143,-0.638470976691775,-4.73570316904648,-3.81627455685046,-4.65912973779217
Feature2144,-0.91285879642729,-3.75831332956501,-4.65746776260582,-3.20790709830896
Feature2147,3.28778296187413,3.92942841401596,3.19551557302645,3.79173931228825
Feature2148,0.22884188329167,-1.36501133468301,1.06033778230617,0.895750938339822
Feature2149,0.303190102082134,1.06960195861503,1.85509054327118,1.77940392662798
Feature2151,-0.140864881135366,0.102638991611966,0.850032356783949,0.820070549163045
Feature2152,0.39341153749864,0.624283714535145,0.398532486744271,0.744546028225496
Feature2153,0.372644641890695,-4.77302465109011,-12.9308844724031,-7.79346564722852
Feature2154,1.2075825178179,1.25509100768804,1.69186537649409,1.65397009141196
Feature2155,-0.0980206600786297,1.03519696612817,1.49232659911834,1.61206643030157
Feature2157,-0.158859583609779,0.824309758389159,0.592068237253214,0.640872369618252
Feature2161,-0.235225040726935,0.482136172878655,0.569088687577553,0.531643570600822
Feature2164,-1.8934690113085,-5.60548690149867,-5.77585678183437,-5.42640837091986
Feature2165,-0.880548933230455,-1.52498080444008,-2.61646601193738,-2.4526888465898
Feature2166,-1.50846859373053,-16.62735096197,-14.5747613542646,-5.44467391434642
Feature2169,-0.528297467467313,-16.2937416354793,-4.73694221299571,-16.1194925737042
Feature2170,-0.767803074608279,-3.71077150494285,-3.54737857390648,-5.16684464845992
Feature2171,-1.34400051187283,-5.73937003237024,-5.58998986499045,-6.65923339616916
Feature2173,-1.28174570238972,-6.76475004774556,-10.7084042997197,-4.93929585708268
Feature2175,-1.02788315969633,-14.008291747146,-5.01438720435884,-4.32691222538728
Feature2184,2.34970669264019,-6.2044750231601,2.57472298863407,3.13695166058926
Feature2185,0.192687804657243,0.218059350354105,0.881825209863949,0.624999759653023
Feature2188,-0.716450203285956,-7.13449155397495,-5.7722096731867,-5.83561157852446
Feature2189,-1.18170574779365,-1.60280660289445,-4.50512965712927,-3.14514660829664
Feature2191,-0.284348886235656,-4.8847588753573,-3.53422922511697,-5.10660472443173
Feature2194,-1.37884781645884,-9.14195040241322,-13.6328080877735,-6.66565249895951
Feature2197,-0.884343608709037,-1.85279317111866,-5.06720649029197,-6.92852910404814
Feature2198,-0.844364206525447,-7.43525084915028,-7.92864295999425,-6.01984059252665
Feature2202,0.964179997217826,1.51330805523918,-0.135806642633363,3.91524584133475
Feature2205,2.21081246449083,3.39923328330458,4.82323999981508,4.35973774214821
Feature2207,-0.561172820038271,-2.96953467332643,-2.80495725674173,-4.11276545560253
Feature2209,-1.62999914098757,-28.2895695157829,-7.39320159184712,-5.04019842540213
Feature2211,-0.592871509129299,-0.3948415990302,-0.798994077970722,-1.18648273578749
Feature2217,-0.474507187087961,-3.0181201331158,-6.14286908355533,-3.74668403027489
Feature2222,-1.89541860631844,-5.36929566236982,-5.38917201431306,-1.83886001675722
Feature2227,1.50343812545621,1.73765717564529,2.22515657680867,2.26153821000482
Feature2231,-0.0254015167151439,-0.1772651213915,-2.87193133549481,0.567135621559346
Feature2232,0.340748310684686,0.37760717384306,0.29571834161947,-0.0536526483342902
Feature2233,0.23288464343126,0.766510822262606,0.748036902474599,0.954423424780149
Feature2239,-0.578981606129015,-0.936448463998124,-0.305266460747684,0.996271170643659
Feature2243,-4.85858817252722,-4.55414739953704,-8.95264026946514,-4.79385284888245
Feature2246,-0.349023609958272,0.205294956913048,-0.383014198979868,-2.39911104354307
Feature2248,-1.00207746362266,-0.589810189285268,-4.78127450890017,-4.64242363302467
Feature2251,-1.12681370974739,-0.177389992781789,-1.3158085037105,-1.47637087266281
Feature2252,0.125674787561675,0.750486496221118,1.23666077293571,0.613879408202214
Feature2254,-0.585946712076889,0.73536715822432,1.37015047378794,1.37230940763
Feature2255,-0.663570107409652,-0.413634995478686,0.141770634519095,0.444248953852298
Feature2260,-1.57533604058043,4.17018759676783,3.51352707733849,3.28795750336608
Feature2264,-32.7822268664557,-12.2020707292947,-5.47813551619753,-5.42518210547339
Feature2266,-0.0924207569640353,0.159686234499018,0.118199630795006,0.131860298082674
Feature2270,5.61346684773089,4.91379753798778,4.77485068193901,-5.77871746897119
Feature2272,-8.78647753443369,-1.48618332678722,-0.161483441449011,-7.44182332300947
Feature2275,-1.16416000946976,-8.67816794276317,-2.0571261654587,-0.959179890404831
Feature2276,1.36190622785759,1.93029365142017,2.80390720104588,2.90243020793509
Feature2278,-0.352848782504945,-0.427583739356768,-2.21505025076973,-0.0989563286131694
Feature2279,-0.0898296102611885,-3.11476312937254,-0.948337135958874,-3.03916420696411
Feature2280,-0.0237357422137115,-0.727835377527199,-1.38147732424409,-0.566551112866941
Feature2281,-0.295182225704516,-0.552962168988553,-2.58228517337132,-0.149088675173571
Feature2293,-0.165773215777733,-0.296302306430761,-0.110201595912868,0.404789648646923
Feature2295,-0.913057101130862,-4.56907584024489,-9.80537078650853,-8.56861838871288
Feature2297,-0.856819600588407,-5.32058742042076,-4.57730761633612,-4.79994304003885
Feature2300,-2.65435529703656,0.19166185973945,-0.57411861744253,1.05098730510408
Feature2301,-0.418676254906462,3.38590889702204,2.4216201448971,3.93494723879416
Feature2304,0.310125621072539,0.702488700098993,1.09389349114339,1.16758316400764
Feature2305,-2.99427259056977,-0.0335822892689978,2.2595083602738,1.23481784775299
Feature2306,0.792444356043822,2.399859462788,3.35827016984274,3.19001230853618
Feature2307,0.703939874973329,2.48997867560842,2.85905826552885,3.15018382610461
Feature2308,-0.656526235784508,0.311044759686497,-0.560790064153847,0.548431126564843
Feature2310,-0.105690500340903,-0.912898632154584,-1.76186230181348,-0.412532476398769
Feature2311,-0.243359542470805,-0.482824881443771,-0.801896324343971,-0.254893117984342
Feature2312,-0.648329085499501,-1.57736344413133,-1.68495589870112,-1.55637147037932
Feature2316,-6.8287008915993,-10.5446154230785,-5.21151493549118,-17.640694408438
Feature2317,-1.25288926406973,-20.0624436081989,-7.15830494661723,-4.12956467039167
Feature2318,-0.562505127746779,-19.3522813285938,-9.69432969336125,-21.3131757060412
Feature2319,-1.43903788707744,-3.40792432692744,-5.81452164671922,-3.47482872470433
Feature2320,-1.20972025154162,-8.88415813729743,-5.77331107491059,-3.98591849089779
Feature2321,0.500632474734733,-2.13560445389705,-6.81612424514305,-6.56194724251087
Feature2322,-0.948961979779824,-0.471017738241464,-5.95867872266257,-0.0890801323414858
Feature2324,-0.430931793672033,0.417723445424348,-0.344093315627392,0.622129607238645
Feature2326,-0.0688642358478197,-4.73000163800938,-1.27723873166963,-1.95355325654916
Feature2335,0.143241687123547,1.7197359688541,0.778429678220844,1.74140576830919
Feature2336,-1.39702421174789,4.71809332975945,-1.90888440430816,3.60681800439399
Feature2338,-0.62096716586183,-3.17603223270051,-4.27952671548431,-3.76846585567708
Feature2343,-2.40472852564886,5.47864364037232,0.137541476161443,-2.33115421310601
Feature2344,-0.114264730090701,0.602729515741082,-0.190925122522477,0.134974026210435
Feature2345,0.973462279744213,1.12551455686538,0.437293298483452,0.922630155761993
Feature2352,0.751332938046916,2.69627501425065,1.76428987719072,1.31822580644363
Feature2353,-0.211574954576389,-0.0916355659344065,-0.508669359630782,-0.200396688125001
Feature2354,-0.339111993847241,-0.490989625207852,-0.481196211720323,0.0608069637655866
Feature2355,-46.5834885875576,22.2607030625214,16.1844035365537,18.22817781584
Feature2360,0.710962042512007,-0.791237328690855,2.47742757820964,0.538316944562756
Feature2362,-1.188943321325,-4.40632065853255,-5.15902859175108,-3.91487154707118
Feature2365,-1.04412435265431,-8.27074698622295,-3.96940529824054,-3.60226012055419
Feature2366,-1.21910774033139,-2.3843037007412,-2.54019063367528,-3.68506424624451
Feature2368,0.268011842775833,0.213872355354064,0.588527847954151,0.751127029908893
Feature2370,-0.455559188540532,-0.652857791792289,-0.4785949322084,-3.0572913052944
Feature2371,-0.379386805818508,-2.96440809560297,-0.869421825553412,-0.840481409824754
Feature2376,-8.16339574389215,2.25020847035298,2.95379220961267,2.26126963353946
Feature2377,0.601733979873653,-1.16415951868912,-0.943609809719384,-0.465831317592692
Feature2378,-3.85933705957966,-14.3111326549314,-5.53782180661085,-12.0910272984767
Feature2380,-1.52318560504774,-3.20105212735503,-3.13791075346675,-11.333381594561
Feature2381,-1.21252284565228,-5.72874931108298,-6.52024587496189,-6.69800272058713
Feature2383,-0.504023374409405,-4.39263607355355,-2.63109927448256,-119.779700943685
Feature2385,-1.31616907580021,-6.22413538914696,-0.275788462903213,-1.60268981722678
Feature2386,1.50301996388517,2.63806706107135,2.75327520030812,3.20239598553078
Feature2389,-1.08466312356782,-0.690481210559479,-5.63474004565304,-4.03242383243721
Feature2392,-1.25055515865027,-0.345264236389582,-1.44344626841251,-1.98130617682805
Feature2398,-0.495926122905886,-0.324788847896263,-0.760586771183266,-0.539299905883967
Feature2402,3.03878410214764,2.56000642662093,3.04928371272324,3.40978955678697
Feature2404,0.290706591991603,1.18849641879386,0.660201776085622,1.42700677898022
Feature2413,-0.682760058335478,-0.732781728601268,-0.0777863090438497,-0.784607863190426
Feature2414,-0.55081674691555,-0.472488193239703,-0.259971606130472,0.0453451248426768
Feature2418,-3.17774913987711,-5.60143530794877,-3.3363534220195,0.838193623484171
Feature2420,-0.217067880396749,-0.0036490952577443,1.00934213370226,1.02834428130639
Feature2425,-0.175725309944102,0.456362475945631,0.30240628726517,-1.91534051051792
Feature2426,4.29367984647405,5.01948736057841,6.62281047839835,6.97700504306699
Feature2430,0.198340313554148,-2.11854931791569,5.04188443655033,1.53057698971846
Feature2434,-1.77738065829829,3.29842231935771,3.91623340777147,3.80178174250506
Feature2435,0.221686621195965,0.284331704898287,0.490625394050664,1.33226015380136
Feature2436,0.831732175619836,1.89944533645043,2.55052740423132,2.49715567824881
Feature2437,0.418770954976174,0.978164446733306,1.69566840657377,1.57863067569954
Feature2440,-2.12496002489928,-0.678910839552792,-1.23003469902399,-1.27742031520675
Feature2444,-0.579366505810272,-7.37749685644191,-7.77732956187081,-5.84767443592406
Feature2445,-0.851696201637487,-38.3073841325378,-37.1163842164337,-3.41209710830348
Feature2447,1.54808540140565,-1.346162097919,-0.569806585779305,-0.00188127101930697
Feature2448,1.28111150487358,1.20329652756616,1.57267514942925,1.67270271838761
Feature2451,-3.88681873554611,1.66046982233318,6.12378158779555,5.6773824002578
Feature2452,0.795472283657674,2.62374414601022,3.74687055304639,3.02042566434599
Feature2453,2.00224511288593,3.08498818993102,3.43720011147012,3.46969125855017
Feature2454,-0.311037474271463,0.0612911313231332,0.655060562915863,0.439912546811395
Feature2455,-0.448697711314554,-0.300879606836469,-0.594624526146025,-0.424785312432269
Feature2459,-1.06676577206957,0.0454122215016116,2.08418491453753,1.66972294176388
Feature2460,-0.0124194045450499,0.863486980784812,0.10093229478147,0.285375866479459
Feature2461,0.688364500422795,0.995872954371316,1.05482414414278,1.184335783042
Feature2462,-5.70423878761464,-11.5120312531024,-95.5629375579181,-15.3776231149988
Feature2470,0.459736111412267,0.757388913565396,0.915191825784136,1.30711529058482
Feature2472,0.353220838982622,1.78827176226925,1.16099057882165,1.70367815691442
Feature2473,-0.295527144643392,0.330568742526479,0.341887295615401,-2.6549645590248
Feature2474,0.419373924242009,2.32268602564128,1.6002098946589,2.05109819182884
Feature2479,-4.52537631519735,-4.91799368471709,1.12379087904197,0.817700502397425
Feature2480,-4.83153888322002,-8.84500377429822,-3.46771738108198,-3.63517821577113
Feature2482,-3.08096152160693,2.67658716444296,3.07202113989298,2.95447370006474
Feature2486,-1.3662358498639,-6.11893281069247,-9.66592515245477,-6.21306300737281
Feature2489,-0.0884264173121456,-4.63767792456524,-3.44002541449233,-24.6967892350889
Feature2493,0.640663185048259,0.457564045841134,0.258379157316504,-0.049271108571372
Feature2495,-0.217795683938387,-0.0403874330876848,-0.244000456794095,0.520877615520618
Feature2496,-0.268595878068554,-0.115347799735777,-0.171670354069443,0.489940126885503
Feature2501,-0.710797711755035,1.16666571347227,-0.818592532288362,-0.175201397504911
Feature2502,-0.421616724249208,-2.82336883972031,-9.64776031746745,-0.159907109905193
Feature2503,2.55875817262747,2.21671765046751,3.71816667471446,3.81968037190514
Feature2508,-6.62689213971825,4.68624421660966,6.42376039537787,4.99588031226726
Feature2509,1.89770605786874,2.59412155758971,2.87076811811171,2.44162382783699
Feature2510,-0.245371776988394,0.694285509569044,0.777693247057047,0.914429932014416
Feature2511,-0.257954970830606,-0.274837082667808,-0.195633448661807,-0.120558380244989
Feature2513,-3.79771740453298,-0.148645284180253,-2.11280230961083,-2.7545810249742
Feature2518,0.124499568422729,1.60769080658642,2.01371896945119,2.35738356939424
Feature2519,-0.567513898610847,0.98762448257058,1.40312536058498,1.61587595022311
Feature2523,0.320489710800397,0.565154912425263,1.14773932189297,1.27479391529717
Feature2526,-0.73415938827612,-7.86321122553364,-6.90983222387963,-5.49262662990466
Feature2531,-1.50538744103176,0.911333388999919,1.6536457448777,1.69028445473266
Feature2533,0.387820002442422,-0.444590932627738,-0.435087713676041,-0.178653249173613
Feature2536,-0.618976079987369,-5.53443147078843,-2.5569413600118,-4.73036787284616
Feature2537,-0.863607895420861,-2.71793477719092,-4.68415377432897,-1.29244806634368
Feature2538,-1.03087077402429,-3.93820125141923,-5.64502203795193,-4.06106796190907
Feature2539,-0.756893049096668,-4.22116077391741,-3.22937427596844,-4.05244413931793
Feature2540,-0.783766422649994,-11.96948347551,-11.7657693865296,-2.86796274770038
Feature2542,-1.28829214369352,-4.09015516079129,-15.8094189390992,-5.95955079099694
Feature2545,-1.49213370693337,-1.13072225675231,-2.19028262835145,-3.15856133876646
Feature2546,-5.05992817554491,-4.32951331337833,-4.54004203408008,-1.23188647806046
Feature2549,0.418965950676431,1.36219083969504,0.758462789329919,1.624853609255
Feature2554,-0.182199161216038,0.639556827202611,1.74181536277902,0.753107630760515
Feature2555,-6.90511185001647,-6.53576436208849,-4.17447631256142,-2.83339867911034
Feature2557,-1.17077380843965,-3.75584946782933,-2.9610332615666,-2.80177387428363
Feature2558,-1.24339926563294,-3.31709267514785,-4.23227901264503,-3.39146399370243
Feature2560,-0.510940610068398,-0.022537204909333,-0.219415109583366,0.198607727884872
Feature2563,-0.225509475804483,-15.8224060132817,-5.83404889339827,-5.2817840484945
Feature2567,-1.07778673917752,-4.60972385573074,-7.24392650805845,-3.92286967714971
Feature2571,0.384655936860055,2.18239188079999,1.58582393327413,2.14221768654464
Feature2572,-8.89822983597372,-6.89093218650971,-6.87028199528436,-18.9403077558483
Feature2573,0.409478461671391,2.98658916599017,5.78891229468459,-1.82024833307179
Feature2579,-0.100299448007219,0.1331356695809,-0.612787049295202,-0.127921832292132
Feature2580,-0.177639316731811,-0.115049875274415,-3.06241930841049,-0.159041772651148
Feature2581,3.63661963582094,7.00597564218673,6.14566264833263,6.55220052465656
Feature2583,-2.0687628629604,0.566450951659005,0.756403316829041,0.700750018358682
Feature2584,-2.04180750228947,-5.61718793507737,-2.53816538113845,-10.8723473081233
Feature2585,0.377120227572968,1.0446719294182,0.590744541996283,-0.0608781358071809
Feature2588,0.0262353925696488,-0.535010352951232,-0.618256233962753,0.183300808970182
Feature2589,0.0865379126671448,0.0521126414434979,-0.180901510985683,0.307922338318218
Feature2595,-1.14672091648189,0.102282583364653,0.971545890439742,0.562946242342901
Feature2599,-0.56826853207814,0.149271425764083,0.349358191367904,0.861524334054694
Feature2603,0.155872851872987,0.141213889964969,-0.330513916491372,-0.474242623182335
Feature2604,2.20936016022322,-28.8042479719103,2.36407811803429,2.32584930382461
Feature2605,0.400471469763264,0.862144741408602,2.72747877862424,-0.622480609208248
Feature2608,0.335436357988375,1.77706507773735,0.850305459511864,2.05470708711105
Feature2609,6.03939106100409,-1.15174089662176,-0.214559866813319,-0.641147698354386
Feature2613,-0.46558694493876,0.0956214563363129,0.849058980035758,0.830096049045522
Feature2614,-3.29428222986819,2.35157579016187,2.61587221431517,2.17779666421109
Feature2616,-23.0700196833224,1.74986005400656,-2.13054149284219,2.57566316751082
Feature2618,-1.24354753671941,-3.68722631998812,-5.91511226092579,-3.65903583018078
Feature2619,-4.51753156564915e-05,-5.67339572363312,-3.83684764561119,-3.82578178665746
Feature2624,-6.03779703052765,-0.768160188497518,0.450481980957019,-1.51328057886168
Feature2626,0.0373461453201061,0.00835979450091083,0.899166624192093,0.714091084087892
Feature2629,-0.629079023943159,2.11427057885424,3.59977633204179,3.08316925118414
Feature2631,-0.0492461562436753,-2.50402881828833,1.77403070310365,1.32811688363739
Feature2633,-6.53069773608349,-4.35348213534071,-5.5839131665415,-3.69816940969535
Feature2634,-4.53919087019572,-2.83805059575856,-3.29030263649755,-8.61479012465318
Feature2635,-0.973223326879912,-5.67403469684201,-4.64911341162717,-16.7213425528638
Feature2637,-0.62394894742169,-11.7339380587451,-3.41355134737905,-3.39157497644694
Feature2638,-0.625314152529998,-4.04296154465506,-8.41270815814024,-4.06877505534328
Feature2642,2.48915421253305,3.44493830600918,3.49716050855615,3.55311042025393
Feature2646,-1.15233749277142,-4.54141575391012,-2.58788443479374,-25.8971271893312
Feature2647,-1.24078368146203,-6.92454944275265,-3.28048916243007,-6.13615869435428
Feature2648,-1.48568137454171,-3.76756886130481,-1.8310058045963,-2.28910953589273
Feature2649,-0.445147833394112,2.47220245183975,0.733277045027272,1.1115331526271
Feature2650,1.15871021208075,2.52008078272851,1.71927313689281,2.04240291887292
Feature2653,-0.908901252349459,-0.452592715814661,-0.509961574075489,-0.897265151167933
Feature2654,0.0722864393517468,0.859266170588786,0.0440685116937845,0.699302491805142
Feature2662,-0.851076376217563,-3.29665347907629,-5.71114278934833,-11.4418728500174
Feature2664,-1.85871770361803,3.2973632373149,2.93586381482672,3.29610077745266
Feature2669,-1.18681404322085,-0.783892309147081,-0.222511390310844,-0.361595369588551
Feature2671,-0.775294981770002,-0.620313320483503,-0.445826409415755,-0.914712473697766
Feature2674,-0.949294036899457,-3.94120400634225,-3.32366734869984,-7.30618911648777
Feature2677,-0.271155073989935,-0.514860281384346,0.0792716178892048,0.59021187243496
Feature2680,0.362770536008215,1.226636216542,1.20560078915335,1.71886197090094
Feature2681,2.19171012600634,2.9466829330699,2.85667557893563,3.34979767522133
Feature2682,0.148994060754867,0.454720567761953,0.881011140036542,-0.0121326089036465
Feature2683,0.439014308985748,0.512314988388459,0.689344785733383,0.228846052161274
Feature2684,0.325000360424506,0.342813917622185,0.293413107408788,-0.0900465501793018
Feature2685,-0.631546348504556,1.07787736332646,1.29798781711986,1.75357826287342
Feature2686,0.967118187662195,1.03019757013788,1.68494771922771,1.31935318242811
Feature2687,-1.90676766730708,-1.36202699978587,-0.532392105105169,-2.04160262319535
Feature2689,-1.65392470636769,-8.93527852626344,-5.26806592338981,-12.9700587480865
Feature2694,-0.946074684725025,-3.97354049598975,-1.51218506023379,-3.90145819425268
Feature2695,-1.05120869537639,-0.896865997169194,-0.162715092424622,-0.466127943898934
Feature2696,-2.72540918328759,-1.02003510423615,-1.02858799011136,-2.30509699682526
Feature2698,-0.199826810434088,-1.50743620320639,-2.57746513657915,-1.3855773736654
Feature2699,-0.290249474454387,-1.12644431040565,-1.82845388410586,-0.904410061981151
Feature2700,-0.0874086319000832,-8.18553927512461,-1.52422653128224,-1.4220885183986
Feature2702,0.597054797333211,1.55108653049634,1.01738018369402,1.29965861911519
Feature2703,-7.82664978204328,-3.64352634781662,-4.90331854514926,-5.26507792886306
Feature2708,-0.5009442298753,-1.94844130452829,-2.77182480223712,-5.17765270411001
Feature2709,-1.23109392595133,-2.31691361429029,-2.20041475592017,-4.12755756448405
Feature2712,0.254431710275839,0.267087474092175,0.205583278590656,0.52516985079327
Feature2716,-0.182096281959134,-8.31824203849061,-8.12584962097435,-0.54743596165287
Feature2717,-0.626155243392061,1.6803224346132,2.15894877866919,2.31780959177411
Feature2721,0.0197996989398251,0.748577272113513,-0.393853212572682,0.0986669911670246
Feature2723,1.59416057242783,4.22645716388177,5.00773410134643,4.67934074293742
Feature2731,-2.43337880526324,-0.185106506670543,0.580531405477381,0.661287711929086
Feature2735,-1.11870755020599,-3.46153586739478,-1.46570715334338,-0.932272103542551
Feature2737,6.93174785725248,7.02304881372043,7.89179743147776,8.0679383118465
Feature2739,-0.590532020868017,-1.20363503849512,-1.21779073597563,-1.75261133915064
Feature2740,-0.774037873233538,-0.719524470555152,-0.301904641460121,-0.826975651050057
Feature2741,-1.59178878546509,-4.79721326328567,-5.46912091435234,-5.02864887444971
Feature2742,0.0962726867912474,2.57960975910435,1.75412862414892,2.65994406540857
Feature2745,-0.24458898187498,1.11660903018979,1.21690756899332,1.11987673263659
Feature2747,-1.34175376557123,-0.79948570902687,0.0161494473668933,-0.0835826267585933
Feature2749,-1.44921940229084,0.0959591222903875,0.959670796469443,1.00884748816037
Feature2761,0.128474049611807,-0.216195262556474,-2.17114877696674,-0.952828934049359
Feature2763,-3.21097031557847,-3.14402524451144,-0.664723435246734,-1.30831841103089
Feature2764,0.374160311778544,1.71617689793935,0.478280495104959,1.75231926292179
Feature2765,-0.828765479143077,-5.29614664863837,-3.48310851718539,-2.9574408358764
Feature2766,-1.23729087359197,-5.13877382161914,-2.96923472076337,-3.10550505547861
Feature2767,-1.50311402291457,3.69682434772318,2.93459962290176,3.94245151411758
Feature2768,0.688803357252892,-4.91910256113089,-13.7392557348179,-3.59461066596127
Feature2769,-0.866129609314723,2.01285830447443,2.10868274889221,2.82137235308998
Feature2770,-1.02101215347908,-4.29750563583484,-10.8484620241697,-13.725535669319
Feature2771,0.0248765800962787,-0.75596262236062,1.21960781814919,0.925173192140538
Feature2773,-0.836430773003897,-3.04904933489808,-9.08112287238816,-2.74335241143102
Feature2774,-2.89250551650916,3.604986009457,3.52024180737747,4.59968424826676
Feature2776,8.94949126737736,0.260454530435555,-3.67203048035582,3.74042683855821
Feature2778,-4.17647296186246,2.70545988667842,3.22201698262846,2.89955171311738
Feature2797,-3.85727939896048,2.73175880424641,2.58785323180672,2.65715464484929
Feature2799,3.67541038725216,-26.3857744284356,5.93539768153842,6.54630865872785
Feature2805,-0.0387032007507638,0.661430471102007,1.39464002997042,1.25864164167331
Feature2806,2.11633247187408,3.08036071628981,2.58104406081872,3.01071865165106
Feature2817,-1.02401930317697,-4.44083669346232,-5.53196402591965,-4.04232771154093
Feature2823,-6.72940471405041,5.6356254077623,5.99208328447176,5.75790069034816
Feature2825,-2.7106815096179,1.93850360886353,2.58171996039386,2.48305823892364
Feature2837,0.136658834716822,0.320941723001527,0.959727675957074,0.64461950909648
Feature2844,-1.38824048212928,-1.37430883975506,-1.97917912022308,-1.5056764537914
Feature2846,-0.488831561782756,-0.353816894391358,-0.746964900980125,-0.520798148011259
Feature2849,-0.528097093741327,-2.735550808405,-3.28033762907315,-2.7515570471665
Feature2858,4.092924400817,5.27984952680199,3.50007697670846,4.41737020748951
Feature2867,0.270931926837284,0.858316543572847,0.739750967295339,1.14986841805376
Feature2868,-0.0807353769278742,-0.740882873291695,0.0540859827884265,0.0310149297216062
Feature2870,0.206241556704494,0.852063760047611,0.348913183559345,1.10231357490078
Feature2871,2.96159472300539,3.26451312352339,4.28778887803463,3.36079578738172
Feature2880,2.55000604108915,3.67783064721692,2.59492916530787,3.63350513768428
Feature2881,2.16833440326287,2.32427247936664,-9.29085795586048,2.61987786818092
Feature2883,-1.10060999702785,-0.859565740855463,-0.764765879211339,-6.00600127615769
Feature2889,-0.0424130575896661,0.674377450642128,0.841324485238218,0.864297417186819
Feature2891,-0.0329482203923362,0.208065535962389,0.372782862786421,0.177175408086756
Feature2903,-0.655089733571019,0.54467599395481,0.701799366806913,0.515995617916446
Feature2908,0.790425095429987,0.965593856823449,1.55900934847765,1.62068221537402
Feature2914,-4.68619721828288,3.92230005408835,3.76304996622905,4.21531177324713
Feature2921,0.224955444697208,0.846565002654605,0.398752234049035,1.43997454420801
Feature2924,3.61981022731696,3.21995130758663,2.95505681173143,-11.8159303009354
Feature2933,-0.190947408725155,-0.0872936935537689,-0.651864489102938,0.322078983122482
Feature2937,-1.30378089625733,-3.16186130920636,-9.02025637561359,-6.22489159014191
Feature2938,0.480593645489525,1.01944212207479,0.914385456748739,0.247268492973327
Feature2942,0.217048701942367,-0.401028994265815,1.33086128697637,0.482507658685069
Feature2944,0.133011080391684,-0.077951174360175,0.221798308365357,0.0798626602645972
Feature2948,-0.616586404851667,-0.232635476262092,-1.10982304605428,-0.447158162360556
Feature2950,0.221560840418865,0.522840048667296,0.825470345175895,0.499047924150063
Feature2955,-0.536768577219176,-11.3629810700488,-2.56058455809978,-5.48542446903016
Feature2956,-4.54559639706601,-2.44512558652866,-3.27097814690512,-9.92634278686956
Feature2957,-0.573473049673955,-0.745219641572907,-1.00320092737283,-0.752172839802034
Feature2958,-0.465468333926681,-4.16024706019008,-1.5444370963398,-6.41416474945856
Feature2959,0.47744529538603,1.15047367613252,0.303570174306569,0.957711232151079
Feature2964,-0.673330336856125,-3.73848025616944,-2.77294815991397,-2.89534089166124
Feature2965,-1.0696517003049,-5.48151883082508,-5.1514976409083,-6.43668378572274
Feature2970,-0.608612132948485,-0.663629981759509,-0.200617143501541,-0.237338601260631
Feature2973,0.466985817144947,-0.13634208134099,0.70794827995281,1.00480762394264
Feature2975,1.20122669083832,1.6551169686215,1.71138689657735,1.95818600374502
Feature2976,0.0293793266248148,-1.24373585317096,0.307130522225118,-0.197900869136569
Feature2977,0.607223736487199,1.6577434735833,-0.00189501904082127,0.960504825934968
Feature2979,1.96342340810811,2.26703872230024,2.35504247874756,2.39697141622062
Feature2980,-0.449427847402521,-1.86444932086491,-2.24569278131273,-2.18314727306507
Feature2983,0.576674384269521,0.543985864436814,1.29970262509688,0.596501272422864
Feature2984,-0.942937943535054,-0.936226037121856,-0.817775715930301,-1.13062510840682
Feature2985,0.27380060144785,0.467809926497929,1.10275752820998,0.768231876612939
Feature2987,-0.648255785326528,1.93730721522065,1.38599301056183,1.31208850732332
Feature2988,-0.827385556831459,-0.590620165188578,-2.71658498408845,-5.7746565599783
Feature2991,-0.59367323031724,-4.26520907040992,-1.79763235182424,-3.79465307871388
Feature2995,-0.328270927799496,0.62435162710468,0.427801642284928,0.369806122944276
Feature2996,0.147427167017553,0.687579359791882,-0.255112876775777,0.43647817664503
Feature3004,-0.724392848900158,-0.744548120052136,-0.831420697147988,-0.876772940009545
Feature3005,-0.624390729230974,-3.08033683963043,-3.09329331739509,-11.6771690242135
Feature3007,-3.07186380876796,-1.23820897450832,3.3838628335693,2.46256666786105
Feature3008,-0.569265170094872,-16.8873237936842,-4.61706551497253,-1.20483943873422
Feature3013,-0.260351643401163,-7.13635605308648,-10.4290743806719,-10.3777765916066
Feature3015,-0.5332065614532,-1.82615906393984,-1.79305217273096,-2.04462765262114
Feature3016,-0.65953961515093,-1.73217176056405,-1.68817159474336,-1.89176688018415
Feature3017,-0.785483952613421,-0.526654043344556,-0.766836490290934,-0.762753119425233
Feature3019,-0.592669228462095,-3.82684968132151,-4.4037461708235,-1.18572638027353
Feature3020,-0.145160626259734,-0.322717088298027,-1.12934320087587,-0.568253413032518
Feature3022,-0.147449228963833,-1.73062489194664,-1.60151942846274,-1.89650142689811
Feature3024,2.21200235702504,2.7036765700897,2.57126886318968,2.21516229465525
Feature3026,-0.84877650925646,-3.55991937987685,-3.53339712411921,-3.51120175850174
Feature3028,7.30905815992945,-0.637344654032581,-1.8787670137435,2.68367863906903
Feature3029,-0.506499251780351,-19.0627053122097,-3.8301743541372,-6.29262191551258
Feature3030,-0.776240239482307,-3.25257518292158,-6.92237076603623,-5.06714838239209
Feature3031,-2.02683619516541,-2.73049849918781,-3.77454890672153,-2.00041598217907
Feature3032,-0.515274338838947,-2.04461718488584,-0.354304396026426,-0.0924316181867158
Feature3034,0.623508468258233,0.635835768220297,0.829101171702609,0.690654522132559
Feature3035,0.660813630611151,1.40625760526663,1.00958768312974,0.666843197561882
Feature3042,2.77790164935852,3.26327481307987,3.05874346938294,3.40593591917934
Feature3043,0.126130239012033,0.902291103173571,0.874950273872272,0.935579852153812
Feature3045,0.179682657155251,0.927822243206283,1.43758619336242,1.31171079349559
Feature3047,1.8914412169022,2.75550678286622,2.4456801878182,2.26819030177066
Feature3048,-0.483110506203136,-2.43856201723533,-7.22375872128977,-3.09256702591815
Feature3049,-1.80823138230185,-0.102796987194275,0.763791778943808,0.636006140416414
Feature3056,0.877582936807507,1.53488914916597,1.02787284449228,1.18027867253472
Feature3058,0.492749022180189,-3.15401701605891,-2.22382603204961,-3.70447417711785
Feature3064,-0.484918838025833,-3.24654675405626,-0.461952908234013,-0.542712786147146
Feature3065,-0.417533091203981,-0.600914311131054,-0.00471516493692529,0.0724543978466306
Feature3066,-0.47393043404172,-1.67240809847107,-1.54552653121008,-1.53444842181609
Feature3067,0.0104569881256681,-6.29724244413657,-1.82238634349175,-12.4536400841548
Feature3069,-0.366892524714807,-1.68684270231537,-1.3457878358152,-0.889114078937525
Feature3070,-0.676979787435438,-1.29169751700567,-1.32466784221584,-0.978022412309604
Feature3078,-0.619051393761525,-2.90950284448369,-4.56411300969816,-2.7863441525402
Feature3079,-0.408032044334106,-1.6622207030641,-1.68198152093826,-1.9411743163532
Feature3080,-2.92509930432911,-2.58915929698279,-0.0345712239525721,1.50669328456895
Feature3082,-0.71005162873208,-4.42345638897611,-10.1604636304808,-4.36798164945497
Feature3083,-2.36541443458603,0.591282993117064,0.483180726134628,0.134931018860101
Feature3090,-8.06011545932107,-4.84019888115543,-18.5779362595073,-20.8087822312799
Feature3093,-0.220389812099057,0.484972625183765,0.668313941291484,1.0043229097391
Feature3094,-0.582614244347758,-0.666076790504441,-0.307125140332957,-0.274128096530998
Feature3097,0.562296622062036,0.864245759561516,1.58079064530216,0.718530264985933
Feature3098,-0.29887671175425,0.840987363267719,1.05851782601498,1.02747025006239
Feature3100,1.69760038222294,-1.45641080750951,2.82419129984818,1.7930733869852
Feature3101,1.23404760190545,1.2607698426177,1.93785410180367,1.88334270033378
Feature3105,0.462575103407462,1.10546282742908,-0.273186723271862,0.0939889045320055
Feature3112,4.89789122518474,5.36986532489251,5.01588813703647,5.9950614249161
Feature3113,-1.6509988679208,-1.08162758499976,-1.29162355340438,-0.777808015719507
Feature3117,1.46749895069772,2.64467156425379,1.67939595936063,-3.09904048039556
Feature3120,-1.59943677060352,14.9642358137198,-13.4566873006342,18.3065798614384
Feature3121,1.22668387414688,-4.92091155597367,-18.1549841694275,-21.6940415939333
Feature3125,0.446829498892063,-4.69891862174734,-4.27419733857832,-4.71782714448369
Feature3126,-0.527370108924365,-3.27677199855366,-0.747934651720797,-0.909289742908379
Feature3128,0.573528281157284,0.621489893595856,4.39722429333869,3.49699503257806
Feature3129,-0.867142018161725,2.36747536180388,2.45285929203117,2.12217162656721
Feature3130,-0.375323347227071,-1.53526914574004,-1.64872621138966,-0.626749195811561
Feature3131,-0.878975875174517,-3.12685073087224,-1.01944447581709,-4.26380446663079
Feature3132,-0.57848472597889,2.9811603028544,3.76485777073953,3.30268844973803
Feature3134,0.82541610739856,1.82202698607077,0.65934993839138,1.40734877127363
Feature3137,-0.501794680452621,-0.690310651982811,-0.306635864336354,-0.107108708532124
Feature3138,0.00197403029381609,0.309669602265028,-3.49198125491853,-0.0605932884132499
Feature3146,-0.876872069219349,5.17353282438654,-0.441198406979595,-1.67728531553176
Feature3155,-0.737284409118221,-0.388895327736707,-3.48290251409258,-3.3965504348526
Feature3158,-0.228592297221377,0.279005314077326,0.32937229433824,0.682924287929364
Feature3159,0.25230860856606,1.16245824102668,0.593300939522717,1.4209090949544
Feature3163,-0.409258202363532,0.591424015945124,-3.27546804804671,-2.65661951087679
Feature3165,-0.422202122195417,-17.2069002778051,-2.68522580918311,-5.76001134252696
Feature3166,-0.0741361101055644,0.131934393845241,0.463347377379492,0.502229331530626
Feature3167,-0.168789035275885,0.966120011643852,0.37837822580075,0.609420886779795
Feature3169,-0.621862084135905,0.456424737249374,-1.01965957780348,-3.92278982471122
Feature3173,-0.960052055176632,-1.24927642075023,-1.20588576245929,-2.87376240054892
Feature3175,-0.0520516334266485,0.437762690787697,0.659413883091251,0.777480314654068
Feature3179,0.0207897770696745,-12.2974963145892,-4.50485287955618,-10.6380777191326
Feature3180,-6.87779888338131,1.97994696841747,1.79463848220727,2.7556966392183
Feature3185,-0.818639649760103,2.87945056147107,2.27153283953696,3.11445302325094
Feature3186,-1.70713317245923,-0.0886460148883481,-1.56159969207453,0.363791090185566
Feature3187,-0.755194114448587,-0.689593305392768,-0.377987916087135,-0.72870950448725
Feature3192,-0.361270258879363,0.210171418532614,-0.462952046506732,-0.158502311809742
Feature3193,-0.297693092150866,0.262294862923742,-0.175439107103715,0.369606882926688
Feature3195,-0.139708750785096,0.399894877506967,0.320901075283703,0.860794280607176
Feature3196,-1.0239008821047,-0.621523529160009,-1.56579818879134,-4.23134126653569
Feature3200,-1.00302013268463,-16.9114354928006,-9.6299683048563,-3.61765593946266
Feature3201,-3.86685405389126,-6.09760764259822,-2.51979470357907,-6.51045638067739
Feature3205,-1.40383228051169,1.66265825983866,2.36690050525895,-0.334898042632906
Feature3207,-0.587265344849636,-4.18992805661811,-0.271844142518416,0.00228946055068558
Feature3208,-2.42093162635929,-3.64874128135675,-2.48381157397064,-2.92792319772677
Feature3209,-13.0819952311509,-19.0976277278014,-7.79429074487605,-5.78183385106901
Feature3214,0.210514753405268,0.160742318501152,0.0204721576191518,0.170680437915958
Feature3215,-0.099079693597816,-1.87320265693574,-6.5587486970735,-6.75636874280368
Feature3217,-0.180364218497369,-4.46395123443161,-6.82561828744061,-2.00558075822773
Feature3218,-0.27521872861724,-0.124287944383075,-4.03030999968133,-4.28600244510491
Feature3221,-0.742815923976262,-0.574305706606437,0.175074960927287,-2.73046212611772
Feature3224,-0.584802506815605,0.65619766910504,0.553466776825737,1.17138373566745
Feature3226,-0.671285167178727,-0.409192212788807,-0.994563359452189,-0.639860441823258
Feature3227,-0.53553765299624,-1.62710892347857,-1.36560042968163,-2.87306855521724
Feature3230,-4.13677028580179,-0.627507587947734,-0.697455169928902,0.23780635363433
Feature3231,-0.778156188760039,0.286422057939277,-1.13260312326521,-4.00930194796912
Feature3233,-5.28819437239426,-3.18257287371981,-4.68368404733831,-3.4618093622442
Feature3237,-0.189732942793906,-0.0389523740215546,0.369218840589783,0.243768799810779
Feature3241,0.749907978412223,-7.82238098742777,-0.69488626441569,-14.023585311112
Feature3242,-1.88323911691627,-3.06586241900285,-3.74152897343874,-0.744913083508869
Feature3246,0.0842296582040454,-7.13743974679177,-8.42614130476323,-6.37855347015527
Feature3248,-1.15007228006742,0.502438788324537,-0.0680501423503659,0.456364465784427
Feature3251,-0.533390101241748,-2.67979566754892,-0.928199808116416,-0.800468481206729
Feature3254,-0.0609002048222019,-3.63132015786761,-5.29596929115262,-5.35196514636248
Feature3255,1.50740213574329,2.07650899241823,2.34318651356804,2.4829424809985
Feature3257,-0.930299652952172,-5.52746623725038,-38.4030945382786,-13.4084204603638
Feature3262,-0.432949210721074,-10.0261955822229,-6.76624906665444,-8.05847080448373
Feature3264,-0.00357944078356363,-0.0415510254500936,-0.49233322861647,-0.20578293763371
Feature3265,-0.00715392031318291,-0.346132741585784,-0.649826148383666,0.098506610452286
Feature3268,0.124062656244133,-0.286275422554047,-0.330621940400772,0.283338261320905
Feature3270,-0.119271038352295,-4.20987342443865,-3.06528845733586,-1.31977224247562
Feature3271,-0.0306675865355018,0.197504025977946,0.0529737832894905,0.0530185256018363
Feature3273,-0.286395248592456,-6.86164849089192,-3.57193754649206,-4.52907604477447
Feature3274,0.271816341180196,1.01366849684295,0.596704203337757,0.75084376910354
Feature3276,-5.22109147489931,3.25073929637735,3.5592735252256,3.29219302928222
Feature3281,-0.0321044543513826,0.232785284997579,0.125799022602723,0.398308962217576
Feature3282,-0.754624574887119,-0.629902240961156,-0.550820375783292,-0.624740515784353
Feature3287,-0.741311679685388,-0.329448323148283,-1.33255920707962,-0.899427080806337
Feature3290,0.344602786181738,1.53084740305367,0.633031165828942,1.39282207663355
Feature3291,-0.184878693401434,0.320933314925441,0.318305342583876,0.719039747390418
Feature3299,-0.359136667554064,-0.135821452765502,-0.115054189966878,0.224834110083261
Feature3301,6.25531280501396,1.61428053678394,2.70368447252532,3.62157605414007
Feature3302,4.13280066082217,-16.6589143537215,-5.6049831069431,-27.9868904100197
Feature3311,0.676974349338476,1.66754228959975,1.31220552564312,1.75146286899639
Feature3312,-0.40352429491547,-0.203909906134812,-2.1379275937979,-1.20884449395358
Feature3318,0.205807207181654,0.0163832257393503,0.111293286452689,-0.259401028202735
Feature3319,0.501105401429029,-4.01080725961631,-4.72327004970333,-14.976998082301
Feature3320,-0.168121071721024,-4.56047550941205,-1.60999743653153,-1.11733866266997
Feature3323,2.40323485978802,-4.90672292874646,-5.75425862603871,-10.4418259298474
Feature3326,0.195866782849544,-0.345695384556401,0.0580719151886221,-0.59801084724311
Feature3334,-0.0500278250083078,0.205784562553641,0.0775289313521455,0.0605481660644314
Feature3340,-0.595505794067092,-1.10107433300767,-0.885633947596873,-2.77420523121742
Feature3349,1.72137261878173,-3.58610844751472,-28.0231294318567,-10.7473400767569
Feature3352,0.345175884490386,0.219481205797409,0.186991313958441,-0.203826923736208
Feature3366,-0.694167238655826,-4.86090569173074,-7.31053590300895,-9.38924549886532
Feature3367,0.0526757392320519,-0.326695994197337,-0.0504189792019211,-3.11081910114864
Feature3370,-1.17357984567522,-7.7247539159776,-5.36631030006365,-4.25886585569276
Feature3371,-0.53580852057748,-1.04395747698963,-1.22782116042069,-1.74220962837775
Feature3372,4.2611591298757,-1.42658013219102,-5.20005912377896,-0.427083951755407
Feature3373,-0.906730412539405,-4.52500356876316,-5.05773180813663,-3.01491830320672
Feature3374,-1.13310123458987,-2.6795138595815,-4.9263396991035,-11.1561638576538
Feature3375,-0.118303972058292,0.446832459147799,0.28680792389632,-0.182994084898114
Feature3377,0.276438397854094,-0.48155208498476,0.730104184153254,-0.0306944449677594
Feature3378,1.27586972110792,1.49546053921848,1.81933247826894,1.62359017038339
Feature3384,-0.982612314295282,-0.446662015519087,-0.393591426367673,-0.0629773644680744
Feature3385,-0.587917035273438,-3.65075325872847,-10.232435730398,-3.82177740978184
Feature3386,-0.0656340991468794,-3.03123406050933,1.04675727194706,0.327299293295703
Feature3390,-0.80020668653821,-0.678290916378848,-1.43619067117051,-3.84781866972186
Feature3391,0.299030907371134,0.0583756025952014,0.088295142813213,-0.220081856103596
Feature3393,1.35691418856984,1.89756063593757,1.2537793834997,2.67184823369397
Feature3397,9.87760445771068,0.189102898981013,5.78595403916313,7.408812119803
Feature3401,-0.0151452052510913,1.02660782463637,0.489378379369123,1.34715765978282
Feature3402,1.20972256463303,1.86619750710054,1.47263263273143,1.53290307104239
Feature3405,-0.0354563965065914,0.852329431923822,0.532807957059558,1.2922280666698
Feature3407,-0.0777498143609398,0.19108726105919,0.0264262573007624,0.00892702108993629
Feature3408,-0.177334681723434,-2.69703105802595,-7.6818293595343,-5.28143124511329
Feature3410,2.76945244882548,-12.2021011723742,2.83335822982855,4.71475040088076
