Feature,symrk_p_adj,ccamk_p_adj,nsp1_p_adj,nsp2_p_adj
Feature16,0.729057194754646,1,1,0.0287399980261134
Feature17,0.904741437282028,0.264550124346564,0.800989907200773,0.272580058917936
Feature65,0.000613871388633828,0.786628392709324,4.11084148055352e-07,0.00152229491574596
Feature76,0.544949737183402,0.032579432268322,0.00118701801200966,0.0239536520462535
Feature77,0.499407073709287,0.316912608632756,0.762845616046184,0.102177426096686
Feature79,8.84852146665338e-07,0.00139955401736962,9.54067754429152e-08,0.0104270757685828
Feature80,0.286514382967571,0.225011970463392,0.209501515446546,0.038044913127555
Feature84,0.108717428763918,0.614500896009026,0.854949428798094,0.00421241582723787
Feature96,1,0.146256058246389,0.0778019741243408,0.0139161381088191
Feature100,0.00267948587232037,0.064344652277828,0.120635629322452,0.0536058407211421
Feature101,0.131611693041962,0.413653155060293,0.754751116527117,0.235572136284167
Feature114,0.518373314151562,0.9746656069011,0.551757548703288,0.0144448140936311
Feature115,0.455676561049743,0.629862359532899,0.384875868899164,1
Feature116,0.0922694136103702,0.303071481937645,0.00153916048694497,0.000438664117584462
Feature119,0.0225168667564269,0.509512676908079,0.000443290751301519,0.0504386347004577
Feature125,0.498326530114874,0.0459501516004586,0.248195579477877,0.331515868554558
Feature126,1,1,0.00912609682637569,0.0276437876674142
Feature127,0.678752566598651,0.711308461261798,6.82322491840637e-08,2.60262307936188e-05
Feature128,0.499407073709287,0.152620576797437,0.00497011212840474,0.0307712169629863
Feature131,0.256114487881204,0.693876930722196,0.322958059741338,0.00684395044292762
Feature134,1.75005336413308e-05,0.00383801448188924,4.90599497214218e-07,0.0390128733411498
Feature135,1,0.342577874554883,0.120635629322452,0.00480876114986151
Feature138,0.550448020861895,0.684956840417167,0.30664450226731,0.0419083447282888
Feature139,0.0418043081319551,0.872124216465175,0.00635407244284828,0.0227887992652263
Feature141,1,0.326180073753732,0.626833530427172,0.407395717022547
Feature142,0.00582009860610179,0.292289736171316,4.51235733192057e-06,0.0034509249772086
Feature146,0.864952657568059,0.0499288420033878,0.0233859531985141,0.0257829275991799
Feature148,0.64023480185892,0.072445495482583,0.0397711454346953,0.040566565003664
Feature149,0.19971255937155,0.27091041452664,0.027290151087795,0.0289622016483803
Feature153,0.000432237171507397,1,0.284105727299173,1
Feature154,0.651346217222857,0.993441408620616,0.864821514506961,0.505414213015575
Feature159,0.813766246475844,0.5605942144521,0.352966765484916,0.157925270363244
Feature160,0.232099042576356,0.0756361712899147,0.000936723837737591,0.0250875637772551
Feature161,0.383205559637765,0.271932170846748,0.201735714056435,0.177033387335875
Feature163,0.972329890034323,0.728924418045506,0.363547972773154,0.224492608027
Feature168,0.436193787561921,0.483377193789482,0.687009960206901,0.187792569057641
Feature174,1.05274570526781e-05,0.00484865491729782,0.493343058467306,0.000250968524908697
Feature176,0.00161954748645054,0.660762913878352,0.0189735948471471,0.0146544445440364
Feature177,0.0137039080239027,0.246306747567464,0.602089252075981,0.298220303146834
Feature178,1,1,0.0900342644150534,0.365693706918072
Feature180,0.890271080886645,1,0.2926604065568,0.52576984818512
Feature185,0.00159903515254052,0.118212295598196,0.0667955442726367,0.00111422828169539
Feature186,0.00940285263648668,0.0665851146049118,0.206044683614784,0.00164091845332045
Feature187,0.0250563800134158,0.935490230556638,0.287043878518536,0.96993956641722
Feature188,0.00334258646238343,0.149116245718835,0.268523579053619,0.159022306845943
Feature194,0.776979607725795,0.0405481469452239,0.010251284771751,0.149329842762784
Feature195,0.606438540605946,0.00947378409073741,0.000131445822270492,0.00684395044292762
Feature197,1,0.0728463665803801,0.0401010922448952,0.0407650040753211
Feature200,0.400907383590774,0.26488171057666,0.397103136179012,0.373036843355353
Feature201,0.813766246475844,0.827891209781198,0.946778738133276,0.670959808602966
Feature203,0.426011978116317,0.552615742425538,0.741189006675969,0.0428201969149183
Feature205,0.788721819159946,0.0176807985862176,0.0810134520358627,0.040566565003664
Feature207,0.209286646804124,1,0.00282769223695512,0.0669763981819898
Feature209,0.237190425733139,0.527981796134137,0.000439723263087602,0.314588041980439
Feature210,0.00152644024653386,0.0575755323547609,0.000776199392757842,0.00823446844187664
Feature212,0.00248073833159979,0.306146711223667,5.16641179980662e-06,0.0151636257361278
Feature213,1,0.40382354856691,0.116553038674588,1
Feature214,0.359539566018122,0.405608640125249,0.0142145322516726,0.00886016090132612
Feature215,0.0700545921219699,0.326180073753732,0.0278409307520807,0.00349086595355068
Feature218,0.790425151561289,1,9.84800282924077e-05,0.0247731817597769
Feature220,0.23655678986588,0.956588809249266,0.15940567344733,0.158936495466701
Feature224,0.646379279231618,0.170872932335041,0.304339394023965,1
Feature231,1,0.2740498978159,0.706972010706704,0.355278709030258
Feature233,0.433071979827661,0.0264809221859546,0.00388328294327001,0.0590571005892109
Feature236,0.448570262737432,0.605520991925333,0.628663039949521,0.261767339665692
Feature239,0.478917617605905,0.986105343266609,0.0847128729305211,0.346774684021626
Feature243,0.814620707387841,0.447679217272821,0.710386019609008,0.462110147756693
Feature244,0.795555881963006,0.332681196957377,0.392090458360625,0.199331487872291
Feature248,0.00100126786542482,0.897650998805527,0.00048327921268416,0.016877620220914
Feature250,0.000654150715058939,0.142309024078248,0.710386019609008,0.000489409251345189
Feature253,0.252355784039374,0.496672287770855,0.101967262223792,0.353296240025086
Feature257,0.602752157370987,0.0176807985862176,0.264650302956811,0.00877571751878941
Feature262,1,0.0176807985862176,0.000716199324825417,0.0106833532479396
Feature263,0.00406597851422278,0.6850596628271,0.058625457413322,0.0317439347030466
Feature264,0.486663491916048,0.142309024078248,0.0132287256393593,0.0542734657838375
Feature268,0.113589861588597,0.454858607328667,0.00011191145957886,0.00872356965913051
Feature269,1,0.0176807985862176,0.000659063796907975,0.0110402631407218
Feature270,0.581575658900776,0.790868974334394,0.687009960206901,0.331515868554558
Feature271,0.486663491916048,0.0589129575759806,0.000926884829929881,0.0326928947634666
Feature272,0.599019217505602,0.0575755323547609,0.00154063206266204,0.0427357120634638
Feature273,0.577618148972052,0.0111370867342354,0.111538144412541,0.017598839362891
Feature274,0.773097904840035,0.398717749986415,0.000861933085893527,0.38146844013096
Feature275,0.229451919995367,0.752495602176048,1,0.677694990720235
Feature276,0.000556777424668583,0.000449085579327857,5.53945120457097e-06,0.000173041152969677
Feature278,0.916514292991484,0.316906773626195,0.0422927957463952,0.00135668275348169
Feature279,0.818377111863481,0.762233603672893,0.824131780809412,0.205612126197746
Feature280,0.499407073709287,0.029033584828845,0.000452609012225828,0.00804033433179499
Feature281,0.00448536556142164,0.039510477276747,0.00180876564462707,0.756356010170762
Feature284,0.103115468404513,0.714179485838703,4.93596854210328e-05,0.0015791497913063
Feature285,0.230399934682635,0.0303931821703716,0.561374296797322,0.48351318606502
Feature286,0.0618292543725386,0.233060111522981,0.0660056735887329,0.721724944751447
Feature288,0.0604116531722804,0.43615299418008,0.826959946531262,0.0380446087605488
Feature290,0.920059102348161,0.148897469015057,0.0452500566403073,0.887705844209473
Feature291,0.748260935113356,0.855128627057234,0.47257473933919,0.797554223572051
Feature292,0.941431342115875,1,0.120635629322452,0.489891478547567
Feature293,0.110324363194409,0.26488171057666,0.0916687034080521,0.0459092235370477
Feature294,0.661302255684447,0.546124671665751,0.15813847397706,0.35390167379295
Feature303,0.352464776534474,0.26488171057666,0.248195579477877,0.115884380019677
Feature309,0.695294238306434,0.047236574090287,0.00335122729390871,0.0314761647514936
Feature311,0.514239341874869,0.552472356026945,0.304671322112416,0.349381295433294
Feature318,0.695633183934998,0.0495579224849932,0.193150504722603,0.772030893398205
Feature319,0.613355216012258,0.629193438743944,0.646835026622125,0.0629856063908777
Feature320,0.00724106781863265,0.142309024078248,0.331364029672643,0.00838411908478935
Feature321,1,0.647772307556121,0.681326596803132,0.369897039125429
Feature324,1,0.217876524297265,0.149857582922704,0.0358096344757773
Feature328,0.788721819159946,0.793482872604462,0.058625457413322,0.232493555802056
Feature329,0.471820392272472,0.636110913536172,0.576366096305434,0.374544261744565
Feature331,0.624052884494649,0.46858296820812,0.0413060560413762,0.606246422788239
Feature335,0.383205559637765,0.151758085812399,0.00890017853675358,0.0152458783938588
Feature336,0.00931549790072793,0.272728328896311,0.646835026622125,0.485409836004512
Feature347,0.725262209215207,0.318323256305429,0.687161902186305,0.699201704464432
Feature348,1,0.438390372896439,8.33849112639332e-05,0.0059120965011228
Feature349,0.788721819159946,0.0636615047157603,0.0331478736422905,0.140156042629857
Feature350,0.902344263988526,1,0.0393783884324633,0.225093020206092
Feature355,0.184914272728873,0.0176807985862176,1,0.225093020206092
Feature356,0.504617346167687,0.0182069869958687,0.00118701801200966,0.288311624964577
Feature358,0.957943412804802,0.466717958566492,0.621309184347319,0.180267924982043
Feature360,0.358682806215903,0.52556022338396,0.00798093515440679,0.125580212765842
Feature361,0.724492961405568,0.997397025596449,1,0.160491786530673
Feature362,0.000426140793874971,0.745964862690359,0.35061652947702,0.119930153533531
Feature363,1,0.201276245882025,0.00174791254496789,0.0264710571644522
Feature364,1,1,0.00418979832561782,1
Feature365,0.174831717504636,0.233060111522981,0.314029554054996,1
Feature372,0.748829435106578,0.286507912640313,0.000487628990383667,0.00529412106836857
Feature374,1,0.198616119504074,0.0102502914279642,0.0936084478982388
Feature376,0.437506331171708,0.371668576857878,0.3092189055666,0.721724944751447
Feature377,0.233017650381634,0.981757087429868,0.052086313023029,0.345520482091106
Feature381,0.213304783442497,0.728924418045506,0.983236353813073,0.562675220813553
Feature390,1,0.310053391723078,0.850645869669146,0.224492608027
Feature392,0.0860232759074158,0.0939281174627398,0.000134492509518847,0.0953142143253903
Feature393,0.00267948587232037,0.202890643295399,9.44102158371354e-06,0.276976435780488
Feature394,0.00243054185181101,0.0831270786435855,0.0180827235687061,0.0408223286855176
Feature396,0.313424106771163,0.624151835932459,0.00450892495962485,0.0123605148442233
Feature397,0.0744722810311047,0.883382203603223,0.406125489261452,0.0456290190275211
Feature401,0.984976801878339,0.242050869411775,0.501233768282199,0.0409026041795995
Feature409,0.252090722396607,0.647943257989672,0.643557411180493,0.848644477786466
Feature410,0.550448020861895,0.447587139713859,0.762063217835996,0.208013808597631
Feature417,0.00108084035970733,0.249348785449718,0.000510388242853473,0.00533188848267711
Feature420,0.000511655154495964,0.547332106923282,0.000221768855799023,0.00271017797108485
Feature421,0.833344544859039,0.787399165125986,0.431701146032609,0.192101863165621
Feature425,0.209168758782987,0.747530704401448,0.000131445822270492,0.0504386347004577
Feature429,0.845131350891488,0.445912567893692,0.856024856902203,0.360202028779536
Feature443,4.3504206259648e-07,0.00149351717782644,1.62228473366e-07,0.0276678509286794
Feature444,1,0.613017353868937,0.393952997496591,0.123535279935615
Feature446,0.244382316287967,0.713597530516411,0.960238907826639,0.501790109948678
Feature449,0.999850660979988,1,0.369655008776198,0.455432072517363
Feature450,0.610139270707966,0.413653155060293,0.0450402873822959,0.18776560236746
Feature451,0.813766246475844,0.162031198895211,0.0201146705149628,0.393324388244086
Feature455,0.314210908451765,0.0264809221859546,4.40501313374745e-05,1.8580850226139e-05
Feature459,0.0914933764363325,0.000197251655234876,1.28897412021711e-07,6.95438892176862e-06
Feature460,0.108717428763918,0.00447287338952369,1.74624998057608e-07,1.37037056639292e-05
Feature461,1,0.431841542654676,0.533706249154629,0.160491786530673
Feature464,0.692853526404702,0.526226358965934,0.644941607405627,0.0783526788609284
Feature465,0.118195045577504,0.280722367789097,0.158397801629405,0.0138726506448817
Feature467,0.19079887325278,0.21520694264102,0.0539204309305571,0.503825239805995
Feature468,0.863645859791555,0.938460144506271,0.0801086227731772,0.0405543792896607
Feature471,0.0551442005820192,0.445912567893692,0.0014713665226064,0.0201025754488823
Feature477,0.251849225222034,0.883382203603223,1,0.505414213015575
Feature479,0.546336091759567,1,0.897420797593805,0.38146844013096
Feature482,1,0.826469240633286,0.0375173279886811,0.162021025835893
Feature485,0.723703133989972,0.624151835932459,0.111964105630481,0.761637983061644
Feature490,0.000729049712187319,1,5.53945120457097e-06,0.000727361817995677
Feature492,0.814620707387841,0.47934633863458,0.118934944971698,0.225093020206092
Feature499,0.815504203544523,0.423274967857812,0.561374296797322,0.900148125907165
Feature505,0.620734275848588,0.528752162508062,0.317587573238817,0.0292831942389934
Feature507,0.00904146162652552,0.128827136187516,0.00130794856519087,0.576171752319145
Feature511,0.26324754692329,0.546124671665751,0.800742004172695,0.0706438162429043
Feature526,0.658777703999226,0.492545099695261,0.514087987101362,0.301789203070422
Feature530,1,0.0140749499693357,2.7131040531663e-07,0.00135668275348169
Feature535,0.000654150715058939,0.0604653347841981,0.315806016243531,0.044607338536743
Feature541,0.477629454120662,0.833498192653551,0.123494243541564,0.345520482091106
Feature547,0.320731400488767,0.826469240633286,0.325068460351314,0.215305145373378
Feature550,1,0.709672129218766,0.900009174628395,0.0473875565450241
Feature551,0.537703055507906,0.0775687741698818,0.934328869022177,0.489636777680634
Feature552,0.730325501974867,0.374990158925092,0.00912609682637569,0.199331487872291
Feature553,0.822399592778683,0.711308461261798,0.278862978393238,0.175884325026439
Feature554,0.242371033859746,0.70651148960808,1,0.689268963981964
Feature558,0.434809962323071,0.751158085113453,0.00287029723827546,0.0860851859970037
Feature559,0.803930805959056,0.0404017122110182,0.0629174938681093,0.0797376040639894
Feature562,0.192043152176561,0.60114802250696,0.013749768288445,0.789693309137894
Feature565,0.00675603672481749,0.893177375090478,0.000424936376218679,0.000380474518056278
Feature568,0.499407073709287,0.935490230556638,0.562993195436975,0.341909516879935
Feature570,0.613355216012258,0.0234133584045833,0.017470230188024,0.0214387781991152
Feature578,1,1,9.44102158371354e-06,0.000213507725657758
Feature584,0.90885136255515,0.112463652503758,0.14017518135705,0.0264710571644522
Feature585,0.477629454120662,0.46858296820812,2.42626320883232e-06,1
Feature588,0.26324754692329,0.0816089783356635,0.376015880195873,0.000489409251345189
Feature596,0.495762621324218,0.975609351926606,0.850107653872322,0.196812159127917
Feature599,0.896932801594655,0.432974820582811,0.116592662048243,0.0276437876674142
Feature602,0.269023743659775,1,0.150818623888005,0.926186095061534
Feature603,0.0704643416883058,0.64960555773448,0.000363882445510283,0.101777384365971
Feature604,0.00323115726988218,0.445912567893692,4.99443258844841e-05,0.474383720059954
Feature606,0.306693025485602,0.713597530516411,0.551757548703288,0.843559143974951
Feature607,0.0129779799052674,0.650950415090323,0.329942553594774,0.261923121455636
Feature608,0.558164230663509,0.37499183479687,0.058323114100676,0.0504386347004577
Feature609,0.818377111863481,0.543004720078291,0.952485354510742,0.0123605148442233
Feature613,1,0.920545354124051,0.561374296797322,0.166363755098288
Feature617,0.814620707387841,0.287099086356553,0.996538900830869,0.0131600234076997
Feature621,0.144949825414003,0.0891834723844749,0.0505602743767011,0.0492586986032543
Feature622,0.867129600288192,0.0670715976986062,0.00607980711023714,7.56484727137408e-05
Feature624,1,0.837988992733261,0.907774859857753,0.147744144996573
Feature625,1,0.43615299418008,0.188021506801875,0.467508773594231
Feature626,1,0.725031146034628,0.549075672128376,0.0194942847108982
Feature627,0.470702512879426,0.445912567893692,1.2255363025145e-06,0.774984177331638
Feature639,1,0.0142369118328682,0.00431622201435783,0.027885144806131
Feature640,1,0.532179855148905,0.219862829181229,0.0142705876966969
Feature643,1,0.151758085812399,0.0183339420387327,0.000144489011878286
Feature644,0.455895766616892,0.260922107881931,0.185135594253196,0.557792251083004
Feature650,0.083686501771449,0.110605384463941,8.16246516751606e-05,0.0329078079411193
Feature651,3.97255648171784e-05,0.0111370867342354,0.00026880925582275,0.00417106342973403
Feature654,0.593199589469461,0.0670715976986062,0.036081228602383,0.349381295433294
Feature660,0.0028939400624395,0.920650448547357,0.402504342332289,0.789693309137894
Feature662,0.989925179712355,0.163594867415328,0.578697176195714,0.135573604787642
Feature663,1,0.0548708381175162,0.0267370600906276,0.0283873276984815
Feature670,1,0.524768209349455,0.91262879614253,0.485409836004512
Feature671,0.687664208812944,0.326180073753732,0.965360995953435,0.762712878839743
Feature675,0.299195545945279,0.598169582233191,0.0411372462886964,0.208464929142548
Feature678,0.877597302277275,0.919001188364119,0.000899116089251181,0.426161135809843
Feature679,0.836589437895125,0.319655821763766,0.000439723263087602,0.556428330900303
Feature680,0.0745765146978399,0.193497076062202,0.492155003400148,0.00670994943154111
Feature681,1,1,8.34790958705742e-05,0.00518748547652004
Feature682,0.853229785198232,0.316906773626195,0.650507278572972,0.11059062631224
Feature683,1,1,1.16219362914292e-05,0.0204900727383329
Feature684,0.226608022526857,0.196360739343747,0.120635629322452,0.379330925055763
Feature685,0.499407073709287,0.010861501256836,0.769500427198827,0.0144448140936311
Feature690,0.448570262737432,0.320294345942846,0.00471309713758548,1
Feature697,0.788721819159946,0.332502275332965,8.16246516751606e-05,0.000201758545196536
Feature698,0.00127802215201399,0.0575755323547609,0.00929613199596486,0.0377297456055849
Feature699,0.00152820127955206,0.112930774682478,5.53945120457097e-06,0.527591550940382
Feature700,0.672846571300169,0.149116245718835,0.809369336516086,0.0560357881213991
Feature702,0.550448020861895,0.46858296820812,0.683191109571026,0.0504386347004577
Feature706,0.839597485260793,0.321568134933751,0.948427171052352,0.00551201065572229
Feature707,0.794221463460525,0.365675690401417,0.652522370906927,0.0838285926786287
Feature708,0.00100126786542482,0.446527466290597,0.000473289693567588,0.0174439494077203
Feature709,0.628280566796431,0.629193438743944,0.304712381656146,0.426161135809843
Feature714,1,1,0.00287029723827546,0.0483870152812111
Feature716,1,1,7.4208853024671e-06,0.0621210622265186
Feature717,0.477629454120662,0.445912567893692,0.000200858369294587,0.00551201065572229
Feature718,0.53475244425891,0.910304000946245,0.0292910545773986,0.238506140200321
Feature719,0.143719424385319,0.855705314478066,2.09761268660236e-06,0.357439650098672
Feature720,0.269023743659775,0.200352789072737,0.842093634130586,0.197120634236789
Feature721,0.26324754692329,0.0324280775230353,0.576472865077029,0.345520482091106
Feature722,0.00364615691852618,0.321537371823223,0.266196285440327,0.737950756969498
Feature723,0.887866101060109,0.981597896055861,0.315230297877268,0.307351911318512
Feature728,0.514665741711891,0.365675690401417,0.710386019609008,0.0120088805279998
Feature729,1,1,0.0306567140707333,0.0459092235370477
Feature730,0.0176245630781995,0.509512676908079,6.27659636276708e-06,0.0465457129573448
Feature731,1,1,0.0102336581932385,1
Feature733,0.864952657568059,0.764503994504776,0.329820793219345,0.233587440701891
Feature737,4.3504206259648e-07,0.000466469611659193,6.82322491840637e-08,0.0100160250201985
Feature739,0.160309093450334,0.614500896009026,0.158397801629405,0.115405016204522
Feature741,0.509210343683022,0.605520991925333,0.45577171867634,0.167506786174734
Feature744,0.144949825414003,0.264674799241583,0.0016425896127843,0.0123605148442233
Feature747,1,0.817989317431489,0.91262879614253,0.715030807942927
Feature752,0.724906373795238,0.357087355314066,0.00156139247281478,0.18776560236746
Feature758,1,0.0642919325361858,0.000600061400412904,0.0507207595326747
Feature762,0.477629454120662,0.445912567893692,0.000233583857542928,0.161297702525432
Feature765,0.090438839880487,0.0151150379955135,0.00115701775577518,0.0264710571644522
Feature766,1,0.110470094574225,0.00789073873368833,0.0111720099362305
Feature770,0.240640665734656,0.790868974334394,0.693991929994705,0.864473977598007
Feature772,0.886804803501745,0.975609351926606,0.0801866582091153,0.182825259047281
Feature773,0.443255931275443,0.356397783388643,0.0578967699600152,0.372582045131466
Feature774,0.253034372968579,0.142309024078248,0.0234922608126753,0.0699035401481289
Feature775,0.00987897815175725,0.07469435218512,8.16246516751606e-05,0.0459092235370477
Feature776,0.477629454120662,0.445912567893692,0.000530251818016613,0.140903923940262
Feature777,0.481655097053416,0.447679217272821,0.000413828578101749,0.13163718917134
Feature784,1,1,0.0923630150468377,0.00135668275348169
Feature787,0.384349164066407,0.16472369661654,0.155858604457809,0.139934317651977
Feature792,0.536501040661202,0.181920076722458,0.00287029723827546,0.187090843149551
Feature800,0.00668898158581474,0.857302746008991,0.058323114100676,0.730414315130532
Feature801,0.191711707822305,0.133312764814233,0.177632880218097,0.188977932986134
Feature804,0.699199212072473,0.629193438743944,1.16219362914292e-05,0.388504744245566
Feature805,0.485355094542717,0.316912608632756,6.85870529438595e-05,0.380713231935456
Feature806,0.864952657568059,1,1.63593564050313e-05,0.00963941553792398
Feature808,0.0400928209691118,0.0524499855552096,0.993298841438456,0.111555593778272
Feature809,0.363584601187559,0.80579352932372,0.0439358067273635,0.505414213015575
Feature810,0.242371033859746,0.781856940964114,1,0.342689573826251
Feature813,0.538809625870781,0.705692441050566,0.763919941393267,0.0235975987497252
Feature814,0.00771547626826433,0.714179485838703,0.0351901669713833,0.00233701980461541
Feature823,0.174831717504636,0.821036063763707,0.2076541161962,0.170414490239824
Feature824,0.477629454120662,0.817934717874539,0.53640415202541,0.33691748864095
Feature826,0.00389351193275672,0.263971733048927,0.000360232652183625,0.167506786174734
Feature827,0.867255961894287,0.0211874915232419,0.00113840290098733,0.0380507268507628
Feature835,0.209286646804124,0.345016696639545,0.010322246383141,1
Feature836,0.814620707387841,0.576624418178088,0.522409810366967,0.0854382780629692
Feature839,0.0223439624067894,0.0242750753628391,0.000926884829929881,0.0883936976134219
Feature840,0.96125482599396,0.320606814926324,0.206244552360184,0.689268963981964
Feature841,0.438359504390964,0.833498192653551,0.764125222213922,0.394540202743543
Feature849,1,0.838909632696682,0.0297367355059453,0.0403581006198354
Feature852,0.39883005143963,0.0176807985862176,0.00605606878650142,0.0406961643754975
Feature853,0.470702512879426,0.569925776464971,0.646835026622125,0.231751213913718
Feature856,1,0.187637361503324,0.0140141276042458,0.485409836004512
Feature859,0.477629454120662,0.177738294109093,0.821568209657383,0.0316500524526701
Feature872,0.867255961894287,0.26814886991852,4.16197727077477e-06,0.000404811369265479
Feature873,0.000654150715058939,0.142309024078248,0.10787877055988,0.345520482091106
Feature877,0.174831717504636,0.489522946249644,7.30716075516865e-05,0.0130151472382234
Feature878,0.478917617605905,0.445912567893692,0.399117094815171,0.114844077471993
Feature879,0.385866570662749,0.310053391723078,0.173380031549138,0.699474025355523
Feature880,0.419327634105971,0.303071481937645,0.846462543415464,0.720437206392288
Feature882,0.242371033859746,0.425851673877823,0.0043943932124728,0.00684395044292762
Feature883,0.788721819159946,1,0.514087987101362,0.102131426677121
Feature884,0.256114487881204,0.552615742425538,0.0233859531985141,0.474383720059954
Feature890,0.366077919368623,0.981757087429868,0.514087987101362,0.472256574460389
Feature893,0.544949737183402,0.495973401737176,0.681761849340936,0.339834952795967
Feature894,0.412268005213965,0.0270557502861966,0.00154444481078002,0.181060053699935
Feature895,0.248108982596392,0.559448862033831,0.864821514506961,0.708273507939609
Feature896,0.0343452886628937,0.605520991925333,0.922045771847183,0.115405016204522
Feature899,0.448570262737432,0.64960555773448,0.115729681913141,0.181060053699935
Feature900,0.00598182300086889,0.856030462054696,0.681761849340936,0.507481310537906
Feature901,0.577618148972052,0.0596076896519229,0.00413656329049706,0.0452261014968549
Feature907,0.0290261024158873,0.810786505049051,0.223811615356118,0.0142577322441563
Feature912,0.190971762830581,0.255859855573539,0.295709132200476,0.426161135809843
Feature914,0.320347793875488,0.747530704401448,0.566013872596504,0.322224810180043
Feature918,0.0388079886769617,0.000527919279120289,1.62228473366e-07,0.000119771639162991
Feature919,0.0102606554521608,0.0723468847450146,0.139433722063768,0.0669763981819898
Feature922,1,0.265015535714246,0.836411614038103,0.0492586986032543
Feature923,0.000205952279265597,0.492545099695261,0.0021159257623241,0.0358096344757773
Feature929,0.41778531237781,0.8558144715893,0.826959946531262,0.518243827626972
Feature931,1,1,0.0027038585314189,0.0120088805279998
Feature932,1,0.364130353387068,0.000751548263495698,0.427767717382496
Feature933,0.00243054185181101,0.0546439893258881,0.150189449131762,0.00233701980461541
Feature936,1,1,0.0104800285505902,0.0448862886857297
Feature937,0.00856358999463059,0.989857608934538,0.839798575483252,0.345520482091106
Feature939,0.833344544859039,0.779881878921994,0.0256457509235949,0.0276437876674142
Feature940,0.242371033859746,0.711308461261798,0.282136435400682,0.00968528728295058
Feature945,1,0.316912608632756,0.158397801629405,0.00762927243966932
Feature946,0.0731378104788413,0.167584250839448,0.10916962463614,0.0995031495120701
Feature948,0.741779673649534,0.287099086356553,0.516615523331358,0.123051144265929
Feature950,1,1,0.00588881768082408,0.0977540408970631
Feature956,0.589624673062939,0.239086722732195,0.164907052006425,0.14827480648948
Feature957,0.269023743659775,0.693876930722196,0.012501349511655,0.688141784148466
Feature958,0.256114487881204,0.316912608632756,5.80305123923066e-06,0.120121601880993
Feature959,0.83263115404497,1,0.493323390180169,1
Feature961,0.346621869316795,0.779881878921994,0.20928450403809,0.183723642349848
Feature970,0.346084865410109,0.787399165125986,0.8479974393295,0.991241613259588
Feature971,0.504617346167687,0.34116655634608,0.269925304208627,0.0610569670204378
Feature972,1,0.162031198895211,0.922045771847183,0.192101863165621
Feature973,0.00334258646238343,0.0472223179681378,3.36784520756831e-06,0.0029317299216096
Feature974,0.938509866349482,0.162031198895211,0.104843737625515,0.372582045131466
Feature976,1,0.221655135791919,0.0120551589519412,0.00195821883418637
Feature979,0.415880664575388,1,0.897716444403904,0.325518528301969
Feature992,0.0224647283396101,0.728924418045506,8.3187363121865e-05,0.00121824210628543
Feature994,0.902344263988526,0.447679217272821,0.710386019609008,0.0928159421245382
Feature997,0.17772240998814,0.403073129292375,0.234998457998274,0.996389554212787
Feature1001,0.0154759400141361,0.326180073753732,0.210617090084491,0.11526301370826
Feature1010,0.0146601348801864,1,1,1
Feature1011,0.376817940840759,0.97759394324808,0.00103514461464803,0.0366462253320526
Feature1012,0.00853676857627848,0.935490230556638,0.0455251931351954,1
Feature1014,0.80210716609982,0.483377193789482,0.660795257799128,0.844389115764039
Feature1020,0.557132808551212,0.201276245882025,0.792142900160042,0.00911809032334665
Feature1022,0.557132808551212,0.159050735633996,0.010251284771751,0.0405261879426935
Feature1023,0.658964252141241,0.112930774682478,0.00340833215699437,0.0679974938310195
Feature1028,0.0295250103853863,0.920650448547357,0.3092189055666,0.0269548355811743
Feature1031,1,0.281494771500714,0.840376521479365,0.0358096344757773
Feature1037,0.957943412804802,0.344309056336643,0.287043878518536,0.249370113996441
Feature1039,0.468638070847107,0.842714029699249,0.853348356060035,0.342685597996261
Feature1040,0.286514382967571,0.156861341728174,0.0122869995510577,0.0492586986032543
Feature1041,0.813766246475844,0.308102383841144,0.650547589295201,0.0610569670204378
Feature1042,0.872146942623465,0.0745461369304081,0.00148252077392654,0.0804590458634927
Feature1043,0.992715638822683,0.201276245882025,0.573466436514943,0.489636777680634
Feature1044,0.321153310049029,0.298009438686115,0.00117956273342992,0.000438664117584462
Feature1045,0.494987652144703,0.46858296820812,0.0114085178928208,0.0144448140936311
Feature1046,0.0809691240704055,0.07469435218512,0.000977922897712041,0.00230310984528277
Feature1047,0.867129600288192,0.000449085579327857,0.317226384718917,0.00727370160258167
Feature1048,0.468638070847107,0.10075235539493,0.0572248869461558,0.0542734657838375
Feature1050,0.467977952832413,0.0142369118328682,1,1
Feature1052,1,0.0255937245811787,8.43010396145489e-05,0.0293156589908421
Feature1053,0.0146601348801864,0.575628592152298,0.852045401082118,0.372582045131466
Feature1054,0.0745851259870509,0.498659496865215,0.287043878518536,0.294831403775236
Feature1055,0.876612392851308,0.303071481937645,0.522063429456179,0.0814679695142717
Feature1057,0.749670393015695,0.470044660093014,0.762063217835996,0.393324388244086
Feature1058,0.242371033859746,0.813638651419591,0.750262038267077,0.794551451592988
Feature1059,0.0529567471045966,0.0624012333749849,0.318850684861128,0.342305292027087
Feature1062,0.592208614396503,0.920650448547357,2.31989173658313e-05,0.000213507725657758
Feature1066,0.139717072462191,0.0236703435506538,0.00912609682637569,0.0120088805279998
Feature1067,0.796880111526871,0.142309024078248,0.00478602065242638,0.00731090284147248
Feature1068,0.0298171703509547,0.191402194079343,0.0180827235687061,0.0848843404855587
Feature1069,0.814620707387841,0.0244426301152345,0.00951363606223286,0.0123605148442233
Feature1073,0.65055714963867,0.610697402813296,0.687009960206901,0.380323693376072
Feature1075,0.822399592778683,0.576624418178088,0.522063429456179,0.183723642349848
Feature1076,0.867129600288192,0.614500896009026,0.551757548703288,0.147705192536278
Feature1078,0.36641094340594,0.222351005932048,0.447617599308771,0.373036843355353
Feature1081,0.863645859791555,0.310053391723078,0.864821514506961,0.272905379495746
Feature1083,0.540432577532581,0.0495579224849932,0.036081228602383,0.0523580317085872
Feature1084,0.00502257417305107,0.00893803810636719,0.000508636054718139,0.0185185207628368
Feature1085,0.00100126786542482,0.255859855573539,2.45341658794953e-05,0.0183219243864066
Feature1088,0.0751195264323993,0.26814886991852,0.121189040785923,0.00533188848267711
Feature1089,0.358682806215903,1,0.00205966675412007,0.111052383429029
Feature1090,0.0563139418408262,0.162425841928256,0.513063977439103,0.102559317021774
Feature1091,0.0839726640865947,0.156861341728174,0.0907637374909238,0.0120088805279998
Feature1092,0.0246953722106058,0.260922107881931,9.98148999254372e-06,0.00263205303487413
Feature1093,0.0295845213640726,0.237788822089426,0.60446365596181,0.0180844752151691
Feature1104,0.693743360220227,0.324611472575237,0.269925304208627,0.720437206392288
Feature1107,0.120422206517323,1,0.000510388242853473,0.0010604848655181
Feature1114,0.0903363539135768,0.514600871303151,9.44102158371354e-06,0.00992304248884209
Feature1116,0.0914933764363325,0.965002371561706,0.686694570652107,0.736409456175032
Feature1117,0.0141651960507628,0.344080607165088,0.263653594541073,0.123051144265929
Feature1118,0.486663491916048,0.151758085812399,0.000583063714249977,0.0680532558426002
Feature1119,1,0.676996337281999,0.493430634312105,0.373036843355353
Feature1120,0.757680762391769,0.689392160382468,0.507195549341233,0.136349759976862
Feature1130,0.000276345242786329,0.0324280775230353,9.51305855578788e-07,0.0568938060383454
Feature1131,0.918629580665575,0.0604704393752813,0.00290047320930038,0.0201025754488823
Feature1132,0.834088123012257,0.34116655634608,0.00340833215699437,0.0910168240714955
Feature1133,0.940652659239841,0.255840003013006,0.0368050731655814,0.220780688608984
Feature1134,1,0.0565985984878432,0.000678250715814627,0.0220035777744623
Feature1135,0.286514382967571,0.673356301544801,0.887682320471355,0.554134000398824
Feature1136,0.00201282266062754,0.171520998799798,2.354997544302e-05,0.19264306628378
Feature1137,0.00613762369172364,0.196360739343747,0.00187790008986226,0.191318390035359
Feature1138,0.0391615601745819,0.854622644303355,0.117610162414516,0.235572136284167
Feature1139,0.0131278412340538,0.683807413975667,0.262055437802897,0.281160555056271
Feature1140,0.0028939400624395,0.955154456380699,0.00154063206266204,0.0857162166489491
Feature1146,0.328650169432395,0.785368424182925,0.549256079835727,0.314294434044314
Feature1147,0.406031269044425,0.350825426323181,0.293416137510381,0.700782929723368
Feature1152,0.788721819159946,0.161630646025386,0.92062784490439,0.0167237309440071
Feature1155,0.701618854910843,0.198616119504074,0.796141277252235,0.0123605148442233
Feature1158,0.438462433646679,0.340240188897444,0.000917246536119091,0.00132627524861392
Feature1159,0.608533857616363,0.301951573516628,0.172170571698868,0.0201025754488823
Feature1163,0.557204356786676,0.838881898548785,0.0209630817925002,0.114421585710256
Feature1166,0.562648420116309,0.233060111522981,0.850645869669146,0.0706438162429043
Feature1173,0.0120597375624946,0.709672129218766,0.000244537124120117,2.60262307936188e-05
Feature1177,0.443828905410985,0.357321678232251,0.00682298045104368,0.00540921825837884
Feature1181,0.658777703999226,0.71161519876421,0.00118701801200966,0.00230310984528277
Feature1182,0.491532570727938,0.881953428080124,0.00252395389157283,0.00135668275348169
Feature1183,0.214684695755405,0.702139342092115,0.00340833215699437,0.0276437876674142
Feature1185,0.0040246523028258,0.147038024778732,1.23534204734254e-06,0.000821698322998596
Feature1187,0.457716787947213,1,0.209407707912232,0.0438878700096017
Feature1188,0.953675044786473,0.445912567893692,0.513536762805575,0.115884380019677
Feature1190,0.477024698379965,0.072445495482583,0.00481576741797211,0.0109909541192738
Feature1191,0.0551442005820192,0.484087931985182,0.0158894766414396,0.0910168240714955
Feature1193,0.286514382967571,0.30157980082072,0.209407707912232,0.183579183683551
Feature1194,0.0248882082263021,0.440324640648659,0.392090458360625,0.341407591673704
Feature1197,0.791212387682847,0.233060111522981,0.0601216878873588,0.180631941315367
Feature1198,0.000178007227822337,0.0111370867342354,4.72244273702023e-05,0.00480876114986151
Feature1200,0.144949825414003,0.0142931089518039,0.00438617010852187,0.00684395044292762
Feature1201,0.110324363194409,0.000855896832246393,0.000131445822270492,0.000200631014415206
Feature1202,0.346621869316795,0.287910669540094,0.0351901669713833,0.0360929239082601
Feature1204,0.0978458777537672,0.264454389796333,0.127814652595067,0.0504386347004577
Feature1205,0.509627779249833,0.0140749499693357,6.11791299864883e-05,2.28966928967456e-05
Feature1208,0.191037658094189,0.792352490265433,0.0140141276042458,0.345520482091106
Feature1209,0.144949825414003,0.779881878921994,0.345529085548077,0.0293156589908421
Feature1210,0.00598182300086889,0.301951573516628,0.232374306530071,0.668384599214086
Feature1217,0.244382316287967,0.339038799261275,0.777155100438792,0.00508133250449746
Feature1218,4.3557873190794e-06,0.0176807985862176,0.00134684626804903,0.00531316062719317
Feature1219,0.00735324455269405,1,0.0990082878036401,0.760093563236449
Feature1223,2.41700950725201e-05,0.000466469611659193,0.0368050731655814,0.000438664117584462
Feature1224,0.000146154162130818,0.00454063599105608,0.12694222139832,0.00634854061259876
Feature1225,0.000133948842469778,0.324611472575237,0.00199276025760151,0.0155775690007855
Feature1233,0.558308855038385,0.0247324490916018,0.0027038585314189,0.0860860510805147
Feature1235,0.953675044786473,0.308102383841144,1,0.0185185207628368
Feature1240,0.229266437778786,0.939134845717266,0.173053332682116,0.38146844013096
Feature1242,0.000239408120204149,0.03336335934284,0.0728841036631531,0.0542734657838375
Feature1245,1,0.316912608632756,0.756417516821709,0.0345088656427215
Feature1246,1,0.287099086356553,0.82077582038696,0.0293156589908421
Feature1250,0.648127497477351,0.636110913536172,0.496105664048545,0.116677012751305
Feature1254,1,0.310053391723078,0.618754084978185,0.711025188824458
Feature1255,0.977671874491579,0.316912608632756,0.974936747395977,0.175930208211101
Feature1256,0.504617346167687,0.017617417557735,0.000221768855799023,0.00044353773363179
Feature1257,0.328650169432395,0.919389369583392,0.887416297524148,0.337858986287708
Feature1262,0.943263758815054,0.779881878921994,0.231767071821033,0.562465473261469
Feature1264,0.172947959262177,0.713597530516411,0.392090458360625,0.0319184139243751
Feature1269,0.0709235629821414,0.627696341948091,0.0132287256393593,0.641518292520616
Feature1272,0.286514382967571,0.445912567893692,0.209501515446546,0.794669218234447
Feature1284,0.313424106771163,1,0.863602705434703,0.354425327242877
Feature1286,0.381009095370832,0.267917003904132,0.0385800503239188,0.00900141291904721
Feature1289,0.352464776534474,0.413653155060293,4.40501313374745e-05,0.133707173534628
Feature1290,0.235547040575596,0.303145371701805,6.27659636276708e-06,0.0999507714442218
Feature1295,0.787230947736071,0.724388172423074,0.0101654540448858,0.0130151472382234
Feature1296,0.00772212292928927,0.589948599368044,0.959846608556169,0.0797376040639894
Feature1297,0.468638070847107,0.787399165125986,0.0812748230128013,0.760093563236449
Feature1298,0.00931549790072793,0.316912608632756,0.235214087151525,0.185822486753921
Feature1299,0.242371033859746,0.294133137136014,0.974936747395977,0.00762927243966932
Feature1300,0.0141651960507628,0.46858296820812,0.893067944742703,0.363281073083316
Feature1315,0.401349712535056,0.366766961016963,0.00575626146060393,0.00838411908478935
Feature1316,0.192039440403578,0.0784636711142819,0.0013728921229707,0.0026175555619574
Feature1318,0.383205559637765,0.108130036601878,0.00288406309222795,0.00516721164560012
Feature1319,0.0250563800134158,0.941233196371412,0.826959946531262,0.00273434209879517
Feature1320,0.242371033859746,0.899311248057781,0.000974655202440706,1.37037056639292e-05
Feature1328,0.238886890690802,0.451128102571404,0.926590940935234,0.551882747422938
Feature1330,0.941431342115875,0.711308461261798,4.1082118869736e-06,8.88362975641112e-05
Feature1334,0.962682507148433,1,0.146767696810059,0.0201025754488823
Feature1338,0.00364615691852618,0.118212295598196,0.0924271629303155,0.0602178283864853
Feature1339,0.00622619403052697,0.815905637250475,0.0452500566403073,0.928107322511257
Feature1349,1,0.438343394213286,0.800802457195859,0.0144448140936311
Feature1351,0.0972061421029682,0.118212295598196,0.0142145322516726,0.0083656799549686
Feature1352,0.248108982596392,0.804798049720669,0.131416016416006,0.0210785585644855
Feature1354,0.66033527421209,1,0.00327433146093026,0.0623671215848118
Feature1355,0.477629454120662,0.267917003904132,0.0530608720395032,0.301454133337817
Feature1356,0.468638070847107,0.039510477276747,0.0172124326468461,0.0807416537089376
Feature1366,0.00178719856483396,0.196360739343747,0.40243569107333,0.373665811766991
Feature1368,0.642683630225318,0.43615299418008,0.10916962463614,0.022511153769096
Feature1370,1,0.20493706646851,0.0114491919357806,0.0977540408970631
Feature1374,0.481655097053416,0.202420657858655,0.800742004172695,0.174941008449951
Feature1375,0.585356953937584,0.752211620437171,0.710386019609008,0.467018661476884
Feature1379,0.333720252421026,0.714179485838703,0.522063429456179,0.309499759641429
Feature1381,0.00762144512435199,0.975609351926606,0.000134492509518847,6.94205368361918e-05
Feature1382,0.0551442005820192,1,0.0625426064733092,0.589671481939994
Feature1383,0.00856358999463059,0.0347610964005322,0.0012810304029424,0.0369353725476034
Feature1384,0.471820392272472,0.159740252551179,0.101173229359873,0.0919981018400765
Feature1385,0.514239341874869,0.0772416831359241,0.144713308282022,0.0146876004332634
Feature1387,0.412268005213965,1,0.264882039741857,0.0504386347004577
Feature1389,0.101275283785872,0.521942258042927,0.000220084454876841,0.00421241582723787
Feature1390,0.0199259572834139,0.70651148960808,0.000785632705255204,0.0078874096944162
Feature1391,0.0358780492279781,0.0480350849034065,0.119748169421964,0.0242176798999775
Feature1394,0.0463918130102677,0.45571897765527,0.392090458360625,0.525337249478813
Feature1395,0.0648648345259461,0.610697402813296,0.447617599308771,0.699283190685471
Feature1397,0.207369169323095,0.816822017651225,0.983236353813073,0.652170875321244
Feature1398,0.00142916744871417,0.039510477276747,9.24857437583786e-06,0.000119524909322737
Feature1403,0.471820392272472,0.328759301877565,0.0540870708794111,0.00436049953748505
Feature1407,0.562648420116309,0.700084315557143,0.058625457413322,0.056298490124639
Feature1408,0.17772240998814,0.000527919279120289,4.11084148055352e-07,1.48350305779437e-05
Feature1409,0.124688484261237,0.00278520683521878,6.82322491840637e-08,6.94205368361918e-05
Feature1410,0.000175495408898554,0.289464047303085,0.0132287256393593,0.0300396243429059
Feature1411,0.328650169432395,0.265015535714246,0.192898145135361,0.55425968146668
Feature1413,0.499407073709287,0.0532053823173437,0.0256457509235949,0.116885132368408
Feature1414,0.0650987751085625,0.0606140865043401,0.000157580468190895,0.0105671910206391
Feature1417,0.309216491871759,0.883382203603223,0.268935869418467,0.644742460609267
Feature1418,0.00100126786542482,0.350825426323181,0.00048327921268416,0.0227689695596139
Feature1420,0.418333180861222,0.371081439115752,0.0540870708794111,0.285139724687385
Feature1421,1,1,0.0142757270406803,0.174941008449951
Feature1424,1,0.254665855212552,0.959276764346755,0.0192390238857999
Feature1427,0.872146942623465,0.0211874915232419,0.0657308346874042,0.360202028779536
Feature1430,0.471820392272472,0.159050735633996,0.100157773023569,0.0910525208679062
Feature1432,1,1,0.000473289693567588,0.0829971878143092
Feature1433,0.0676281692053361,0.064344652277828,0.000110950526527344,1
Feature1434,0.202407139038562,0.526226358965934,0.00646625010343577,0.0411906010193643
Feature1435,0.108717428763918,0.056107601837685,0.00401844980214482,0.0459092235370477
Feature1436,0.481655097053416,0.0891834723844749,0.027290151087795,0.000187760131394769
Feature1437,0.035787098593915,0.168231723552119,0.315230297877268,0.503669208784437
Feature1438,1,1,1.4525004964744e-05,0.0629364170218769
Feature1439,0.724906373795238,0.614500896009026,0.551757548703288,0.373036843355353
Feature1440,0.365663758157737,0.687383912156135,0.00487768799742307,0.000316807874768431
Feature1441,1,0.714179485838703,0.277618671195627,0.689268963981964
Feature1451,0.550448020861895,0.37217101149314,0.410492300918151,0.000438664117584462
Feature1452,0.477629454120662,0.157109269385385,0.0186331006287362,0.0215050902234142
Feature1454,0.0914845818472504,0.0715215335901458,0.00635407244284828,0.00909589744890581
Feature1457,0.53883672727593,0.676996337281999,0.91262879614253,0.107269659746533
Feature1460,0.788721819159946,1,0.00969448511314209,0.0741933120575231
Feature1461,0.00856358999463059,0.0159853679957379,0.00486863998678862,0.00749312591718709
Feature1462,1,0.286952238985126,0.687161902186305,0.358287091700532
Feature1463,0.896932801594655,0.287099086356553,0.392090458360625,0.0542734657838375
Feature1466,0.0156367273284448,0.0627937374668379,0.171454621009765,0.0633986557453893
Feature1467,1,1,0.0278409307520807,0.123051144265929
Feature1468,0.00129587668804797,0.00893803810636719,1,1.56758381943956e-05
Feature1469,0.0944051922114786,0.949625291463095,0.756417516821709,0.0493097779057375
Feature1470,0.0388005860002833,0.8561127878597,0.321171581865227,0.598273030365623
Feature1472,0.0358612102391262,0.286952238985126,0.644944829644795,0.0241579161762543
Feature1484,0.192843840076669,0.287099086356553,0.0252293991016366,0.0274496609591354
Feature1488,0.00201282266062754,0.201276245882025,0.0186038428032564,0.00518748547652004
Feature1490,0.26324754692329,0.310559807609444,0.00942075204811463,0.167506786174734
Feature1491,0.0132911053674415,0.0213667002523227,0.00785102232611144,0.0106833532479396
Feature1492,0.00334258646238343,0.00566092250380647,0.00105714631209445,0.0276437876674142
Feature1495,0.0250563800134158,0.580199933901496,0.0150488092339417,0.0183361690577318
Feature1497,0.462857579695994,0.00830364405344277,4.11084148055352e-07,1.20193664376878e-06
Feature1498,0.0028939400624395,0.632756712182142,0.0287437724868086,0.747414718123694
Feature1499,0.282476920204443,0.0126625821122926,0.000830933305326909,0.0188495557887982
Feature1500,8.79352710374854e-06,0.00473551355006507,4.24515116769564e-06,0.0335297255947244
Feature1501,0.336865359831408,1,0.864821514506961,0.336407675393706
Feature1502,0.0365142763986219,0.684956840417167,0.144131238230019,0.0705945341474989
Feature1506,0.811925916576577,0.0512459625283492,0.563119581285801,0.0729307998667043
Feature1507,0.00027808653284523,0.0140749499693357,0.235214087151525,0.0639551203275925
Feature1508,0.0228223829048548,0.142309024078248,4.93596854210328e-05,0.000138058646840255
Feature1509,0.00141588973720903,0.0278818183488219,0.000193605017386354,0.000171309652955901
Feature1510,0.436066528876828,0.341342087744709,0.2926604065568,0.254286015323589
Feature1511,0.160771076524001,0.440324640648659,0.938491503414657,1
Feature1518,0.0240652540662739,0.134593816637646,0.0746113138387709,0.0175130655554384
Feature1521,1,0.0691563214128094,0.00908796563552422,0.00175917119144334
Feature1522,0.00126506747748863,0.326180073753732,1.28897412021711e-07,0.00702268215193468
Feature1523,0.481655097053416,0.148897469015057,0.742056552698854,0.0459092235370477
Feature1526,0.514239341874869,0.118084799180172,0.0292910545773986,0.311198448199739
Feature1535,0.176288034294113,0.172999496920962,1.25224628779822e-05,9.41752705807541e-06
Feature1537,0.91595223717864,0.821036063763707,0.479990711382314,0.0330637531525317
Feature1538,0.438359504390964,0.155094544383791,0.363547972773154,0.0265841269502557
Feature1539,0.814620707387841,0.287884803722004,0.464836610540244,0.0799474605083855
Feature1540,0.768770994949627,0.810786505049051,0.853348356060035,0.319097140600703
Feature1541,0.404095290461762,1,0.854949428798094,0.31539495684072
Feature1546,0.984976801878339,0.466692709546104,0.287043878518536,0.699657563311336
Feature1548,0.13756236718472,0.147752348286467,0.719033507265791,0.634504150037628
Feature1549,1,1,0.00154063206266204,0.131110198652464
Feature1556,0.818377111863481,0.296609095890016,0.71993476715782,0.0492586986032543
Feature1557,0.814620707387841,0.447679217272821,0.58259636856422,0.0760195631474551
Feature1564,0.438462433646679,0.032421045758522,0.0134201871942501,0.0167072009215866
Feature1565,0.320731400488767,0.039510477276747,0.0173380584359956,0.0201025754488823
Feature1566,0.477629454120662,0.817934717874539,0.948180398677032,0.584250879025141
Feature1567,0.608533857616363,0.747530704401448,0.68741308354076,0.222449815782886
Feature1569,0.0146601348801864,0.0236703435506538,0.0431806755753384,0.0673114095380153
Feature1570,0.393576297078504,0.687724254208937,6.03330568453015e-05,0.349381295433294
Feature1571,0.242371033859746,0.161630646025386,0.970590616321581,0.00110087915155042
Feature1572,0.468638070847107,0.714179485838703,0.0490634681415168,0.0483870152812111
Feature1578,0.0104731557593871,0.255859855573539,0.487687048513122,0.0787297501807712
Feature1580,0.108487004831675,0.546124671665751,0.880173889817094,0.298220303146834
Feature1581,0.0914933764363325,0.335234702791792,0.28509295265683,0.794551451592988
Feature1582,0.322967094232138,0.301951573516628,0.0500310319514064,0.395805782622198
Feature1583,0.328650169432395,0.215898570147905,0.116592662048243,0.438410697326229
Feature1584,0.18121221607654,0.0290472560383726,0.083503935577413,0.0059120965011228
Feature1594,0.000654150715058939,0.220263237621667,0.00576830210798193,0.00720601287386541
Feature1595,0.0255110038498405,0.241816304152077,0.0154888338832992,0.0185185207628368
Feature1596,0.03509818238094,0.768568573490198,0.0209797030023325,0.0235975987497252
Feature1600,0.083263614671752,0.125107410380173,0.00689228108592736,0.00137382472253282
Feature1601,0.788721819159946,0.058925526355343,0.00268145424775792,0.0185185207628368
Feature1606,1,0.0532053823173437,1,0.156881618583458
Feature1607,0.214684695755405,0.764503994504776,0.0292910545773986,0.175930208211101
Feature1608,0.0709235629821414,0.449912626200485,0.0434171052494434,0.182845057582372
Feature1610,0.346621869316795,0.907620950433791,0.868537136848916,0.322224810180043
Feature1611,1,0.0984347719803089,0.0320201915260669,0.250120801681531
Feature1612,0.444951919770415,0.454858607328667,0.00478602065242638,0.00625226918914182
Feature1613,1,0.0703637891214606,0.0378524659014897,0.0390128733411498
Feature1614,1,0.0181917480093315,0.00635407244284828,0.00909589744890581
Feature1615,0.329973734584037,0.217487435617964,5.53945120457097e-06,0.0504723163329491
Feature1616,1,0.039510477276747,0.0175008919216151,0.0203517214551017
Feature1617,0.0044912369920569,0.00383801448188924,0.108222802523269,0.0708693780597569
Feature1621,0.984976801878339,0.46858296820812,0.65805985428888,0.0324903464440144
Feature1630,0.248108982596392,0.344309056336643,0.295709132200476,0.258547096447996
Feature1631,1,0.0162429470477601,0.00497011212840474,0.0452261014968549
Feature1632,0.331418508843277,0.0227504292728476,0.00845314098973279,0.0113752086049343
Feature1633,0.252821098935402,0.785368424182925,0.853348356060035,0.753128382255013
Feature1636,0.695294238306434,0.260922107881931,0.948427171052352,0.0144448140936311
Feature1645,0.620734275848588,0.316912608632756,0.642232180450203,0.116885132368408
Feature1646,0.0524345235677716,0.216190503330503,0.0317171913376019,0.0329078079411193
Feature1653,1,0.489522946249644,0.602089252075981,0.985742195051076
Feature1654,1,0.321568134933751,0.60446365596181,0.805924428253215
Feature1661,0.608533857616363,0.237355757233707,0.802595417944773,0.28069952674908
Feature1663,0.558164230663509,0.0670715976986062,0.036081228602383,0.233236331664023
Feature1665,0.0582790824858757,0.306146711223667,6.82322491840637e-08,0.000171309652955901
Feature1667,0.0769248624091806,0.0111370867342354,0.0490634681415168,0.00364437495619637
Feature1672,0.385027558256042,1,0.897716444403904,0.677694990720235
Feature1674,0.788721819159946,0.817934717874539,0.756417516821709,0.16005629467853
Feature1675,1,0.764503994504776,0.622423558263344,0.208410229375181
Feature1677,0.124290430486926,0.00383476857471979,0.148693024849729,1
Feature1678,0.896932801594655,0.713597530516411,0.891923955161266,0.114491478525777
Feature1680,0.00277846009080797,0.485411013934021,0.6833148263227,0.0629856063908777
Feature1681,0.00100126786542482,0.46858296820812,0.820149250596992,0.0224578614144474
Feature1682,0.477629454120662,0.00134026191456116,1,0.0172508856470014
Feature1686,6.06061984744777e-06,0.000590799417156868,2.6556191105971e-07,0.00480876114986151
Feature1687,7.42879013770903e-06,0.00285012085256748,2.04799783909415e-07,0.0175084598146871
Feature1688,0.504617346167687,0.146256058246389,0.0863824028328734,0.0797376040639894
Feature1690,0.1339627219137,0.0227504292728476,0.0629174938681093,0.027885144806131
Feature1691,0.864506837066078,0.326628418111028,0.887780230527817,0.115420486681511
Feature1693,1,0.3203211728637,0.964123084091601,0.0689178801501574
Feature1694,0.808538414661841,0.064344652277828,0.611343485792211,0.0197666046829576
Feature1700,0.00127802215201399,0.210406962820067,0.000627745612361706,0.00592000127233505
Feature1708,1,0.0391544319069338,0.00342161846716732,0.021950038439209
Feature1709,0.21035917295493,0.0624895881327318,0.316194297205309,0.0993738254394908
Feature1714,0.0120597375624946,0.345659207793585,0.177092855070341,0.180762548565462
Feature1725,0.0400928209691118,1,0.0915619038944852,0.579956700041915
Feature1726,0.631776552382766,0.0780846598716792,0.043906384068532,0.250145545483388
Feature1727,0.632618611874865,0.179032833564825,0.711603846162529,0.314588041980439
Feature1729,0.578367037180457,1,0.869180718573863,0.191318390035359
Feature1731,0.226608022526857,0.724388172423074,0.94651108827809,0.787692710662603
Feature1732,0.790425151561289,0.0387702024088412,0.00207345149220804,0.0492586986032543
Feature1733,0.872146942623465,1,0.934328869022177,0.0639551203275925
Feature1734,0.695633183934998,1,1,0.0633986557453893
Feature1737,0.0532534791780134,0.94772725931532,0.0699658793574604,0.438960638909924
Feature1738,0.0626138966767508,0.980427820000128,0.0231839177438427,0.570486282087903
Feature1740,0.481655097053416,0.164784644124857,1,0.0631327139280792
Feature1743,0.209280981571577,0.728924418045506,0.650547589295201,0.123051144265929
Feature1745,0.896932801594655,0.306146711223667,0.893067944742703,0.0185185207628368
Feature1746,0.892390958660449,0.316912608632756,0.946778738133276,0.319602967509203
Feature1747,0.788721819159946,0.326418988636502,0.948427171052352,0.283849222371142
Feature1750,0.0018836435341103,0.339038799261275,0.531263712558033,0.126895404928239
Feature1751,0.000729049712187319,0.159740252551179,0.875488082523984,0.11526301370826
Feature1758,0.938509866349482,0.310053391723078,0.970590616321581,0.219790331562921
Feature1760,0.000105085331091807,0.00614242614779505,5.81081495701577e-06,0.00364437495619637
Feature1761,0.282476920204443,0.597842132059306,0.00662481245213013,0.00944484961662145
Feature1783,0.00243054185181101,0.8558144715893,1,0.19697960956531
Feature1787,0.761896493500391,0.162031198895211,0.104843737625515,0.390072529779363
Feature1790,0.438359504390964,0.862555861510065,0.836411614038103,0.322224810180043
Feature1791,0.411347785733882,0.501138854954424,0.426024501173086,0.403063482733873
Feature1793,0.967110516145499,0.326180073753732,0.641025502428934,0.0928255321734304
Feature1794,0.455523837012595,0.339038799261275,0.823120879017657,0.0681064251288418
Feature1795,1,0.361307703756396,0.584250456480372,0.12682124632766
Feature1796,0.620734275848588,0.146445815510687,0.086812756309099,0.0799474605083855
Feature1797,0.624052884494649,0.254884962470424,0.450837671530475,0.0639551203275925
Feature1798,1,0.389574795600455,0.821568209657383,0.117584314404718
Feature1799,0.000175495408898554,0.439322780784427,0.959276764346755,0.020368377906975
Feature1800,0.00334258646238343,0.833498192653551,0.964123084091601,0.0542734657838375
Feature1801,0.393421981676485,0.0391544319069338,0.048000288289954,0.0380507268507628
Feature1802,0.0036152032595404,0.292289736171316,0.0222510092423004,0.18694759827838
Feature1804,0.383205559637765,0.346064392413535,0.29947494970467,0.261767339665692
Feature1805,1.15718341590076e-05,0.00931920724035125,0.639809085726268,0.00017669073307242
Feature1807,0.804231497568679,0.43615299418008,0.225969087928685,0.868108767160267
Feature1809,0.477629454120662,0.857302746008991,0.8479974393295,0.373665811766991
Feature1810,0.550448020861895,0.857302746008991,0.806279780222579,0.325581314915901
Feature1812,0.418333180861222,0.254665855212552,0.879398015717833,0.0128788595609594
Feature1814,0.437506331171708,0.118255855900784,2.45341658794953e-05,0.0460270330292238
Feature1815,0.55170437685391,0.345016696639545,0.000791087722855307,0.00684395044292762
Feature1816,0.835103935779736,0.316912608632756,0.639809085726268,0.155627177865809
Feature1817,0.627580473219347,0.337503078264514,0.943840219387022,0.0210495529423932
Feature1818,0.328650169432395,0.762233603672893,0.0330912654467529,0.318825933363926
Feature1822,0.346621869316795,0.0624012333749849,0.00164214876423473,0.0700543950159244
Feature1823,0.383205559637765,0.0140749499693357,0.0041619424271398,0.132154811996128
Feature1827,7.38708729423424e-06,0.00931920724035125,0.424302266645918,0.000250968524908697
Feature1828,0.692853526404702,1,0.922045771847183,0.600866716797891
Feature1829,0.65780556597547,0.0532053823173437,0.0354953508461325,0.00154441516906187
Feature1830,1,0.357321678232251,0.634391676909259,0.111561855993337
Feature1831,0.000162600762701787,0.0323752059122449,6.85870529438595e-05,0.0427224577340536
Feature1832,0.00227014842111899,0.000855896832246393,0.00031462096646861,0.00178674867496669
Feature1833,0.984976801878339,0.0784636711142819,0.00245101510339026,0.00598392193547579
Feature1834,0.0194409064201998,0.0176807985862176,0.00170982667206925,0.0329078079411193
Feature1835,0.438359504390964,0.0670715976986062,0.050669311670161,0.000678703741350077
Feature1837,0.588680929760868,0.346064392413535,0.000363882445510283,0.00720601287386541
Feature1840,0.147348375606728,0.162031198895211,0.00327433146093026,0.0119970900501018
Feature1841,0.772657537781409,0.57552688123813,0.00164214876423473,0.116445718923472
Feature1842,0.55170437685391,0.629193438743944,0.850645869669146,0.373374804875673
Feature1845,0.977671874491579,0.866914290254489,0.63324476212366,0.156881618583458
Feature1846,0.957943412804802,0.43615299418008,0.329530513163411,0.0486563489007176
Feature1847,0.493816983462208,0.488935937059466,0.522063429456179,0.056298490124639
Feature1848,0.833344544859039,0.576624418178088,0.00778431781110569,0.0106784868375501
Feature1849,0.191174619054984,0.43739288992122,0.386792073014234,1
Feature1851,0.0577987311517413,0.368184966061077,0.236020942696599,0.0492586986032543
Feature1852,0.166441584373809,0.148897469015057,0.139433722063768,0.0227887992652263
Feature1853,0.485355094542717,0.316912608632756,0.699138152665087,0.631527842714091
Feature1854,0.0507958962053957,0.0707133963132303,1,0.0349955548344902
Feature1855,0.867129600288192,0.0495579224849932,0.293416137510381,0.00533188848267711
Feature1856,0.638138267412089,0.0881722258618496,0.646835026622125,0.0139161381088191
Feature1858,0.328650169432395,0.325080224494462,0.613803652194906,0.0314313536021933
Feature1859,0.124746616503276,0.050243738460725,0.144096412773642,0.00569600096031534
Feature1860,0.258180116941746,0.316912608632756,0.25687816538284,0.22171612917025
Feature1861,0.018161661034206,0.526226358965934,0.676327767382809,0.252201775492976
Feature1862,0.577618148972052,0.142309024078248,0.000803201828985478,0.00154267307172499
Feature1863,0.514239341874869,0.812989453264002,0.77480421357881,0.11526301370826
Feature1867,0.788721819159946,0.0959610841554,0.0540870708794111,0.0521893753828818
Feature1868,0.118119368571286,0.0131480156014562,0.697517698435822,0.00441337462524376
Feature1869,0.101275283785872,0.0323752059122449,1.23534204734254e-06,0.000213507725657758
Feature1874,0.648120940715629,0.837988992733261,0.864821514506961,0.360202028779536
Feature1876,1.87066537660208e-06,0.000590799417156868,4.32859023513643e-07,0.00531316062719317
Feature1877,0.658777703999226,0.170527662511367,0.111449278886396,0.382693532177563
Feature1880,0.112974557265803,0.955154456380699,0.683191109571026,0.535183395175797
Feature1883,0.436193787561921,0.064344652277828,0.0344430412599969,0.159022306845943
Feature1889,1.87066537660208e-06,0.000590799417156868,0.425886118290411,0.0010604848655181
Feature1890,0.999850660979988,0.323461519534054,0.670021574578727,0.245710647982115
Feature1891,0.00604125660407644,0.0463754561772024,0.00335122729390871,0.00551201065572229
Feature1892,0.808074679918042,0.0187011821719997,0.00048327921268416,0.000518410945708872
Feature1893,0.00178719856483396,0.00212917753883146,3.49717144132455e-10,1.20193664376878e-06
Feature1894,0.229451919995367,0.15112629781263,0.0920797025408113,0.0846762875328219
Feature1895,1,0.0784670118990335,0.0617226546858969,0.0617392969426834
Feature1896,1.87066537660208e-06,0.000224888590569794,0.0669895668248634,5.69888682246773e-05
Feature1897,7.38708729423424e-06,0.000590799417156868,0.695105398096393,0.00420131608776316
Feature1900,0.481655097053416,0.26814886991852,0.710386019609008,0.38146844013096
Feature1910,0.538809625870781,0.834057187923746,0.836411614038103,0.278330124673212
Feature1912,0.747316483294677,0.212339695085172,0.926590940935234,0.104914429070363
Feature1913,4.4498071714935e-05,0.000466469611659193,0.0368506171575726,0.000417924691043789
Feature1914,2.33944917584137e-06,0.000494161986920588,0.392090458360625,0.000632366415061842
Feature1916,3.8982029603174e-06,0.000426835664584531,0.0742879617504969,9.823448821453e-05
Feature1917,3.96269642108926e-05,0.000527919279120289,0.727772374037563,0.00364437495619637
Feature1920,0.550448020861895,0.986105343266609,0.00486863998678862,0.291557197411782
Feature1921,0.00891207082847336,0.0162429470477601,0.0358681446964015,0.00762927243966932
Feature1922,0.499407073709287,0.287099086356553,0.105434275922833,1
Feature1923,1,1,0.116592662048243,0.0391769978382842
Feature1924,0.215071485460624,0.0140749499693357,0.7140762336593,0.00909589744890581
Feature1926,0.646567763193821,0.304328738565314,0.992095161394382,0.18776560236746
Feature1927,0.00364615691852618,0.997397025596449,0.000751548263495698,0.0120088805279998
Feature1933,0.00126934963714554,0.00280343348147203,0.209375954716313,0.00625226918914182
Feature1934,0.252821098935402,0.433912434372981,0.380100466423745,0.331771531365967
Feature1936,0.0146601348801864,0.0234133584045833,0.00884377175077215,0.0118820532485607
Feature1939,0.00129587668804797,0.0140749499693357,0.21920035839342,0.0106784868375501
Feature1940,0.0157640210323844,0.0244426301152345,0.058323114100676,0.0123605148442233
Feature1942,0.0100699696339699,0.0176807985862176,0.00592351090541111,0.00869349915519927
Feature1943,0.0146601348801864,0.0234133584045833,0.0699658793574604,0.0119922187172164
Feature1944,3.17616645195578e-05,0.0211874915232419,0.229693147865042,0.00762927243966932
Feature1945,3.45393964588991e-05,0.0074026468843395,0.107745288998597,0.00424042375871279
Feature1946,0.684472871846219,0.0624012333749849,0.0319359245244918,0.141227073468639
Feature1948,0.00931549790072793,0.148897469015057,0.000926884829929881,0.00175167290430799
Feature1949,0.0368806293725028,0.0495579224849932,0.112999599050834,0.0249935647312764
Feature1950,0.00618934935062358,0.0128944778749268,0.00341953156616463,0.022511153769096
